name,niche,city,phone,address,rating,reviews,website,website_bucket,maps_url,reachable,https,final_url,mobile_viewport,copyright_year,page_size_kb,load_ms,red_flags,lead_score
Reid Brothers Plumbing and Heating Ltd.,plumber,Richmond BC,(604) 263-0323,"1636 W 75th Ave, Vancouver, BC V6P 6G2, Canada",4.7,459,https://www.reidbrothers.ca/?utm_source=google&utm_medium=organic&utm_campaign=gbp,real,https://maps.google.com/?cid=17221972103145943999&g_mp=Cidnb29nbGUubWFwcy5wbGFjZXMudjEuUGxhY2VzLlNlYXJjaFRleHQQAhgEIAA,yes,yes,https://www.reidbrothers.ca/?utm_source=google&utm_medium=organic&utm_campaign=gbp,yes,2023,189,8196,stale_copyright_2023;slow_load,70
Adanac Roofing & Gutters,roofing contractor,Surrey BC,(604) 888-1616,"22116 88 Ave, Langley Twp, BC V1M 3S8, Canada",4.9,316,https://www.adanac.ca/,real,https://maps.google.com/?cid=9146511349727166042&g_mp=Cidnb29nbGUubWFwcy5wbGFjZXMudjEuUGxhY2VzLlNlYXJjaFRleHQQAhgEIAA,yes,yes,https://www.adanac.ca/,yes,2026,187,212,,70
Absolute Roof Solutions,roofing contractor,Surrey BC,(604) 263-0334,"1680 W 75th Ave, Vancouver, BC V6P 6G2, Canada",4.9,314,https://absoluteroof.ca/?utm_source=gmb&utm_medium=organic&utm_campaign=main,real,https://maps.google.com/?cid=2414315686397878444&g_mp=Cidnb29nbGUubWFwcy5wbGFjZXMudjEuUGxhY2VzLlNlYXJjaFRleHQQAhgEIAA,yes,yes,https://absoluteroof.ca/?utm_source=gmb&utm_medium=organic&utm_campaign=main,yes,2026,197,389,,70
Northwood Roofing Ltd.,roofing contractor,Langley BC,(604) 308-4819,"20540 Duncan Way #502, Langley, BC V3A 7A3, Canada",4.8,229,https://northwoodroofing.com/,real,https://maps.google.com/?cid=16511525735363632041&g_mp=Cidnb29nbGUubWFwcy5wbGFjZXMudjEuUGxhY2VzLlNlYXJjaFRleHQQAhgEIAA,yes,yes,https://northwoodroofing.com/,yes,2026,390,1316,,70
Coast Mountain Roof,roofing contractor,Langley BC,(604) 420-1657,"6286 203 St C130, Langley Twp, BC V2Y 3S1, Canada",4.8,157,https://coastmountainroof.com/,real,https://maps.google.com/?cid=9145220680784535202&g_mp=Cidnb29nbGUubWFwcy5wbGFjZXMudjEuUGxhY2VzLlNlYXJjaFRleHQQAhgEIAA,yes,yes,https://coastmountainroof.com/,yes,2011,199,946,stale_copyright_2011,70
Whonnock Roofing Ltd,roofing contractor,Langley BC,(604) 462-7638,"20172 113b Ave #5, Maple Ridge, BC V2X 0Y9, Canada",4.9,287,https://www.whonnockroofing.com/,real,https://maps.google.com/?cid=8401556887028344755&g_mp=Cidnb29nbGUubWFwcy5wbGFjZXMudjEuUGxhY2VzLlNlYXJjaFRleHQQAhgEIAA,yes,yes,https://www.whonnockroofing.com/,yes,2026,124,964,,70
Penfolds Roofing & Solar,roofing contractor,Langley BC,(604) 254-4663,"2230 Hartley Ave, Coquitlam, BC V3K 6X3, Canada",4.7,415,https://www.penfoldsroofing.com/?utm_source=local&utm_medium=organic&utm_content=website&utm_campaign=gmb,real,https://maps.google.com/?cid=14526006948786240765&g_mp=Cidnb29nbGUubWFwcy5wbGFjZXMudjEuUGxhY2VzLlNlYXJjaFRleHQQAhgEIAA,yes,yes,https://www.penfoldsroofing.com/?utm_source=local&utm_medium=organic&utm_content=website&utm_campaign=gmb,yes,2026,68,769,,70
Cooper Roofing,roofing contractor,Langley BC,(604) 674-0319,"1285 W Broadway #600, Vancouver, BC V6H 3X8, Canada",4.8,260,https://cooperroofs.ca/?utm_source=googlebusinessprofile&utm_medium=Organic&utm_campaign=GoogleBusinessProfile,real,https://maps.google.com/?cid=12054044905700172764&g_mp=Cidnb29nbGUubWFwcy5wbGFjZXMudjEuUGxhY2VzLlNlYXJjaFRleHQQAhgEIAA,yes,yes,https://cooperroofs.ca/?utm_source=googlebusinessprofile&utm_medium=Organic&utm_campaign=GoogleBusinessProfile,yes,2026,243,203,,70
Canuck Roofing Ltd.,roofing contractor,Burnaby BC,(778) 772-1969,"4238 Lozells Ave #104, Burnaby, BC V5A 0C4, Canada",4.9,225,https://www.canuckroofing.ca/,real,https://maps.google.com/?cid=15221571728801651122&g_mp=Cidnb29nbGUubWFwcy5wbGFjZXMudjEuUGxhY2VzLlNlYXJjaFRleHQQAhgEIAA,yes,yes,https://canuckroofing.ca/,yes,,326,1276,,70
ClearView Home Services,roofing contractor,Maple Ridge BC,(604) 944-9972,"21108 Dewdney Trunk Rd, Maple Ridge, BC V2X 3E9, Canada",4.9,636,https://cvhomeservices.com/,real,https://maps.google.com/?cid=16888362697555938950&g_mp=Cidnb29nbGUubWFwcy5wbGFjZXMudjEuUGxhY2VzLlNlYXJjaFRleHQQAhgEIAA,yes,yes,https://cvhomeservices.com/,yes,,327,176,,70
Langley Roofing,roofing contractor,Langley BC,(423) 407-2606,"2211 Hickory Valley Rd, Chattanooga, TN 37421, USA",4.8,1545,http://www.langleyroofs.com/?utm_campaign=gmb,real,https://maps.google.com/?cid=5167312653675431535&g_mp=Cidnb29nbGUubWFwcy5wbGFjZXMudjEuUGxhY2VzLlNlYXJjaFRleHQQAhgEIAA,yes,yes,https://www.langleyroofs.com/?utm_campaign=gmb,yes,2026,151,399,,70
Plumber Today,plumber,Burnaby BC,(604) 561-6443,"3038 E 18th Ave, Vancouver, BC V5M 2R3, Canada",5,99,http://www.plumbertoday.ca/,real,https://maps.google.com/?cid=7032834867366576735&g_mp=Cidnb29nbGUubWFwcy5wbGFjZXMudjEuUGxhY2VzLlNlYXJjaFRleHQQAhgEIAA,yes,no,http://www.plumbertoday.ca/,no,2020,31,14142,not_mobile_ready;stale_copyright_2020;no_ssl;slow_load,69
Busy Boys Roofing Ltd,roofing contractor,Surrey BC,(604) 418-5500,"3418 164a St, Surrey, BC V3Z 0G5, Canada",5,198,http://busyboysroofing.com/,real,https://maps.google.com/?cid=6430212016505976748&g_mp=Cidnb29nbGUubWFwcy5wbGFjZXMudjEuUGxhY2VzLlNlYXJjaFRleHQQAhgEIAA,yes,yes,https://busyboysroofing.com/,yes,2025,49,570,,69
Crown Roofing LTD,roofing contractor,Richmond BC,(604) 370-6288,"11860 Hammersmith Wy Unit 118, Richmond, BC V7A 5G1, Canada",4.9,149,https://www.crownroofingltd.com/?utm_source=GMB&utm_medium=organic,real,https://maps.google.com/?cid=16818504884779853335&g_mp=Cidnb29nbGUubWFwcy5wbGFjZXMudjEuUGxhY2VzLlNlYXJjaFRleHQQAhgEIAA,yes,yes,https://www.crownroofingltd.com/?utm_source=GMB&utm_medium=organic,yes,2008,69,478,stale_copyright_2008,69
J J Roofing Services Ltd.,roofing contractor,Surrey BC,(604) 726-6345,"10660 140 St, Surrey, BC V3T 4N7, Canada",4.8,130,http://www.jjroofing.ca/,real,https://maps.google.com/?cid=16264343417068584841&g_mp=Cidnb29nbGUubWFwcy5wbGFjZXMudjEuUGxhY2VzLlNlYXJjaFRleHQQAhgEIAA,yes,yes,https://jjroofing.ca/,yes,2021,168,4272,stale_copyright_2021,68
Millwall Roofing,roofing contractor,Coquitlam BC,(604) 763-1930,"2090 W 1st Ave, Vancouver, BC V6J 1G8, Canada",4.9,187,http://www.millwallroofing.com/,real,https://maps.google.com/?cid=12397944451413214655&g_mp=Cidnb29nbGUubWFwcy5wbGFjZXMudjEuUGxhY2VzLlNlYXJjaFRleHQQAhgEIAA,yes,yes,https://millwallroofing.com/,yes,,94,2544,,68
Army Roofing Inc.,roofing contractor,Surrey BC,(778) 686-7663,"4921 Coleman Pl, Delta, BC V4K 3H8, Canada",4.7,174,https://armyroofing.com/?utm_source=google&utm_medium=organic&utm_campaign=gmb,real,https://maps.google.com/?cid=9240976731804061552&g_mp=Cidnb29nbGUubWFwcy5wbGFjZXMudjEuUGxhY2VzLlNlYXJjaFRleHQQAhgEIAA,yes,yes,https://armyroofing.com/?utm_source=google&utm_medium=organic&utm_campaign=gmb,yes,2026,182,167,,67
Alphanova Roofing,roofing contractor,Richmond BC,(604) 262-0656,"601 W Broadway, Vancouver, BC V5Z 4C2, Canada",5,171,https://alphanovaroofing.ca/,real,https://maps.google.com/?cid=11483276236616080340&g_mp=Cidnb29nbGUubWFwcy5wbGFjZXMudjEuUGxhY2VzLlNlYXJjaFRleHQQAhgEIAA,yes,yes,https://alphanovaroofing.ca/,yes,,299,534,,67
All Star Roofing,roofing contractor,Richmond BC,(778) 951-4600,"422 Richards St Ste 170, Vancouver, BC V6B 2Z4, Canada",5,124,http://allstarroofingvancouver.ca/,real,https://maps.google.com/?cid=9140542375621834800&g_mp=Cidnb29nbGUubWFwcy5wbGFjZXMudjEuUGxhY2VzLlNlYXJjaFRleHQQAhgEIAA,yes,yes,https://www.allstarroofingvancouver.ca/,yes,2024,176,2672,stale_copyright_2024,67
Nika Roofing Ltd.,roofing contractor,North Vancouver BC,(778) 858-7122,"1110 27th St, North Vancouver, BC V7J 1S2, Canada",5,119,http://www.nikaroofing.ca/,real,https://maps.google.com/?cid=7276075243363413628&g_mp=Cidnb29nbGUubWFwcy5wbGFjZXMudjEuUGxhY2VzLlNlYXJjaFRleHQQAhgEIAA,yes,no,http://www.nikaroofing.ca/,yes,,36,183,no_ssl,66
"Milani Plumbing, Heating & Air Conditioning",plumber,Surrey BC,(604) 580-2603,"10581 King George Blvd, Surrey, BC V3T 2X5, Canada",4.8,1617,https://www.milani.ca/locations/surrey-bc/?utm_source=gmb&utm_medium=organic&utm_campaign=Surrey,real,https://maps.google.com/?cid=9744865354156869830&g_mp=Cidnb29nbGUubWFwcy5wbGFjZXMudjEuUGxhY2VzLlNlYXJjaFRleHQQAhgEIAA,yes,yes,https://www.milani.ca/locations/surrey-bc/?utm_source=gmb&utm_medium=organic&utm_campaign=Surrey,yes,2008,132,967,stale_copyright_2008,65
John Sadler Plumbing & Heating,plumber,Surrey BC,(604) 531-4355,"3739 155 St, Surrey, BC V3Z 0H1, Canada",5,246,http://johnsadler.ca/,real,https://maps.google.com/?cid=16402964240501371298&g_mp=Cidnb29nbGUubWFwcy5wbGFjZXMudjEuUGxhY2VzLlNlYXJjaFRleHQQAhgEIAA,http_403,yes,https://johnsadler.ca/,no,,0,345,not_mobile_ready,65
"Milani Plumbing, Heating & Air Conditioning",plumber,Surrey BC,(604) 888-8888,"5526 Kingsway, Burnaby, BC V5H 2G2, Canada",4.9,12523,https://www.milani.ca/locations/burnaby-bc/?utm_source=gmb&utm_medium=organic&utm_campaign=Burnaby,real,https://maps.google.com/?cid=1388755289118283626&g_mp=Cidnb29nbGUubWFwcy5wbGFjZXMudjEuUGxhY2VzLlNlYXJjaFRleHQQAhgEIAA,yes,yes,https://www.milani.ca/locations/burnaby-bc/?utm_source=gmb&utm_medium=organic&utm_campaign=Burnaby,yes,2008,127,77,stale_copyright_2008,65
"Willowbrook Plumbing, Heating & Hot Water Tank Installation Langley",plumber,Langley BC,(604) 514-9967,"20088 36a Ave, Langley, BC V3A 2S1, Canada",5,565,https://willowbrookplumbing.ca/?utm_source=google&utm_medium=organic&utm_campaign=gmbwebsite%5Blangley%5D,real,https://maps.google.com/?cid=9615314851937605049&g_mp=Cidnb29nbGUubWFwcy5wbGFjZXMudjEuUGxhY2VzLlNlYXJjaFRleHQQAhgEIAA,yes,yes,https://www.willowbrookplumbing.ca/?utm_source=google&utm_medium=organic&utm_campaign=gmbwebsite%5Blangley%5D,yes,2026,213,600,builder_duda,65
Red Seal Plumbing,plumber,Burnaby BC,(604) 618-4988,"2790 E 21st Ave, Vancouver, BC V5M 2W2, Canada",5,720,https://www.redsealplumbing.com/service-areas/vancouver-bc/,real,https://maps.google.com/?cid=14801678545773804784&g_mp=Cidnb29nbGUubWFwcy5wbGFjZXMudjEuUGxhY2VzLlNlYXJjaFRleHQQAhgEIAA,yes,yes,https://www.redsealplumbing.com/service-areas/vancouver-bc/,yes,2020,75,859,stale_copyright_2020,65
Miller Plumbing & Drainage - Vancouver Plumber,plumber,Burnaby BC,(604) 837-2507,"765 Victoria Dr, Vancouver, BC V5L 4E5, Canada",5,204,https://millerplumbers.ca/plumber-vancouver-bc/?UTM_source=GMB_listing&UTM_medium=organic,real,https://maps.google.com/?cid=14869592466264166717&g_mp=Cidnb29nbGUubWFwcy5wbGFjZXMudjEuUGxhY2VzLlNlYXJjaFRleHQQAhgEIAA,yes,yes,https://millerplumbers.ca/plumber-vancouver-bc/?UTM_source=GMB_listing&UTM_medium=organic,yes,2019,345,30,stale_copyright_2019,65
"Milani Plumbing, Heating & Air Conditioning",plumber,Burnaby BC,(604) 737-2603,"3433 E 25th Ave, Vancouver, BC V5R 1J9, Canada",4.7,1563,https://www.milani.ca/locations/vancouver-bc/?utm_source=gmb&utm_medium=organic&utm_campaign=VancouverE25,real,https://maps.google.com/?cid=1524839215163517215&g_mp=Cidnb29nbGUubWFwcy5wbGFjZXMudjEuUGxhY2VzLlNlYXJjaFRleHQQAhgEIAA,yes,yes,https://www.milani.ca/locations/vancouver-bc/?utm_source=gmb&utm_medium=organic&utm_campaign=VancouverE25,yes,2008,133,137,stale_copyright_2008,65
Sheehan Plumbing & Heating,plumber,Coquitlam BC,(604) 931-3921,"1730 Broadway St #12, Port Coquitlam, BC V3C 2M8, Canada",4.9,229,http://www.sheehanplumbing.ca/,real,https://maps.google.com/?cid=9866551193199836182&g_mp=Cidnb29nbGUubWFwcy5wbGFjZXMudjEuUGxhY2VzLlNlYXJjaFRleHQQAhgEIAA,yes,no,http://www.sheehanplumbing.ca/,yes,,94,848,no_ssl,65
"Milani Plumbing, Heating & Air Conditioning",plumber,Richmond BC,(604) 274-2603,"22200 Wilson Ave, Richmond, BC V6V 2P6, Canada",4.8,452,https://www.milani.ca/locations/richmond-bc/?utm_source=gmb&utm_medium=organic&utm_campaign=Richmond,real,https://maps.google.com/?cid=3605161797461939563&g_mp=Cidnb29nbGUubWFwcy5wbGFjZXMudjEuUGxhY2VzLlNlYXJjaFRleHQQAhgEIAA,yes,yes,https://www.milani.ca/locations/richmond-bc/?utm_source=gmb&utm_medium=organic&utm_campaign=Richmond,yes,2008,132,909,stale_copyright_2008,65
Roto-Rooter Plumbing & Drain Services,plumber,Maple Ridge BC,(604) 532-3711,"20285 Stewart Crescent, Maple Ridge, BC V2X 8G1, Canada",4.7,696,https://www.rotorooter.com/ca/british-columbia/mapleridge/?utm_source=Google&utm_medium=organic&utm_campaign=gmb&utm_content=website,real,https://maps.google.com/?cid=8493930562611926103&g_mp=Cidnb29nbGUubWFwcy5wbGFjZXMudjEuUGxhY2VzLlNlYXJjaFRleHQQAhgEIAA,yes,yes,https://www.rotorooter.com/ca/british-columbia/mapleridge/?utm_source=Google&utm_medium=organic&utm_campaign=gmb&utm_content=website,yes,2006,414,1644,stale_copyright_2006,65
"Milani Plumbing, Heating & Air Conditioning",plumber,North Vancouver BC,(604) 984-2603,"220 27th St E, North Vancouver, BC V7N 1B6, Canada",4.9,2942,https://www.milani.ca/locations/north-vancouver-bc/?utm_source=gmb&utm_medium=organic&utm_campaign=North%20Vancouver,real,https://maps.google.com/?cid=16321753259866677787&g_mp=Cidnb29nbGUubWFwcy5wbGFjZXMudjEuUGxhY2VzLlNlYXJjaFRleHQQAhgEIAA,yes,yes,https://www.milani.ca/locations/north-vancouver-bc/?utm_source=gmb&utm_medium=organic&utm_campaign=North%20Vancouver,yes,2008,132,947,stale_copyright_2008,65
South Fraser Heating & Cooling Ltd,hvac contractor,Langley BC,(604) 536-6676,"19835 56 Ave Unit 101, Langley, BC V3A 3Y1, Canada",4.9,447,http://southfraserheating.com/,real,https://maps.google.com/?cid=9380720626956485997&g_mp=Cidnb29nbGUubWFwcy5wbGFjZXMudjEuUGxhY2VzLlNlYXJjaFRleHQQAhgEIAA,yes,yes,https://southfraserheating.com/,yes,2018,93,262,stale_copyright_2018,65
Nation Furnace Heating & Air Conditioning HVAC Ltd.,hvac contractor,Langley BC,(604) 299-5006,"4170 Still Creek Dr Ste 200, Burnaby, BC V5C 4T5, Canada",5,296,https://nationheating.ca/burnaby/,real,https://maps.google.com/?cid=9463418027746310235&g_mp=Cidnb29nbGUubWFwcy5wbGFjZXMudjEuUGxhY2VzLlNlYXJjaFRleHQQAhgEIAA,yes,yes,https://nationheating.ca/burnaby/,yes,2022,149,742,stale_copyright_2022,65
BC Care Heating Services Ltd,hvac contractor,Burnaby BC,(604) 454-3550,"3823 Henning Dr #115, Burnaby, BC V5C 6P3, Canada",4.7,202,https://bccareheating.com/,real,https://maps.google.com/?cid=146605391259453583&g_mp=Cidnb29nbGUubWFwcy5wbGFjZXMudjEuUGxhY2VzLlNlYXJjaFRleHQQAhgEIAA,yes,yes,https://bccareheating.com/,yes,2024,294,655,stale_copyright_2024,65
Total Line Heating and Air Conditioning Ltd.,hvac contractor,North Vancouver BC,(604) 765-1299,"901 3rd St W Unit 342, North Vancouver, BC V7P 3P9, Canada",5,260,https://www.totallinehvac.ca/?UTM_source=GMB_listing&UTM_medium=organic,real,https://maps.google.com/?cid=8457237270162834704&g_mp=Cidnb29nbGUubWFwcy5wbGFjZXMudjEuUGxhY2VzLlNlYXJjaFRleHQQAhgEIAA,yes,yes,https://www.totallinehvac.ca/?UTM_source=GMB_listing&UTM_medium=organic,yes,,1523,272,builder_wix,65
Kirkstone Heating and Cooling,hvac contractor,North Vancouver BC,(604) 969-3949,"977 W 1st St, North Vancouver, BC V7P 1A4, Canada",4.7,533,https://kirkstone.ca/?utm_campaign=gmb,real,https://maps.google.com/?cid=3564690948567244682&g_mp=Cidnb29nbGUubWFwcy5wbGFjZXMudjEuUGxhY2VzLlNlYXJjaFRleHQQAhgEIAA,yes,yes,https://kirkstone.ca/?utm_campaign=gmb,yes,2012,286,1088,stale_copyright_2012,65
JC DuctBusters LTD,hvac contractor,North Vancouver BC,(778) 320-9336,"831 3rd St W, North Vancouver, BC V7P 3K7, Canada",5,348,http://jcductbusters.ca/,real,https://maps.google.com/?cid=17051418503589382810&g_mp=Cidnb29nbGUubWFwcy5wbGFjZXMudjEuUGxhY2VzLlNlYXJjaFRleHQQAhgEIAA,yes,no,http://jcductbusters.ca/,yes,,28,306,no_ssl,65
B Cheema Roofing Ltd.,roofing contractor,Surrey BC,(604) 722-3600,"2242 168 St, Surrey, BC V3Z 0B5, Canada",4.9,153,https://bcheemaroofing.ca/?utm_source=google&utm_medium=organic&utm_campaign=gbp-listing,real,https://maps.google.com/?cid=10747251527937506993&g_mp=Cidnb29nbGUubWFwcy5wbGFjZXMudjEuUGxhY2VzLlNlYXJjaFRleHQQAhgEIAA,yes,yes,https://www.bcheemaroofing.ca/?utm_source=google&utm_medium=organic&utm_campaign=gbp-listing,yes,2025,36,379,,65
In Awe Roofing,roofing contractor,Langley BC,(604) 255-7663,"20986 77A Ave, Langley Twp, BC V2Y 0L8, Canada",4.8,109,https://inaweroofing.com/,real,https://maps.google.com/?cid=9159765462903974828&g_mp=Cidnb29nbGUubWFwcy5wbGFjZXMudjEuUGxhY2VzLlNlYXJjaFRleHQQAhgEIAA,yes,yes,https://inaweroofing.com/,yes,2016,71,83,stale_copyright_2016,65
GoodVans Roofing,roofing contractor,Richmond BC,(778) 377-8209,"207 W Hastings St Unit 1210, Vancouver, BC V6B 1H7, Canada",4.9,159,http://www.gvroofs.ca/,real,https://maps.google.com/?cid=5004381592649261876&g_mp=Cidnb29nbGUubWFwcy5wbGFjZXMudjEuUGxhY2VzLlNlYXJjaFRleHQQAhgEIAA,yes,yes,https://www.gvroofs.ca/,yes,2026,146,814,,65
It's On Electric Company,electrician,Surrey BC,(604) 538-2373,"15272 Croydon Dr #109, Surrey, BC V3Z 6T3, Canada",5,541,https://www.itsonelectric.com/,real,https://maps.google.com/?cid=18023855353091929147&g_mp=Cidnb29nbGUubWFwcy5wbGFjZXMudjEuUGxhY2VzLlNlYXJjaFRleHQQAhgEIAA,yes,yes,https://www.itsonelectric.com/,yes,,908,312,builder_wix,65
CSK Electric Inc,electrician,Langley BC,(778) 766-3936,"Mount Lehman Rd, Abbotsford, BC V2T 0A8, Canada",5,326,https://cskelectric.ca/?utm_campaign=gmb&utm_medium=organic&utm_source=google,real,https://maps.google.com/?cid=152324462873954309&g_mp=Cidnb29nbGUubWFwcy5wbGFjZXMudjEuUGxhY2VzLlNlYXJjaFRleHQQAhgEIAA,yes,yes,https://cskelectric.ca/?utm_campaign=gmb&utm_medium=organic&utm_source=google,yes,2016,258,403,stale_copyright_2016,65
Scarlet Roofing & Gutters,roofing contractor,Surrey BC,(236) 333-9767,"7238 124a St, Surrey, BC V3W 0S9, Canada",5,141,https://www.scarletconstruction.ca/,real,https://maps.google.com/?cid=17432032985477331191&g_mp=Cidnb29nbGUubWFwcy5wbGFjZXMudjEuUGxhY2VzLlNlYXJjaFRleHQQAhgEIAA,yes,yes,https://scarletconstruction.ca/,yes,2026,64,2101,,64
ProRise Gutter Company,roofing contractor,Coquitlam BC,(604) 338-4817,"853 Seaborne Ave #1120, Port Coquitlam, BC V3B 0N9, Canada",4.9,147,https://prorisegutters.com/,real,https://maps.google.com/?cid=15686803132762592045&g_mp=Cidnb29nbGUubWFwcy5wbGFjZXMudjEuUGxhY2VzLlNlYXJjaFRleHQQAhgEIAA,yes,yes,https://prorisegutters.com/,yes,,482,127,,64
AJ's Electrical Service & Repair,electrician,Surrey BC,(604) 946-8946,"7157 Honeyman St #8, Delta, BC V4G 1E2, Canada",4.8,193,https://www.ajselectrical.ca/?utm_source=google&utm_medium=organic&utm_campaign=gmb,real,https://maps.google.com/?cid=5801677299500788060&g_mp=Cidnb29nbGUubWFwcy5wbGFjZXMudjEuUGxhY2VzLlNlYXJjaFRleHQQAhgEIAA,yes,yes,https://www.ajselectrical.ca/?utm_source=google&utm_medium=organic&utm_campaign=gmb,yes,2023,274,140,stale_copyright_2023,64
Electric Avenue,electrician,Coquitlam BC,(604) 939-1832,"690 Wilmot St, Coquitlam, BC V3J 6P4, Canada",4.7,191,http://www.electric-ave.ca/,real,https://maps.google.com/?cid=12885969550761628552&g_mp=Cidnb29nbGUubWFwcy5wbGFjZXMudjEuUGxhY2VzLlNlYXJjaFRleHQQAhgEIAA,yes,yes,https://www.electricave.ca/,yes,2018,96,947,stale_copyright_2018,64
"Yorkson Plumbing, Heating & Cooling LTD",plumber,Langley BC,(604) 366-4727,"8258 207A St. #162, Langley Twp, BC V2Y 0N4, Canada",4.9,183,http://yorksonplumbing.ca/,real,https://maps.google.com/?cid=10136556390911287124&g_mp=Cidnb29nbGUubWFwcy5wbGFjZXMudjEuUGxhY2VzLlNlYXJjaFRleHQQAhgEIAA,dead,no,,no,,,,unreachable_UND_ERR_SOCKET,63
Vantage Roofing Ltd.,roofing contractor,Surrey BC,(778) 743-1311,"7404 King George Blvd #200, Surrey, BC V3W 1N6, Canada",4.9,137,https://vantageroofingltd.ca/services/delta-roofers/?utm_source=google&utm_medium=organic&utm_campaign=gmb,real,https://maps.google.com/?cid=14120986480015405639&g_mp=Cidnb29nbGUubWFwcy5wbGFjZXMudjEuUGxhY2VzLlNlYXJjaFRleHQQAhgEIAA,yes,yes,https://vantageroofingltd.ca/services/delta-roofers/?utm_source=google&utm_medium=organic&utm_campaign=gmb,yes,,576,353,,63
Pro Torch Roofing,roofing contractor,Burnaby BC,(778) 316-1247,"7060 Waltham Ave, Burnaby, BC V5J 4V5, Canada",4.8,84,https://protorchroofing.ca/,real,https://maps.google.com/?cid=14060913495855948035&g_mp=Cidnb29nbGUubWFwcy5wbGFjZXMudjEuUGxhY2VzLlNlYXJjaFRleHQQAhgEIAA,yes,yes,https://protorchroofing.ca/,yes,2024,56,721,stale_copyright_2024,63
Excel Roofing & Solar,roofing contractor,Maple Ridge BC,(778) 651-0909,"12835 Lilley Dr #607, Maple Ridge, BC V2W 0G1, Canada",4.9,83,https://www.excelroofing.ca/,real,https://maps.google.com/?cid=5041928620585520859&g_mp=Cidnb29nbGUubWFwcy5wbGFjZXMudjEuUGxhY2VzLlNlYXJjaFRleHQQAhgEIAA,yes,yes,https://www.excelroofing.ca/,yes,2025,377,14275,slow_load,63
Main Street Plumbing,plumber,Richmond BC,(604) 968-5123,"966 W 14th Ave #103, Vancouver, BC V5Z 1R4, Canada",5,183,http://www.mainstreetplumbing.ca/,real,https://maps.google.com/?cid=1586153972389881754&g_mp=Cidnb29nbGUubWFwcy5wbGFjZXMudjEuUGxhY2VzLlNlYXJjaFRleHQQAhgEIAA,yes,yes,https://mainstreetplumbing.ca/,yes,2017,168,285,stale_copyright_2017,63
Efficient Heating Service,hvac contractor,Burnaby BC,(778) 798-4343,"7155 Macpherson Ave #25, Burnaby, BC V5J 5G9, Canada",4.8,171,http://efficientheatingservice.com/,real,https://maps.google.com/?cid=594968668505165058&g_mp=Cidnb29nbGUubWFwcy5wbGFjZXMudjEuUGxhY2VzLlNlYXJjaFRleHQQAhgEIAA,yes,yes,https://efficientheatingservice.com/,yes,2018,108,825,stale_copyright_2018,62
Paragon Roofing BC,roofing contractor,Surrey BC,(604) 358-3436,"12233 92 Ave, Surrey, BC V3V 1G3, Canada",4.9,123,https://www.paragonroofingbc.ca/surrey?utm_source=GMBmain&utm_medium=organic,real,https://maps.google.com/?cid=14433328612275113059&g_mp=Cidnb29nbGUubWFwcy5wbGFjZXMudjEuUGxhY2VzLlNlYXJjaFRleHQQAhgEIAA,yes,yes,https://www.paragonroofingbc.ca/surrey?utm_source=GMBmain&utm_medium=organic,yes,,672,1152,,62
Marks Roofing LTD,roofing contractor,Surrey BC,(604) 245-8847,"11079 Swan Crescent, Surrey, BC V3R 5B7, Canada",4.8,125,https://marksroofingltd.com/?utm_source=gmb&utm_medium=organic,real,https://maps.google.com/?cid=17283266709356740203&g_mp=Cidnb29nbGUubWFwcy5wbGFjZXMudjEuUGxhY2VzLlNlYXJjaFRleHQQAhgEIAA,yes,yes,https://marksroofingltd.com/?utm_source=gmb&utm_medium=organic,yes,2026,249,114,,62
Interlock Metal Roofing (BC) Ltd.,roofing contractor,Richmond BC,(604) 210-3850,"9969 River Way, Delta, BC V4G 1M8, Canada",4.4,126,https://www.roofbc.com/,real,https://maps.google.com/?cid=3702026929419730637&g_mp=Cidnb29nbGUubWFwcy5wbGFjZXMudjEuUGxhY2VzLlNlYXJjaFRleHQQAhgEIAA,yes,yes,https://www.roofbc.com/,yes,,439,452,,62
Anytime Roofing Ltd.,roofing contractor,Surrey BC,(778) 710-7104,"6478 130 St, Surrey, BC V3W 4J1, Canada",5,63,https://anytimeroofing.ca/,real,https://maps.google.com/?cid=4252791671691210934&g_mp=Cidnb29nbGUubWFwcy5wbGFjZXMudjEuUGxhY2VzLlNlYXJjaFRleHQQAhgEIAA,yes,yes,https://anytimeroofing.ca/,yes,2024,238,376,stale_copyright_2024,61
Penfolds Roofing,roofing contractor,Burnaby BC,(604) 254-4663,"1268 Vernon Dr, Vancouver, BC V6A 4C9, Canada",4.4,119,https://www.penfoldsroofing.com/?utm_source=local&utm_medium=organic&utm_content=website&utm_campaign=gmb,real,https://maps.google.com/?cid=6916550617973038680&g_mp=Cidnb29nbGUubWFwcy5wbGFjZXMudjEuUGxhY2VzLlNlYXJjaFRleHQQAhgEIAA,yes,yes,https://www.penfoldsroofing.com/?utm_source=local&utm_medium=organic&utm_content=website&utm_campaign=gmb,yes,2026,68,640,,61
Well Done Plumbing and Heating,plumber,Surrey BC,(604) 788-7000,"7116 134 St, Surrey, BC V3W 4T3, Canada",4.9,263,http://www.welldoneplumbing.ca/,real,https://maps.google.com/?cid=10373679995149802070&g_mp=Cidnb29nbGUubWFwcy5wbGFjZXMudjEuUGxhY2VzLlNlYXJjaFRleHQQAhgEIAA,yes,yes,https://www.welldoneplumbing.ca/,yes,2026,122,4856,,60
Nagra Bros Plumbing and Heating Ltd.,plumber,Surrey BC,(604) 767-0545,"13158 109 Ave, Surrey, BC V3T 3R7, Canada",4.9,208,https://nagrabros.ca/?utm_source=googlebusinessprofile&utm_medium=GMB&utm_campaign=clicks,real,https://maps.google.com/?cid=14605828738010222712&g_mp=Cidnb29nbGUubWFwcy5wbGFjZXMudjEuUGxhY2VzLlNlYXJjaFRleHQQAhgEIAA,yes,yes,https://nagrabros.ca/?utm_source=googlebusinessprofile&utm_medium=GMB&utm_campaign=clicks,yes,2026,161,953,,60
JJ&A Mechanical Ltd.,plumber,Surrey BC,(778) 926-6539,"19510 55 Ave #1, Surrey, BC V3S 8P7, Canada",4.9,363,https://jjamechanicalltd.com/?utm_source=google&utm_medium=gmb,real,https://maps.google.com/?cid=9796311760042184490&g_mp=Cidnb29nbGUubWFwcy5wbGFjZXMudjEuUGxhY2VzLlNlYXJjaFRleHQQAhgEIAA,yes,yes,https://jjamechanicalltd.com/?utm_source=google&utm_medium=gmb,yes,2026,303,101,,60
Mr Swirl The Friendly Plumber,plumber,Surrey BC,(604) 435-4664,"1301 Ketch Ct Unit 6, Coquitlam, BC V3K 6X7, Canada",4.7,1133,https://www.mrswirl.com/plumbing-coquitlam/,real,https://maps.google.com/?cid=5620410551684557600&g_mp=Cidnb29nbGUubWFwcy5wbGFjZXMudjEuUGxhY2VzLlNlYXJjaFRleHQQAhgEIAA,yes,yes,https://www.mrswirl.com/plumbing-coquitlam/,yes,,354,632,,60
Impetus Plumbing and Heating,plumber,Surrey BC,(604) 719-2136,"11782 River Rd Unit 110, Richmond, BC V6X 1Z7, Canada",5,507,https://www.impetusplumbingheating.com/,real,https://maps.google.com/?cid=4159790332283285945&g_mp=Cidnb29nbGUubWFwcy5wbGFjZXMudjEuUGxhY2VzLlNlYXJjaFRleHQQAhgEIAA,yes,yes,https://impetusplumbingheating.com/,yes,,213,1093,,60
Murrayville Plumbing & Heating Ltd.,plumber,Langley BC,(778) 888-6451,"26290 Fraser Hwy, Aldergrove, BC V4W 2Z7, Canada",4.7,509,https://www.murrayvilleplumbing.com/?utm_source=google_listing&utm_medium=organic,real,https://maps.google.com/?cid=17544069874639826963&g_mp=Cidnb29nbGUubWFwcy5wbGFjZXMudjEuUGxhY2VzLlNlYXJjaFRleHQQAhgEIAA,yes,yes,https://www.murrayvilleplumbing.com/?utm_source=google_listing&utm_medium=organic,yes,2026,98,980,,60
"Lewis MacLean Plumbing, Heating & Air Conditioning",plumber,Langley BC,(604) 532-9625,"23008 Fraser Hwy, Langley Twp, BC V2Z 2V1, Canada",4.6,776,https://www.lewismaclean.com/,real,https://maps.google.com/?cid=18164746903528370190&g_mp=Cidnb29nbGUubWFwcy5wbGFjZXMudjEuUGxhY2VzLlNlYXJjaFRleHQQAhgEIAA,yes,yes,https://www.lewismaclean.com/,yes,2026,147,695,,60
Prompt Plumbing Heating & Gas,plumber,Langley BC,(604) 396-2500,"8856 204 St #101, Langley Twp, BC V2Y 0H6, Canada",5,382,http://promptplumbingltd.ca/,real,https://maps.google.com/?cid=18164063944182849167&g_mp=Cidnb29nbGUubWFwcy5wbGFjZXMudjEuUGxhY2VzLlNlYXJjaFRleHQQAhgEIAA,yes,yes,https://promptplumbingltd.ca/,yes,,260,1102,,60
"Dispatch Plumbing, Heating & Air Conditioning",plumber,Langley BC,(604) 644-4343,"12069 Harris Rd #103, Pitt Meadows, BC V3Y 0C8, Canada",4.9,242,https://www.dispatchplumbing.com/,real,https://maps.google.com/?cid=6970419924401254357&g_mp=Cidnb29nbGUubWFwcy5wbGFjZXMudjEuUGxhY2VzLlNlYXJjaFRleHQQAhgEIAA,yes,yes,https://www.dispatchplumbing.com/,yes,2025,183,310,,60
Marvel Plumbing & Drainage,plumber,Burnaby BC,(604) 729-3864,"4728 Smith Ave, Burnaby, BC V5G 2W2, Canada",4.9,2598,https://marvelplumbdrain.com/plumbing-drainage-service-6/burnaby/,real,https://maps.google.com/?cid=13264821975110997992&g_mp=Cidnb29nbGUubWFwcy5wbGFjZXMudjEuUGxhY2VzLlNlYXJjaFRleHQQAhgEIAA,yes,yes,https://marvelplumbdrain.com/plumbing-drainage-service-6/burnaby/,yes,,1258,3398,,60
Mario Plumbing & Heating,plumber,Burnaby BC,(778) 929-3235,"6555 Bonsor Ave #1105, Burnaby, BC V5H 3E9, Canada",5,205,http://marioplumbing.ca/,real,https://maps.google.com/?cid=8184923147939871425&g_mp=Cidnb29nbGUubWFwcy5wbGFjZXMudjEuUGxhY2VzLlNlYXJjaFRleHQQAhgEIAA,yes,yes,https://marioplumbing.ca/,yes,2026,178,155,,60
Miller Plumbing and Drainage Ltd.,plumber,Burnaby BC,(604) 837-2507,"9149 Saturna Dr, Burnaby, BC V3J 7K2, Canada",4.9,152,https://millerplumbers.ca/?UTM_source=GMB_listing&UTM_medium=organic,real,https://maps.google.com/?cid=7784478975168040308&g_mp=Cidnb29nbGUubWFwcy5wbGFjZXMudjEuUGxhY2VzLlNlYXJjaFRleHQQAhgEIAA,yes,yes,https://millerplumbers.ca/?UTM_source=GMB_listing&UTM_medium=organic,yes,2019,369,98,stale_copyright_2019,60
"Lambert Plumbing & Heating, Ltd",plumber,Burnaby BC,(778) 200-2043,"6741 Cariboo Rd #113, Burnaby, BC V3N 4A3, Canada",4.8,701,https://www.lambertplumbing.ca/?utm_source=google&utm_medium=organic&utm_campaign=gmb-profile-vancouver,real,https://maps.google.com/?cid=10430771169708820753&g_mp=Cidnb29nbGUubWFwcy5wbGFjZXMudjEuUGxhY2VzLlNlYXJjaFRleHQQAhgEIAA,yes,yes,https://www.lambertplumbing.ca/?utm_source=google&utm_medium=organic&utm_campaign=gmb-profile-vancouver,yes,,611,2072,,60
Pristine Plumbing & Drainage Ltd,plumber,Burnaby BC,(778) 980-1883,"9133 Capella Dr, Burnaby, BC V3J 7K4, Canada",5,252,https://www.greatervancouverplumbing.ca/,real,https://maps.google.com/?cid=11749574300528626761&g_mp=Cidnb29nbGUubWFwcy5wbGFjZXMudjEuUGxhY2VzLlNlYXJjaFRleHQQAhgEIAA,yes,yes,https://greatervancouverplumbing.ca/,yes,,150,1098,,60
"Whyte Plumbing, Heating, and Air Conditioning",plumber,Burnaby BC,(604) 232-7611,"1625 Ingleton Ave, Burnaby, BC V5C 4L8, Canada",4.9,207,https://www.whytemechanical.ca/,real,https://maps.google.com/?cid=8506524192486977651&g_mp=Cidnb29nbGUubWFwcy5wbGFjZXMudjEuUGxhY2VzLlNlYXJjaFRleHQQAhgEIAA,yes,yes,https://www.whytemechanical.ca/,yes,,48,219,,60
Goldstein Plumbing & Gas,plumber,Burnaby BC,(604) 217-8992,"3321 Kingsway, Vancouver, BC V5R 5K6, Canada",4.8,785,https://goldsteinplumbing.com/plumbing-services-vancouver/,real,https://maps.google.com/?cid=1223920974735049247&g_mp=Cidnb29nbGUubWFwcy5wbGFjZXMudjEuUGxhY2VzLlNlYXJjaFRleHQQAhgEIAA,yes,yes,https://www.goldsteinplumbing.com/plumbing-services-in-north-vancouver/,yes,2026,325,5285,,60
Quan Plumbing and Heating,plumber,Burnaby BC,(604) 210-6378,"1868 Glen Dr #140, Vancouver, BC V6A 4K4, Canada",5,213,https://www.quanplumbing.com/,real,https://maps.google.com/?cid=4414399006482028487&g_mp=Cidnb29nbGUubWFwcy5wbGFjZXMudjEuUGxhY2VzLlNlYXJjaFRleHQQAhgEIAA,http_403,yes,https://www.quanplumbing.com/,yes,,5,134,,60
Marvel Plumbing & Drainage,plumber,Burnaby BC,(604) 359-8012,"803 14th St, New Westminster, BC V3M 4P5, Canada",4.9,432,https://marvelplumbdrain.com/plumbing-drainage-service-6/new-westminster/,real,https://maps.google.com/?cid=9762677085718483893&g_mp=Cidnb29nbGUubWFwcy5wbGFjZXMudjEuUGxhY2VzLlNlYXJjaFRleHQQAhgEIAA,yes,yes,https://marvelplumbdrain.com/plumbing-drainage-service-6/new-westminster/,yes,,1256,2387,,60
"Trifecta Plumbing, Sewer & Drain Repair",plumber,Burnaby BC,(604) 256-1132,"1200 W 73rd Ave #1100, Vancouver, BC V6P 6G5, Canada",4.9,451,https://trifectaplumbing.ca/?utm_source=google&utm_medium=organic&utm_campaign=gbp_vancouver_bc,real,https://maps.google.com/?cid=14274433406936616225&g_mp=Cidnb29nbGUubWFwcy5wbGFjZXMudjEuUGxhY2VzLlNlYXJjaFRleHQQAhgEIAA,yes,yes,https://trifectaplumbing.ca/?utm_source=google&utm_medium=organic&utm_campaign=gbp_vancouver_bc,yes,2026,353,322,,60
Pro Ace Heating & Air Conditioning,plumber,Burnaby BC,(604) 283-2353,"3993 Henning Dr #101B, Burnaby, BC V5C 6P7, Canada",4.8,1939,http://acecare.ca/,real,https://maps.google.com/?cid=780432867667229528&g_mp=Cidnb29nbGUubWFwcy5wbGFjZXMudjEuUGxhY2VzLlNlYXJjaFRleHQQAhgEIAA,yes,yes,https://acecare.ca/,yes,2026,156,336,,60
The Crazy Plumber,plumber,Coquitlam BC,(236) 552-0190,"2071 Kingsway Ave #711, Port Coquitlam, BC V3C 6N2, Canada",4.8,693,https://thecrazyplumber.ca/,real,https://maps.google.com/?cid=17539965202055057837&g_mp=Cidnb29nbGUubWFwcy5wbGFjZXMudjEuUGxhY2VzLlNlYXJjaFRleHQQAhgEIAA,yes,yes,https://www.thecrazyplumber.ca/,yes,2025,355,872,,60
High Mark Plumbing & Heating,plumber,Coquitlam BC,(604) 945-6060,"1515 Broadway St #109, Port Coquitlam, BC V3C 6P6, Canada",4.8,1234,https://highmarkplumbing.com/?utm_source=google&utm_medium=organic&utm_campaign=gbp,real,https://maps.google.com/?cid=9746680490649308951&g_mp=Cidnb29nbGUubWFwcy5wbGFjZXMudjEuUGxhY2VzLlNlYXJjaFRleHQQAhgEIAA,yes,yes,https://highmarkplumbing.com/?utm_source=google&utm_medium=organic&utm_campaign=gbp,yes,,626,389,,60
"Ashton Plumbing, Heating & Air Conditioning",plumber,Richmond BC,(604) 359-7762,"4631 Shell Rd Unit 140, Richmond, BC V6X 3M4, Canada",4.8,4783,https://www.callashton.com/?utm_source=gmb&utm_medium=organic&utm_campaign=richmond,real,https://maps.google.com/?cid=7604229631913462249&g_mp=Cidnb29nbGUubWFwcy5wbGFjZXMudjEuUGxhY2VzLlNlYXJjaFRleHQQAhgEIAA,yes,yes,https://www.callashton.com/?utm_source=gmb&utm_medium=organic&utm_campaign=richmond,yes,2026,365,309,,60
Hillcrest Plumbing & Heating,plumber,Richmond BC,(604) 879-2122,"3260 Main St, Vancouver, BC V5V 3M5, Canada",4.1,545,http://www.hillcrestplumbingandheating.com/,real,https://maps.google.com/?cid=702719076725532366&g_mp=Cidnb29nbGUubWFwcy5wbGFjZXMudjEuUGxhY2VzLlNlYXJjaFRleHQQAhgEIAA,yes,yes,https://www.hillcrestplumbingandheating.com/,yes,,106,378,,60
Drips & Drains Plumbing and Heating Ltd.,plumber,Richmond BC,(604) 355-7322,"1657 Nanaimo St, Vancouver, BC V5L 4T9, Canada",4.9,571,http://dripsanddrains.ca/,real,https://maps.google.com/?cid=16607569752715855368&g_mp=Cidnb29nbGUubWFwcy5wbGFjZXMudjEuUGxhY2VzLlNlYXJjaFRleHQQAhgEIAA,yes,yes,https://www.dripsanddrains.ca/,yes,,118,2666,,60
Galaxy Plumbing & Heating,plumber,Richmond BC,(604) 802-1518,"5307 Victoria Dr #1180, Vancouver, BC V5P 3V6, Canada",5,157,https://galaxyplumbingservices.com/,real,https://maps.google.com/?cid=16044751586934745455&g_mp=Cidnb29nbGUubWFwcy5wbGFjZXMudjEuUGxhY2VzLlNlYXJjaFRleHQQAhgEIAA,yes,yes,https://galaxyplumbingservices.com/,yes,2024,174,380,stale_copyright_2024,60
Pioneer Plumbing & Heating Inc,plumber,Richmond BC,(604) 872-4946,"626 Kingsway, Vancouver, BC V5T 3K4, Canada",4.7,1395,https://www.pioneerplumbing.com/?utm_source=serps&utm_id=gmb,real,https://maps.google.com/?cid=16109373416364653742&g_mp=Cidnb29nbGUubWFwcy5wbGFjZXMudjEuUGxhY2VzLlNlYXJjaFRleHQQAhgEIAA,yes,yes,https://www.pioneerplumbing.com/?utm_source=serps&utm_id=gmb,yes,2026,256,301,,60
Plumbhartt Plumbing and Heating,plumber,Richmond BC,(778) 764-0597,"488 Jackson Ave Ste 4, Vancouver, BC V6A 3B5, Canada",5,265,https://www.plumbhartt.com/?utm_campaign=gmb,real,https://maps.google.com/?cid=7859013872507260053&g_mp=Cidnb29nbGUubWFwcy5wbGFjZXMudjEuUGxhY2VzLlNlYXJjaFRleHQQAhgEIAA,yes,yes,https://www.plumbhartt.com/?utm_campaign=gmb,yes,2026,356,1253,,60
Absolute Plumbing Solutions,plumber,Delta BC,(604) 999-6627,"1517 56 St, Delta, BC V4L 2A9, Canada",5,466,https://www.absoluteplumbing.ca/,real,https://maps.google.com/?cid=4359380072944362959&g_mp=Cidnb29nbGUubWFwcy5wbGFjZXMudjEuUGxhY2VzLlNlYXJjaFRleHQQAhgEIAA,yes,yes,https://www.absoluteplumbing.ca/,yes,2026,192,219,,60
Coal Harbour Mechanical,plumber,Delta BC,(604) 928-0039,"800 Carleton Ct #206, Delta, BC V3M 6Y6, Canada",4.9,447,https://coalharbourmechanical.com/,real,https://maps.google.com/?cid=16602393222673041&g_mp=Cidnb29nbGUubWFwcy5wbGFjZXMudjEuUGxhY2VzLlNlYXJjaFRleHQQAhgEIAA,yes,yes,https://coalharbourmechanical.com/,yes,2025,165,110,,60
"CampbellCare Plumbing, Heating & Air Conditioning",plumber,Delta BC,(604) 946-1000,"7063 Venture St, Delta, BC V4G 1H7, Canada",4.8,452,https://www.campbellcare.com/?utm_source=google&utm_medium=organic&utm_campaign=gmb,real,https://maps.google.com/?cid=2575800308943891865&g_mp=Cidnb29nbGUubWFwcy5wbGFjZXMudjEuUGxhY2VzLlNlYXJjaFRleHQQAhgEIAA,yes,yes,https://campbellcare.com/?utm_source=google&utm_medium=organic&utm_campaign=gmb,yes,,87,843,,60
Acorn Service Group,plumber,Delta BC,(604) 800-7941,"5646 12 Ave, Delta, BC V4L 1C4, Canada",4.9,1481,https://acornheat.com/?utm_campaign=gmb&utm_medium=organic&utm_source=gmb,real,https://maps.google.com/?cid=867069200091953224&g_mp=Cidnb29nbGUubWFwcy5wbGFjZXMudjEuUGxhY2VzLlNlYXJjaFRleHQQAhgEIAA,yes,yes,https://acornheat.com/?utm_campaign=gmb&utm_medium=organic&utm_source=gmb,yes,2026,183,519,,60
Tiffin Plumbing & Drainage,plumber,Maple Ridge BC,(604) 720-7891,"22315 122 Ave #304, Maple Ridge, BC V2X 3X8, Canada",4.9,400,https://www.tiffindrainage.com/,real,https://maps.google.com/?cid=810056971682504297&g_mp=Cidnb29nbGUubWFwcy5wbGFjZXMudjEuUGxhY2VzLlNlYXJjaFRleHQQAhgEIAA,yes,yes,https://www.tiffindrainage.com/,yes,2025,62,241,,60
Call Moe Plumbing,plumber,Maple Ridge BC,(604) 398-4478,"20170 Stewart Crescent #270, Maple Ridge, BC V2X 0T4, Canada",4.9,498,https://www.callmoe.ca/,real,https://maps.google.com/?cid=12478254909032912791&g_mp=Cidnb29nbGUubWFwcy5wbGFjZXMudjEuUGxhY2VzLlNlYXJjaFRleHQQAhgEIAA,yes,yes,https://callmoe.ca/,yes,2026,119,1044,,60
Tek Climate Heating and Air Conditioning,plumber,Maple Ridge BC,(778) 763-5566,"20121 115a Ave Unit 7, Maple Ridge, BC V2X 0Z3, Canada",4.8,460,https://tekclimate.ca/?utm_campaign=gmb,real,https://maps.google.com/?cid=15753397252789887118&g_mp=Cidnb29nbGUubWFwcy5wbGFjZXMudjEuUGxhY2VzLlNlYXJjaFRleHQQAhgEIAA,yes,yes,https://tekclimate.ca/?utm_campaign=gmb,yes,,720,3707,,60
Pink Plumbing.ca,plumber,North Vancouver BC,(604) 438-7465,"2511 Boswell Ave, North Vancouver, BC V7H 1L8, Canada",4.9,1081,https://www.pinkplumbing.ca/,real,https://maps.google.com/?cid=5988913338926982099&g_mp=Cidnb29nbGUubWFwcy5wbGFjZXMudjEuUGxhY2VzLlNlYXJjaFRleHQQAhgEIAA,yes,yes,https://pinkplumbing.ca/,yes,2026,187,164,,60
R & B Plumbing & Heating Ltd.,plumber,North Vancouver BC,(778) 488-0320,"1075 W 1st St #104, North Vancouver, BC V7P 3S4, Canada",4.6,387,https://randbplumbing.ca/?utm_source=googlemybusiness&utm_medium=Organic&utm_campaign=GoogleMyBusiness,real,https://maps.google.com/?cid=8510588540713522372&g_mp=Cidnb29nbGUubWFwcy5wbGFjZXMudjEuUGxhY2VzLlNlYXJjaFRleHQQAhgEIAA,yes,yes,https://randbplumbing.ca/?utm_source=googlemybusiness&utm_medium=Organic&utm_campaign=GoogleMyBusiness,yes,2025,130,162,,60
Paris Service Group,plumber,North Vancouver BC,(604) 283-2369,"390 Harbour Ave, North Vancouver, BC V7J 2E9, Canada",4.9,373,https://parisservicegroup.com/?utm_source=google&utm_medium=organic&utm_campaign=gbp,real,https://maps.google.com/?cid=4312666136730495276&g_mp=Cidnb29nbGUubWFwcy5wbGFjZXMudjEuUGxhY2VzLlNlYXJjaFRleHQQAhgEIAA,yes,yes,https://parisservicegroup.com/?utm_source=google&utm_medium=organic&utm_campaign=gbp,yes,2026,381,95,,60
Eco Pro Heating & Cooling,plumber,North Vancouver BC,(604) 725-4485,"130 Lonsdale Ave #105, North Vancouver, BC V7M 2E8, Canada",4.9,422,http://ecoproheating.ca/,real,https://maps.google.com/?cid=12803965427828369571&g_mp=Cidnb29nbGUubWFwcy5wbGFjZXMudjEuUGxhY2VzLlNlYXJjaFRleHQQAhgEIAA,yes,yes,https://www.ecoproheating.ca/,yes,,37,784,,60
Sunrise Heating & Cooling Ltd.,hvac contractor,Surrey BC,(604) 612-4591,"6234 152A St, Surrey, BC V3S 5X5, Canada",4.9,495,https://www.sunriseheating.ca/,real,https://maps.google.com/?cid=15897026331426047505&g_mp=Cidnb29nbGUubWFwcy5wbGFjZXMudjEuUGxhY2VzLlNlYXJjaFRleHQQAhgEIAA,yes,yes,https://www.sunriseheating.ca/,yes,2026,318,1384,,60
Eaton's Furnace Heating & Air Conditioning HVAC,hvac contractor,Surrey BC,(604) 535-8434,"17 Fawcett Rd #117, Coquitlam, BC V3K 6V2, Canada",4.9,465,https://www.eatonshomecare.com/,real,https://maps.google.com/?cid=17441595488362074495&g_mp=Cidnb29nbGUubWFwcy5wbGFjZXMudjEuUGxhY2VzLlNlYXJjaFRleHQQAhgEIAA,yes,yes,https://www.eatonshomecare.com/,yes,2026,81,1770,,60
Vanheat Services,hvac contractor,Surrey BC,(604) 281-4790,"145 Chadwick Ct #220, North Vancouver, BC V7M 3K2, Canada",4.9,248,https://vanheatservices.com/?utm_source=google&utm_medium=organic&utm_campaign=google_business,real,https://maps.google.com/?cid=15646984918379464038&g_mp=Cidnb29nbGUubWFwcy5wbGFjZXMudjEuUGxhY2VzLlNlYXJjaFRleHQQAhgEIAA,yes,yes,https://vanheatservices.com/?utm_source=google&utm_medium=organic&utm_campaign=google_business,yes,2026,394,263,,60
Gandy Installations,hvac contractor,Langley BC,(604) 534-5555,"20363 62 Ave, Langley Twp, BC V3A 5E6, Canada",4.8,2984,http://www.gandyinstallations.net/,real,https://maps.google.com/?cid=10301739741509342490&g_mp=Cidnb29nbGUubWFwcy5wbGFjZXMudjEuUGxhY2VzLlNlYXJjaFRleHQQAhgEIAA,yes,yes,https://gandyinstallations.net/,yes,,326,302,,60
Air West Mechanical (AWM) - Langley,hvac contractor,Langley BC,(833) 655-1288,"19748 86 Ave Unit 110, Langley Twp, BC V2Y 1Z5, Canada",4.9,154,https://www.awm.ca/,real,https://maps.google.com/?cid=16760251792142779559&g_mp=Cidnb29nbGUubWFwcy5wbGFjZXMudjEuUGxhY2VzLlNlYXJjaFRleHQQAhgEIAA,yes,yes,https://www.awm.ca/,yes,2024,239,427,stale_copyright_2024,60
Rep-Air Heating And Cooling,hvac contractor,Langley BC,(778) 728-1476,"32929 Mission Way #4, Mission, BC V2V 6E4, Canada",4.9,514,https://repairheatingandcooling.com/?utm_source=google&utm_medium=organic&utm_campaign=local+listings,real,https://maps.google.com/?cid=5432927961626958740&g_mp=Cidnb29nbGUubWFwcy5wbGFjZXMudjEuUGxhY2VzLlNlYXJjaFRleHQQAhgEIAA,yes,yes,https://www.repairheatingandcooling.com/?utm_source=google&utm_medium=organic&utm_campaign=local+listings,yes,,450,1802,,60
Modern PURAIR Fraser Valley,hvac contractor,Langley BC,(604) 299-6620,"20821 Fraser Hwy 47 Suite 239, Langley, BC V3A 0B6, Canada",5,1894,https://modernpurair.com/fraser-valley/,real,https://maps.google.com/?cid=12696909397944024078&g_mp=Cidnb29nbGUubWFwcy5wbGFjZXMudjEuUGxhY2VzLlNlYXJjaFRleHQQAhgEIAA,yes,yes,https://modernpurair.com/fraser-valley/,yes,,447,2293,,60
Heat Co. ( Heating & Cooling ),hvac contractor,Burnaby BC,(604) 780-2080,"102B, 7012 Merritt Ave, Burnaby, BC V5J 4R6, Canada",4.9,229,http://heatcofurnace.com/?utm_campaign=gmb,real,https://maps.google.com/?cid=9253176715520831310&g_mp=Cidnb29nbGUubWFwcy5wbGFjZXMudjEuUGxhY2VzLlNlYXJjaFRleHQQAhgEIAA,yes,yes,https://heatcofurnace.com/?utm_campaign=gmb,yes,2025,273,4334,,60
Canadian Pacific Heating and Cooling,hvac contractor,Burnaby BC,(604) 715-1894,"7220 Edmonds St, Burnaby, BC V3N 4T9, Canada",4.9,207,https://cpheating.ca/?utm_source=google_business_profile,real,https://maps.google.com/?cid=1023622860768527029&g_mp=Cidnb29nbGUubWFwcy5wbGFjZXMudjEuUGxhY2VzLlNlYXJjaFRleHQQAhgEIAA,yes,yes,https://cpheating.ca/?utm_source=google_business_profile,yes,,1013,215,,60
Angels Heating & Cooling Ltd,hvac contractor,Burnaby BC,(604) 227-8532,"3191 Thunderbird Crescent #110, Burnaby, BC V5A 3G1, Canada",4.8,420,https://angelsheating.com/?utm_campaign=gmb&utm_content=organic+lead+gmb&utm_id=gbm+burnaby&utm_medium=gbm&utm_source=gbm.burnaby&utm_term=organic+lead,real,https://maps.google.com/?cid=16592039763914935661&g_mp=Cidnb29nbGUubWFwcy5wbGFjZXMudjEuUGxhY2VzLlNlYXJjaFRleHQQAhgEIAA,yes,yes,https://angelsheating.com/?utm_campaign=gmb&utm_content=organic+lead+gmb&utm_id=gbm+burnaby&utm_medium=gbm&utm_source=gbm.burnaby&utm_term=organic+lead,yes,,532,58,,60
Techno Gas Heating & Cooling Services Ltd.,hvac contractor,Burnaby BC,(604) 900-9140,"7634 Winston St, Burnaby, BC V5A 2Z2, Canada",5,204,https://www.technogasheating.com/,real,https://maps.google.com/?cid=4915066090020333607&g_mp=Cidnb29nbGUubWFwcy5wbGFjZXMudjEuUGxhY2VzLlNlYXJjaFRleHQQAhgEIAA,http_500,yes,https://technogasheating.com/,yes,,2,907,,60
Central Commercial & Residential services ltd,hvac contractor,Burnaby BC,(604) 401-4848,"7152 Curragh Ave #100B, Burnaby, BC V5J 4V9, Canada",4.9,321,https://centralgasservices.com/?utm_source=google&utm_medium=organic&utm_campaign=gbp_listing,real,https://maps.google.com/?cid=11133776751724805045&g_mp=Cidnb29nbGUubWFwcy5wbGFjZXMudjEuUGxhY2VzLlNlYXJjaFRleHQQAhgEIAA,yes,yes,https://centralgasservices.com/?utm_source=google&utm_medium=organic&utm_campaign=gbp_listing,yes,2026,231,1345,,60
Alfa Services,hvac contractor,Burnaby BC,(778) 899-9989,"7228 Winston St, Burnaby, BC V5A 2G9, Canada",4.9,158,https://www.alfaservices.ca/,real,https://maps.google.com/?cid=5932254234429186430&g_mp=Cidnb29nbGUubWFwcy5wbGFjZXMudjEuUGxhY2VzLlNlYXJjaFRleHQQAhgEIAA,yes,yes,https://alfaservices.ca/,yes,2023,195,1979,stale_copyright_2023,60
Canadian Care Heating & Cooling,hvac contractor,Burnaby BC,(604) 808-3378,"3993 Henning Dr #218, Burnaby, BC V5C 6P7, Canada",4.5,208,https://canadiancares.com/,real,https://maps.google.com/?cid=5599506539265648331&g_mp=Cidnb29nbGUubWFwcy5wbGFjZXMudjEuUGxhY2VzLlNlYXJjaFRleHQQAhgEIAA,yes,yes,https://canadiancares.com/,yes,2025,300,3389,,60
Pro West Heating & Air Conditioning,hvac contractor,Coquitlam BC,(604) 990-7550,"3030 Lincoln Ave, Coquitlam, BC V3B 6B4, Canada",4.9,411,https://www.prowestheating.com/?utm_campaign=gmb,real,https://maps.google.com/?cid=17251410283585264510&g_mp=Cidnb29nbGUubWFwcy5wbGFjZXMudjEuUGxhY2VzLlNlYXJjaFRleHQQAhgEIAA,yes,yes,https://www.prowestheating.com/?utm_campaign=gmb,yes,2026,74,431,,60
TAK Heating & Cooling Ltd.,hvac contractor,Coquitlam BC,(778) 846-4822,"712 Roderick Ave, Coquitlam, BC V3K 1P5, Canada",5,202,https://www.takheating.com/,real,https://maps.google.com/?cid=7298511421586894447&g_mp=Cidnb29nbGUubWFwcy5wbGFjZXMudjEuUGxhY2VzLlNlYXJjaFRleHQQAhgEIAA,yes,yes,https://takheating.com/,yes,,321,3742,,60
Best Way Heating,hvac contractor,Coquitlam BC,(604) 474-3355,"1556 Tanglewood Ln, Coquitlam, BC V3E 2V5, Canada",4.9,559,https://www.bestwayheating.ca/,real,https://maps.google.com/?cid=10771961356755826478&g_mp=Cidnb29nbGUubWFwcy5wbGFjZXMudjEuUGxhY2VzLlNlYXJjaFRleHQQAhgEIAA,yes,yes,https://www.bestwayheating.ca/,yes,,311,279,,60
DirectBuy Furnace Ltd.,hvac contractor,Coquitlam BC,(604) 767-7993,"585 Seaborne Ave #1140, Port Coquitlam, BC V3B 0M3, Canada",4.9,2478,https://directbuyfurnace.ca/?utm_source=gbp&utm_medium=organic&utm_campaign=gbp-listing,real,https://maps.google.com/?cid=6649847222459473876&g_mp=Cidnb29nbGUubWFwcy5wbGFjZXMudjEuUGxhY2VzLlNlYXJjaFRleHQQAhgEIAA,yes,yes,https://directbuyfurnace.ca/?utm_source=gbp&utm_medium=organic&utm_campaign=gbp-listing,yes,2026,276,1172,,60
Moore and Russell Heating & Air Conditioning,hvac contractor,Coquitlam BC,(604) 243-2833,"575 Seaborne Ave Unit 3105 A, Port Coquitlam, BC V3B 0M3, Canada",4.7,3567,https://www.mrheating.com/?utm_source=google&utm_medium=gmb&utm_campaign=Moore-gmb&se_campaign=Moore%20-%20GMB,real,https://maps.google.com/?cid=17510740082426909220&g_mp=Cidnb29nbGUubWFwcy5wbGFjZXMudjEuUGxhY2VzLlNlYXJjaFRleHQQAhgEIAA,yes,yes,https://www.mrheating.com/?utm_source=google&utm_medium=gmb&utm_campaign=Moore-gmb&se_campaign=Moore%20-%20GMB,yes,2026,409,1737,,60
Comfort Plus Heating & Air Conditioning Inc.,hvac contractor,Coquitlam BC,(604) 554-7587,"1628 Kebet Way, Port Coquitlam, BC V3C 5W9, Canada",4.9,209,https://www.comfortplus.ca/,real,https://maps.google.com/?cid=7729947990713826706&g_mp=Cidnb29nbGUubWFwcy5wbGFjZXMudjEuUGxhY2VzLlNlYXJjaFRleHQQAhgEIAA,yes,yes,https://comfortplus.ca/,yes,2026,392,426,,60
Western Pacific HVAC,hvac contractor,Richmond BC,(604) 245-9451,"1990 Pandora St, Vancouver, BC V5L 0C7, Canada",4.9,212,https://westernpacifichvac.com/,real,https://maps.google.com/?cid=6265101578722619664&g_mp=Cidnb29nbGUubWFwcy5wbGFjZXMudjEuUGxhY2VzLlNlYXJjaFRleHQQAhgEIAA,yes,yes,https://westernpacifichvac.com/,yes,2026,48,817,,60
Heritage Mountain Heating and Cooling Inc.,hvac contractor,Maple Ridge BC,(604) 968-0029,"13210 Shoesmith Crescent #5, Maple Ridge, BC V4R 0C1, Canada",5,667,http://heritagemountainhc.ca/,real,https://maps.google.com/?cid=13210558074868758836&g_mp=Cidnb29nbGUubWFwcy5wbGFjZXMudjEuUGxhY2VzLlNlYXJjaFRleHQQAhgEIAA,yes,yes,https://heritagemountainhc.ca/,yes,2026,126,155,,60
Hammer's Heating and Cooling,hvac contractor,Maple Ridge BC,(778) 899-5224,"19843 Wildwood Pl, Pitt Meadows, BC V3Y 1M9, Canada",5,355,https://hammersheating.ca/,real,https://maps.google.com/?cid=9979000890620714792&g_mp=Cidnb29nbGUubWFwcy5wbGFjZXMudjEuUGxhY2VzLlNlYXJjaFRleHQQAhgEIAA,yes,yes,https://hammersheating.ca/,yes,2026,68,253,,60
Coleman Heating & Air Conditioning,hvac contractor,Maple Ridge BC,(604) 466-5895,"20285 Stewart Crescent #204, Maple Ridge, BC V2W 0A3, Canada",4.9,375,http://colemanheating.ca/,real,https://maps.google.com/?cid=17564745256069512490&g_mp=Cidnb29nbGUubWFwcy5wbGFjZXMudjEuUGxhY2VzLlNlYXJjaFRleHQQAhgEIAA,yes,yes,https://www.colemanheating.ca/,yes,2026,377,1109,,60
"Reliance Vancouver Heating, Air Conditioning, & Plumbing",hvac contractor,Maple Ridge BC,(844) 526-7678,"11570 Kingston St #8, Maple Ridge, BC V2X 9J8, Canada",4.5,1311,https://reliancehomecomfort.com/vancouver/maple-ridge/?utm_source=google&utm_medium=organic&utm_campaign=gmb-maple-ridge,real,https://maps.google.com/?cid=6222104866694320729&g_mp=Cidnb29nbGUubWFwcy5wbGFjZXMudjEuUGxhY2VzLlNlYXJjaFRleHQQAhgEIAA,yes,yes,https://reliancehomecomfort.com/vancouver/maple-ridge/?utm_source=google&utm_medium=organic&utm_campaign=gmb-maple-ridge,yes,,837,2215,,60
Aquatech Vancouver Heating & Air Conditioning,hvac contractor,North Vancouver BC,(778) 562-8195,"145 Chadwick Ct #220, North Vancouver, BC V7M 3K2, Canada",4.9,234,http://www.aquatechmechanical.ca/,real,https://maps.google.com/?cid=4828218158632773893&g_mp=Cidnb29nbGUubWFwcy5wbGFjZXMudjEuUGxhY2VzLlNlYXJjaFRleHQQAhgEIAA,yes,yes,https://aquatechmechanical.ca/,yes,,166,2070,,60
ProGas North Shore Ltd.,hvac contractor,North Vancouver BC,(604) 925-1341,"1859 Welch St, North Vancouver, BC V7P 1B7, Canada",4.8,337,http://progas.ca/,real,https://maps.google.com/?cid=9024808564598328826&g_mp=Cidnb29nbGUubWFwcy5wbGFjZXMudjEuUGxhY2VzLlNlYXJjaFRleHQQAhgEIAA,yes,yes,https://www.progas.ca/,yes,2026,74,1100,,60
Modern PURAIR® North Vancouver,hvac contractor,North Vancouver BC,(604) 245-1613,"205, 50 Lonsdale Ave Office# 2104, North Vancouver, BC V7M 2E6, Canada",4.9,225,https://modernpurair.com/north-vancouver/?utm_source=Google&utm_medium=Organic&utm_campaign=GBP,real,https://maps.google.com/?cid=10394462262628636505&g_mp=Cidnb29nbGUubWFwcy5wbGFjZXMudjEuUGxhY2VzLlNlYXJjaFRleHQQAhgEIAA,yes,yes,https://modernpurair.com/north-vancouver/?utm_source=Google&utm_medium=Organic&utm_campaign=GBP,yes,2026,394,1082,,60
Crucial Roof Services Ltd.,roofing contractor,Surrey BC,(604) 561-8798,"Garfield Dr, Delta, BC V4C 4C9, Canada",4.9,50,http://www.crucialroofservices.com/,real,https://maps.google.com/?cid=15504219022544390128&g_mp=Cidnb29nbGUubWFwcy5wbGFjZXMudjEuUGxhY2VzLlNlYXJjaFRleHQQAhgEIAA,yes,yes,https://www.crucialroofservices.com/,yes,2016,229,1029,stale_copyright_2016,60
All Coast Roofing,roofing contractor,Burnaby BC,(604) 338-7300,"3478 Pandora St, Vancouver, BC V5K 1W8, Canada",4.9,103,http://www.allcoastroofing.ca/,real,https://maps.google.com/?cid=80034055185919297&g_mp=Cidnb29nbGUubWFwcy5wbGFjZXMudjEuUGxhY2VzLlNlYXJjaFRleHQQAhgEIAA,yes,yes,https://allcoastroofing.ca/,yes,2026,183,1383,,60
GVRD Roofing Inc.,roofing contractor,Burnaby BC,(604) 445-4873,"1917 W 4th Ave #226, Vancouver, BC V6J 1M7, Canada",4.9,108,https://gvrdroofing.com/,real,https://maps.google.com/?cid=9921146176147677787&g_mp=Cidnb29nbGUubWFwcy5wbGFjZXMudjEuUGxhY2VzLlNlYXJjaFRleHQQAhgEIAA,yes,yes,https://gvrdroofing.com/,yes,,696,726,,60
Citadel Roofing & Waterproofing LTD.,roofing contractor,Coquitlam BC,(604) 612-3601,"1730 Coast Meridian Rd, Port Coquitlam, BC V3C 3T8, Canada",4.8,107,https://www.citadelroofing.ca/?utm_source=google&utm_medium=organic&utm_campaign=gmb-listing,real,https://maps.google.com/?cid=6320145962839842793&g_mp=Cidnb29nbGUubWFwcy5wbGFjZXMudjEuUGxhY2VzLlNlYXJjaFRleHQQAhgEIAA,yes,yes,https://www.citadelroofing.ca/?utm_source=google&utm_medium=organic&utm_campaign=gmb-listing,yes,2026,252,277,,60
GSM ROOF CLEANING LTD - Gutter cleaning Vancouver & Coquitlam,roofing contractor,Maple Ridge BC,(236) 501-2024,"22302 McIntosh Ave, Maple Ridge, BC V2X 3C1, Canada",5,102,http://www.gsmroofcleaning.ca/,real,https://maps.google.com/?cid=1552154791245872388&g_mp=Cidnb29nbGUubWFwcy5wbGFjZXMudjEuUGxhY2VzLlNlYXJjaFRleHQQAhgEIAA,yes,yes,https://www.gsmroofcleaning.ca/en,yes,,377,2180,,60
GES Electric,electrician,Surrey BC,(778) 688-5500,"6138 130b St, Surrey, BC V3X 2G9, Canada",5,106,http://www.geselectric.ca/,real,https://maps.google.com/?cid=8641195080879924850&g_mp=Cidnb29nbGUubWFwcy5wbGFjZXMudjEuUGxhY2VzLlNlYXJjaFRleHQQAhgEIAA,yes,no,http://www.geselectric.ca/,yes,2018,25,468,stale_copyright_2018;no_ssl,60
VanCan Electric Ltd.,electrician,Langley BC,(778) 743-3437,"27575 27A Ave, Langley Twp, BC V4W 0C4, Canada",5,200,https://vancanelectric.ca/?utm_source=gbp&utm_medium=local_listing&utm_campaign=website_button,real,https://maps.google.com/?cid=1435864605274001287&g_mp=Cidnb29nbGUubWFwcy5wbGFjZXMudjEuUGxhY2VzLlNlYXJjaFRleHQQAhgEIAA,yes,yes,https://vancanelectric.ca/?utm_source=gbp&utm_medium=local_listing&utm_campaign=website_button,yes,,749,981,,60
Premium Electric,electrician,Langley BC,(604) 308-6195,"33375 Maclure Rd #170, Abbotsford, BC V2S 0C4, Canada",4.9,456,https://www.premium-electric.ca/,real,https://maps.google.com/?cid=209888841167413457&g_mp=Cidnb29nbGUubWFwcy5wbGFjZXMudjEuUGxhY2VzLlNlYXJjaFRleHQQAhgEIAA,yes,yes,https://premium-electric.ca/,yes,2026,376,362,,60
WESPAC Electrical Contractors Ltd.,electrician,Langley BC,(604) 522-1322,"106 Blue Mountain St, Coquitlam, BC V3K 4G8, Canada",4.9,329,https://www.wespacelectric.com/,real,https://maps.google.com/?cid=12439447307746541315&g_mp=Cidnb29nbGUubWFwcy5wbGFjZXMudjEuUGxhY2VzLlNlYXJjaFRleHQQAhgEIAA,yes,yes,https://www.wespacelectric.com/,yes,,65,423,,60
Universal Electrical Services,electrician,Langley BC,(855) 791-2800,"45668 Storey Ave Unit 3, Chilliwack, BC V2R 4E4, Canada",5,536,https://www.universalelectrical.ca/,real,https://maps.google.com/?cid=11490953470672093602&g_mp=Cidnb29nbGUubWFwcy5wbGFjZXMudjEuUGxhY2VzLlNlYXJjaFRleHQQAhgEIAA,yes,yes,https://universalelectrical.ca/,yes,,889,5116,,60
Kato Electrical Inc.,electrician,Burnaby BC,(604) 330-5854,"1179 Grant St, Vancouver, BC V6A 2J6, Canada",4.9,314,http://www.katoelectrical.com/?utm_campaign=GMB,real,https://maps.google.com/?cid=13298219319482897242&g_mp=Cidnb29nbGUubWFwcy5wbGFjZXMudjEuUGxhY2VzLlNlYXJjaFRleHQQAhgEIAA,yes,yes,https://www.katoelectrical.com/,yes,,183,251,,60
"Mr. Handyman of Burnaby, New Westminster and N Vancouver",electrician,Burnaby BC,(604) 670-7422,"2800 Douglas Rd Unit F, Burnaby, BC V5B 4R6, Canada",4.7,263,https://www.mrhandyman.ca/vancouver-british-columbia-canada/?cid=LSTL_HMC000198&utm_source=gmb&utm_campaign=local&utm_medium=organic,real,https://maps.google.com/?cid=4165024019788106810&g_mp=Cidnb29nbGUubWFwcy5wbGFjZXMudjEuUGxhY2VzLlNlYXJjaFRleHQQAhgEIAA,yes,yes,https://www.mrhandyman.ca/vancouver-british-columbia-canada/?cid=LSTL_HMC000198&utm_source=gmb&utm_campaign=local&utm_medium=organic,yes,,1151,321,,60
Intel Power Electric Ltd.,electrician,Coquitlam BC,(778) 718-4881,"3669 Sefton St, Port Coquitlam, BC V3B 3R4, Canada",4.9,216,https://intelpower.ca/,real,https://maps.google.com/?cid=14626774317695442894&g_mp=Cidnb29nbGUubWFwcy5wbGFjZXMudjEuUGxhY2VzLlNlYXJjaFRleHQQAhgEIAA,yes,yes,https://intelpower.ca/,yes,,854,613,,60
Wicks Electric,electrician,Richmond BC,(604) 765-8439,"1990 Pandora St, Vancouver, BC V5L 0C7, Canada",4.9,270,http://www.wickselectric.ca/,real,https://maps.google.com/?cid=639938695487639986&g_mp=Cidnb29nbGUubWFwcy5wbGFjZXMudjEuUGxhY2VzLlNlYXJjaFRleHQQAhgEIAA,yes,yes,https://wickselectric.ca/,yes,,315,712,,60
TDR Electric Inc.,electrician,Richmond BC,(604) 987-4837,"1273 Clark Dr, Vancouver, BC V5L 3K6, Canada",4.9,320,https://www.tdrelectric.ca/,real,https://maps.google.com/?cid=17592412071790516088&g_mp=Cidnb29nbGUubWFwcy5wbGFjZXMudjEuUGxhY2VzLlNlYXJjaFRleHQQAhgEIAA,yes,yes,https://tdrelectric.ca/,yes,2026,142,965,,60
Arcwest Electric Ltd.,electrician,Richmond BC,(604) 910-2230,"256 E 2nd Ave #313, Vancouver, BC V5T 1B7, Canada",5,249,https://arcwestelectric.ca/,real,https://maps.google.com/?cid=6561208375304729640&g_mp=Cidnb29nbGUubWFwcy5wbGFjZXMudjEuUGxhY2VzLlNlYXJjaFRleHQQAhgEIAA,yes,yes,https://arcwestelectric.ca/,yes,,238,1838,,60
Influx Electric,electrician,Maple Ridge BC,(778) 751-6092,"13685 Mckercher Dr, Maple Ridge, BC V4R 0E1, Canada",5,261,https://influxelectric.ca/,real,https://maps.google.com/?cid=12832934956575042505&g_mp=Cidnb29nbGUubWFwcy5wbGFjZXMudjEuUGxhY2VzLlNlYXJjaFRleHQQAhgEIAA,yes,yes,https://influxelectric.ca/,yes,,348,521,,60
TCA Electric,electrician,North Vancouver BC,(778) 229-9480,"1625 Columbia St, North Vancouver, BC V7J 1A5, Canada",5,227,https://www.tcaelectric.ca/?utm_source=GBP&utm_medium=BsProfile,real,https://maps.google.com/?cid=3895766567549546686&g_mp=Cidnb29nbGUubWFwcy5wbGFjZXMudjEuUGxhY2VzLlNlYXJjaFRleHQQAhgEIAA,yes,yes,https://tcaelectric.ca/,yes,2026,207,454,,60
Davis Electrical,electrician,North Vancouver BC,(604) 916-3903,"627 Moberly Rd, Vancouver, BC V5Z 4B1, Canada",5,214,http://www.daviselectrical.ca/,real,https://maps.google.com/?cid=128776055293345206&g_mp=Cidnb29nbGUubWFwcy5wbGFjZXMudjEuUGxhY2VzLlNlYXJjaFRleHQQAhgEIAA,yes,yes,https://daviselectrical.ca/,yes,,508,580,,60
Whitley Electric,electrician,North Vancouver BC,(604) 283-2955,"1633 Ontario St #509, Vancouver, BC V5Y 0E4, Canada",5,208,https://www.whitleyelectric.com/,real,https://maps.google.com/?cid=7802693899326137698&g_mp=Cidnb29nbGUubWFwcy5wbGFjZXMudjEuUGxhY2VzLlNlYXJjaFRleHQQAhgEIAA,yes,yes,https://www.whitleyelectric.com/,yes,,511,441,,60
Fix'n'Go Auto Service,auto repair shop,Surrey BC,(604) 598-9111,"13302 76 Ave, Surrey, BC V3W 2W1, Canada",4.3,270,http://shoplocallybc.ca/CompanyProfile/fixngo,real,https://maps.google.com/?cid=8698274994010942978&g_mp=Cidnb29nbGUubWFwcy5wbGFjZXMudjEuUGxhY2VzLlNlYXJjaFRleHQQAhgEIAA,yes,no,http://shoplocallybc.ca/CompanyProfile/fixngo,yes,2015,77,2975,stale_copyright_2015;no_ssl,60
Fleetwood Automotive,auto repair shop,Surrey BC,(604) 597-9466,"8468 162 St #107, Surrey, BC V4N 1B4, Canada",4.6,317,http://fleetwoodautorepair.com/,real,https://maps.google.com/?cid=9679324209524330250&g_mp=Cidnb29nbGUubWFwcy5wbGFjZXMudjEuUGxhY2VzLlNlYXJjaFRleHQQAhgEIAA,yes,no,http://fleetwoodautorepair.com/,yes,2019,62,1310,stale_copyright_2019;no_ssl,60
Langley Brake Shop,auto repair shop,Langley BC,(604) 530-4311,"20091 Industrial Ave #101, Langley, BC V3A 4K6, Canada",4.9,228,http://thelangleybrakeshop.ca/,real,https://maps.google.com/?cid=12925302761260757288&g_mp=Cidnb29nbGUubWFwcy5wbGFjZXMudjEuUGxhY2VzLlNlYXJjaFRleHQQAhgEIAA,yes,no,http://thelangleybrakeshop.ca/,no,,2,157,not_mobile_ready;no_ssl,60
Westcoast Auto Repairs,auto repair shop,Burnaby BC,(604) 251-1936,"3810 E 1st Ave #5, Burnaby, BC V5C 3W1, Canada",4.8,442,http://www.westcoastautorepairs.com/,real,https://maps.google.com/?cid=5059622679300991167&g_mp=Cidnb29nbGUubWFwcy5wbGFjZXMudjEuUGxhY2VzLlNlYXJjaFRleHQQAhgEIAA,yes,no,http://www.westcoastautorepairs.com/,yes,,63,301,no_ssl;builder_weebly,60
Evolution Auto Repair,auto repair shop,Burnaby BC,(604) 523-9585,"7386 6th St, Burnaby, BC V3N 3L4, Canada",4.8,211,http://www.evolutionauto.ca,real,https://maps.google.com/?cid=16500108722064391646&g_mp=Cidnb29nbGUubWFwcy5wbGFjZXMudjEuUGxhY2VzLlNlYXJjaFRleHQQAhgEIAA,yes,no,http://www.evolutionauto.ca/,yes,2021,104,1196,stale_copyright_2021;no_ssl,60
Potenza Motor Works & Tires,auto repair shop,Burnaby BC,(604) 569-2858,"5558 Mavis St, Burnaby, BC V5J 1K5, Canada",4.9,389,http://potenzamotorworks.ca/,real,https://maps.google.com/?cid=8040705055211433009&g_mp=Cidnb29nbGUubWFwcy5wbGFjZXMudjEuUGxhY2VzLlNlYXJjaFRleHQQAhgEIAA,yes,yes,https://www.potenzamotorworks.ca/,yes,2024,673,575,stale_copyright_2024;builder_wix,60
Shortstop Auto Service,auto repair shop,Delta BC,(604) 943-4920,"1617 56 St, Delta, BC V4L 2B2, Canada",4.8,204,http://shortstop.ca/,real,https://maps.google.com/?cid=385271207420731779&g_mp=Cidnb29nbGUubWFwcy5wbGFjZXMudjEuUGxhY2VzLlNlYXJjaFRleHQQAhgEIAA,yes,no,http://shortstop.ca/,yes,2024,12,245,stale_copyright_2024;no_ssl,60
Albion Tire Ltd,auto repair shop,Maple Ridge BC,(604) 467-6722,"23382 River Rd, Maple Ridge, BC V2W 1B6, Canada",4.8,543,http://albiontireland.com/,real,https://maps.google.com/?cid=4166451290865242388&g_mp=Cidnb29nbGUubWFwcy5wbGFjZXMudjEuUGxhY2VzLlNlYXJjaFRleHQQAhgEIAA,yes,no,http://albiontireland.com/,yes,2022,14,280,stale_copyright_2022;no_ssl,60
Papa Plumbing Heating & Drainage Ltd,plumber,Surrey BC,(604) 437-7272,"14665 64 Ave, Surrey, BC V3S 1X6, Canada",4,319,https://papaplumbing.ca/,real,https://maps.google.com/?cid=3730367212869211639&g_mp=Cidnb29nbGUubWFwcy5wbGFjZXMudjEuUGxhY2VzLlNlYXJjaFRleHQQAhgEIAA,yes,yes,https://papaplumbing.ca/,yes,,186,302,,60
Hilltop Plumbing & Heating Ltd.,plumber,Surrey BC,(604) 536-5545,"1341 Johnston Rd, White Rock, BC V4B 3Z3, Canada",4.7,918,https://hilltopplumbing.com/,real,https://maps.google.com/?cid=6691018874063636275&g_mp=Cidnb29nbGUubWFwcy5wbGFjZXMudjEuUGxhY2VzLlNlYXJjaFRleHQQAhgEIAA,yes,yes,https://www.hilltopplumbing.com/,yes,,84,1413,,60
Uncle Bill's Hillcrest Plumbing & Heating,plumber,Richmond BC,(604) 337-4007,"212 E 17th Ave, Vancouver, BC V5V 1A7, Canada",4.7,423,https://hillcrestplumbing.com/?utm_source=google&utm_medium=gbp&utm_campaign=website,real,https://maps.google.com/?cid=2444610653995904010&g_mp=Cidnb29nbGUubWFwcy5wbGFjZXMudjEuUGxhY2VzLlNlYXJjaFRleHQQAhgEIAA,yes,yes,https://hillcrestplumbing.com/?utm_source=google&utm_medium=gbp&utm_campaign=website,yes,2026,271,1037,,60
Pacific Blue Mechanical & Plumbing,plumber,Richmond BC,(604) 652-9468,"475 W Georgia St #830, Vancouver, BC V6B 4M9, Canada",5,592,https://pacificbluemechanical.ca/,real,https://maps.google.com/?cid=6828831448709467034&g_mp=Cidnb29nbGUubWFwcy5wbGFjZXMudjEuUGxhY2VzLlNlYXJjaFRleHQQAhgEIAA,yes,yes,https://pacificbluemechanical.ca/,yes,2026,215,319,,60
iHost Solutions Ltd.,plumber,North Vancouver BC,(604) 399-4797,"2030 Marine Dr #439, North Vancouver, BC V7P 1V7, Canada",5,213,https://www.ihost604.ca/,real,https://maps.google.com/?cid=1642561589749642552&g_mp=Cidnb29nbGUubWFwcy5wbGFjZXMudjEuUGxhY2VzLlNlYXJjaFRleHQQAhgEIAA,yes,yes,https://ihost604.ca/,yes,,6,339,,60
Pacific West Mechanical Ltd,hvac contractor,Richmond BC,(604) 294-6800,"662 Evans Ave, Vancouver, BC V6A 2K9, Canada",4,205,https://www.pacificwestmechanical.com/,real,https://maps.google.com/?cid=3757472291415327274&g_mp=Cidnb29nbGUubWFwcy5wbGFjZXMudjEuUGxhY2VzLlNlYXJjaFRleHQQAhgEIAA,yes,yes,https://pacificwestmechanical.com/,yes,2026,129,177,,60
Budget Heating & Plumbing Services Ltd,plumber,North Vancouver BC,(604) 343-1985,"2030 Marine Dr #432, North Vancouver, BC V7P 1V7, Canada",4.6,190,https://www.budgetheating.ca/,real,https://maps.google.com/?cid=8796394775094345526&g_mp=Cidnb29nbGUubWFwcy5wbGFjZXMudjEuUGxhY2VzLlNlYXJjaFRleHQQAhgEIAA,yes,yes,https://budgetheating.ca/,yes,,26,1125,,59
Fraser Valley Heating Ltd,hvac contractor,Surrey BC,(604) 541-5740,"2675 184 St, Surrey, BC V3Z 9V2, Canada",5,192,http://www.fraservalleyheatingltd.com/,real,https://maps.google.com/?cid=13231477531832591939&g_mp=Cidnb29nbGUubWFwcy5wbGFjZXMudjEuUGxhY2VzLlNlYXJjaFRleHQQAhgEIAA,yes,yes,https://fraservalleyheating.com/,yes,,27,2361,,59
BC Furnace & Air Conditioning Ltd,hvac contractor,Coquitlam BC,(604) 415-9471,"75 Blue Mountain St #3, Coquitlam, BC V3K 0A7, Canada",4.1,195,https://bcfurnace.com/,real,https://maps.google.com/?cid=6766412677409069136&g_mp=Cidnb29nbGUubWFwcy5wbGFjZXMudjEuUGxhY2VzLlNlYXJjaFRleHQQAhgEIAA,yes,yes,https://bcfurnace.com/,yes,,70,383,,59
FlameCo Heating Services,hvac contractor,Maple Ridge BC,(604) 833-1333,"22358 Dewdney Trunk Rd, Maple Ridge, BC V2X 3J2, Canada",4.8,190,https://flameco.ca/?utm_campaign=gmb,real,https://maps.google.com/?cid=11412961340874398760&g_mp=Cidnb29nbGUubWFwcy5wbGFjZXMudjEuUGxhY2VzLlNlYXJjaFRleHQQAhgEIAA,yes,yes,https://flameco.ca/?utm_campaign=gmb,yes,2026,285,446,,59
Flat Roofing B.C. Inc,roofing contractor,Surrey BC,(604) 385-3178,"15388 24 Ave Unit 202, Surrey, BC V4A 2J2, Canada",5,48,https://www.flatroofingbc.com/,real,https://maps.google.com/?cid=14411106164652517311&g_mp=Cidnb29nbGUubWFwcy5wbGFjZXMudjEuUGxhY2VzLlNlYXJjaFRleHQQAhgEIAA,yes,yes,https://flatroofingbc.com/,yes,2024,160,282,stale_copyright_2024,59
Great West Enterprises Ltd,roofing contractor,Langley BC,(778) 400-6129,"14301 256 St #307, Maple Ridge, BC V4R 1C9, Canada",5,92,https://greatwestroof.ca/?utm_campaign=gmb,real,https://maps.google.com/?cid=7375732119487714117&g_mp=Cidnb29nbGUubWFwcy5wbGFjZXMudjEuUGxhY2VzLlNlYXJjaFRleHQQAhgEIAA,yes,yes,https://greatwestroof.ca/?utm_campaign=gmb,yes,2026,316,255,,59
Proper Roofing,roofing contractor,Burnaby BC,(778) 554-8350,"1710 Harbour Dr, Coquitlam, BC V3J 5W2, Canada",5,94,http://properroofingco.com/,real,https://maps.google.com/?cid=15599256106243347287&g_mp=Cidnb29nbGUubWFwcy5wbGFjZXMudjEuUGxhY2VzLlNlYXJjaFRleHQQAhgEIAA,yes,yes,https://properroofingco.com/,yes,,895,165,,59
Big Truss Roof Cleaning Inc.,roofing contractor,Burnaby BC,(778) 858-6355,"8007 18th Ave, Burnaby, BC V3N 1J9, Canada",5,46,http://bigtrussroofcleaning.com/,real,https://maps.google.com/?cid=6502033342928340936&g_mp=Cidnb29nbGUubWFwcy5wbGFjZXMudjEuUGxhY2VzLlNlYXJjaFRleHQQAhgEIAA,yes,yes,https://bigtrussroofcleaning.com/,yes,2023,160,713,stale_copyright_2023,59
Raise the Roof Roofing & Repair Ltd.,roofing contractor,Richmond BC,(778) 385-9585,"1750 William St, Vancouver, BC V5L 2R4, Canada",4.7,46,http://raisetheroofroofing.com/,real,https://maps.google.com/?cid=15359810664047730524&g_mp=Cidnb29nbGUubWFwcy5wbGFjZXMudjEuUGxhY2VzLlNlYXJjaFRleHQQAhgEIAA,yes,yes,https://raisetheroofroofing.com/,yes,2024,83,209,stale_copyright_2024,59
Excalibur Electric,electrician,Langley BC,(604) 556-9903,"34159 Kirkpatrick Ave, Mission, BC V2V 0B4, Canada",5,193,https://www.excaliburelectric.ca/,real,https://maps.google.com/?cid=12568192880223148987&g_mp=Cidnb29nbGUubWFwcy5wbGFjZXMudjEuUGxhY2VzLlNlYXJjaFRleHQQAhgEIAA,yes,yes,https://www.excaliburelectric.ca/,yes,2026,107,354,,59
Kato Electrical Inc.,electrician,Burnaby BC,(604) 239-5752,"9603 Manchester Dr #403, Burnaby, BC V3N 4R4, Canada",5,196,http://www.katoelectrical.com/,real,https://maps.google.com/?cid=14455460306349325021&g_mp=Cidnb29nbGUubWFwcy5wbGFjZXMudjEuUGxhY2VzLlNlYXJjaFRleHQQAhgEIAA,yes,yes,https://www.katoelectrical.com/,yes,,183,537,,59
Blue Sea Plumbing & Heating Ltd.,plumber,Surrey BC,(604) 720-2862,"8078 128 St #204, Surrey, BC V3W 4E9, Canada",4.9,188,https://blueseaplumbing.com/,real,https://maps.google.com/?cid=14445962617323277008&g_mp=Cidnb29nbGUubWFwcy5wbGFjZXMudjEuUGxhY2VzLlNlYXJjaFRleHQQAhgEIAA,yes,yes,https://blueseaplumbing.com/,yes,2026,90,425,,58
Platinum Ridge Plumbing LTD.,plumber,Richmond BC,(778) 868-7166,"4418 Yew St, Vancouver, BC V6L 3C8, Canada",5,132,http://www.platinumridgeplumbing.com/,real,https://maps.google.com/?cid=12131047025019433948&g_mp=Cidnb29nbGUubWFwcy5wbGFjZXMudjEuUGxhY2VzLlNlYXJjaFRleHQQAhgEIAA,yes,yes,https://platinumridgeplumbing.com/,yes,2020,125,279,stale_copyright_2020,58
Lonsdale Plumbers Ltd,plumber,North Vancouver BC,(604) 726-3530,"1605 St Georges Ave #6, North Vancouver, BC V7L 3J6, Canada",4.9,134,http://lonsdaleplumbers.com/,real,https://maps.google.com/?cid=15127390181990458175&g_mp=Cidnb29nbGUubWFwcy5wbGFjZXMudjEuUGxhY2VzLlNlYXJjaFRleHQQAhgEIAA,yes,no,http://lonsdaleplumbers.com/,yes,,2,140,no_ssl,58
Global Plumbing Inc,plumber,North Vancouver BC,(604) 721-6075,"1420 Keith Rd W, North Vancouver, BC V7P 1Z2, Canada",4.9,184,http://www.globalplumbinginc.ca/,real,https://maps.google.com/?cid=9923022790092816723&g_mp=Cidnb29nbGUubWFwcy5wbGFjZXMudjEuUGxhY2VzLlNlYXJjaFRleHQQAhgEIAA,yes,yes,https://globalplumbinginc.ca/,yes,2026,188,218,,58
BC Wide Home Services Ltd,hvac contractor,Burnaby BC,(604) 473-9690,"7325 6th St, Burnaby, BC V3N 3L2, Canada",4.7,180,http://www.bcwide.ca/,real,https://maps.google.com/?cid=8131779319130778848&g_mp=Cidnb29nbGUubWFwcy5wbGFjZXMudjEuUGxhY2VzLlNlYXJjaFRleHQQAhgEIAA,yes,yes,https://bcwide.ca/,yes,,443,2771,,58
Auto Tech Air Conditioning Inc,hvac contractor,Maple Ridge BC,(604) 460-1422,"20172 113b Ave #16, Maple Ridge, BC V2X 0Y9, Canada",4.9,139,https://autotechac.com/,real,https://maps.google.com/?cid=1061104793212886953&g_mp=Cidnb29nbGUubWFwcy5wbGFjZXMudjEuUGxhY2VzLlNlYXJjaFRleHQQAhgEIAA,dead,no,,no,,,,unreachable_UND_ERR_CONNECT_TIMEOUT,58
SRS Roofing & Exteriors,roofing contractor,Surrey BC,(604) 655-8194,"7290 123 St., Surrey, BC V3W 9J1, Canada",4.8,81,https://www.srsroofing.ca/,real,https://maps.google.com/?cid=825221272278303672&g_mp=Cidnb29nbGUubWFwcy5wbGFjZXMudjEuUGxhY2VzLlNlYXJjaFRleHQQAhgEIAA,yes,yes,https://www.srsroofing.ca/,yes,2026,373,937,,58
Canam Roofing Ltd.,roofing contractor,Surrey BC,(778) 881-1417,"12266 68 A Ave, Surrey, BC V3W 0X3, Canada",4.9,36,http://www.canamroofing.ca/,real,https://maps.google.com/?cid=5785075645160711615&g_mp=Cidnb29nbGUubWFwcy5wbGFjZXMudjEuUGxhY2VzLlNlYXJjaFRleHQQAhgEIAA,yes,yes,https://canamroofing.ca/,yes,,120,1757,builder_web,58
M.D. Roofing Ltd.,roofing contractor,Surrey BC,(778) 882-0183,"7295 145a St, Surrey, BC V3S 2Y8, Canada",5,32,http://mdroofingservices.ca/,real,https://maps.google.com/?cid=9400943915508325017&g_mp=Cidnb29nbGUubWFwcy5wbGFjZXMudjEuUGxhY2VzLlNlYXJjaFRleHQQAhgEIAA,yes,yes,https://mdroofingservices.ca/,yes,2024,326,433,stale_copyright_2024,58
Dignity Roofing & Exteriors,roofing contractor,Surrey BC,(604) 330-9903,"South Tower, 5811 Cooney Rd. Suite 305, Richmond, BC V6X 3M1, Canada",5,83,http://dignityroofing.ca/,real,https://maps.google.com/?cid=1057189079159332705&g_mp=Cidnb29nbGUubWFwcy5wbGFjZXMudjEuUGxhY2VzLlNlYXJjaFRleHQQAhgEIAA,yes,yes,https://dignityroofing.ca/,yes,,232,235,,58
On Top Roofing,roofing contractor,Langley BC,(604) 812-6536,"3295 Coast Meridian Rd, Port Coquitlam, BC V3B 3N3, Canada",4.7,85,http://www.ontop-roofing.ca/,real,https://maps.google.com/?cid=6178924011649240626&g_mp=Cidnb29nbGUubWFwcy5wbGFjZXMudjEuUGxhY2VzLlNlYXJjaFRleHQQAhgEIAA,yes,yes,https://ontop-roofing.ca/,yes,2026,234,435,,58
Taves Roofing,roofing contractor,Burnaby BC,(604) 524-6695,"7228 Winston St, Burnaby, BC V5A 2G9, Canada",4.4,80,https://tavesroofing.com/burnaby-roof-repair/,real,https://maps.google.com/?cid=5814849755794289900&g_mp=Cidnb29nbGUubWFwcy5wbGFjZXMudjEuUGxhY2VzLlNlYXJjaFRleHQQAhgEIAA,yes,yes,https://tavesroofing.com/burnaby-roof-repair/,yes,,291,213,,58
Stormrider Roof Repairs,roofing contractor,Burnaby BC,(604) 803-2808,"3665 Kingsway, Vancouver, BC V5R 5W2, Canada",4.7,32,https://stormrider604.com/,real,https://maps.google.com/?cid=6859129223887480891&g_mp=Cidnb29nbGUubWFwcy5wbGFjZXMudjEuUGxhY2VzLlNlYXJjaFRleHQQAhgEIAA,yes,yes,https://stormrider604.com/,yes,2019,80,1472,stale_copyright_2019,58
Cambie Roofing Contractors Ltd,roofing contractor,Burnaby BC,(604) 261-1111,"1367 E Kent Avenue N, Vancouver, BC V5X 4T6, Canada",4.1,86,https://cambieroofing.com/,real,https://maps.google.com/?cid=1739896184513617337&g_mp=Cidnb29nbGUubWFwcy5wbGFjZXMudjEuUGxhY2VzLlNlYXJjaFRleHQQAhgEIAA,yes,yes,https://cambieroofing.com/,yes,2026,216,1131,,58
HighEnd Electrical Ltd,electrician,Surrey BC,(604) 375-9476,"8633 159 St, Surrey, BC V4N 5W1, Canada",5,81,http://highendelectricals.com/,real,https://maps.google.com/?cid=3441156905100881464&g_mp=Cidnb29nbGUubWFwcy5wbGFjZXMudjEuUGxhY2VzLlNlYXJjaFRleHQQAhgEIAA,yes,no,http://highendelectricals.com/,yes,2016,61,1329,stale_copyright_2016;no_ssl,58
Dundee Auto Electric Ltd,electrician,Langley BC,(604) 533-0515,"20701 Langley Bypass, Langley, BC V3A 5E8, Canada",4.9,135,http://dundeeauto.ca/,real,https://maps.google.com/?cid=2596990734932739494&g_mp=Cidnb29nbGUubWFwcy5wbGFjZXMudjEuUGxhY2VzLlNlYXJjaFRleHQQAhgEIAA,yes,no,http://dundeeauto.ca/,yes,,70,333,no_ssl,58
Cove Power,electrician,North Vancouver BC,(604) 924-6667,"1455 Percy Ct, North Vancouver, BC V7G 2N3, Canada",4.9,189,https://covepower.com/?utm_source=googlemybusiness&utm_medium=Organic&utm_campaign=GoogleMyBusiness,real,https://maps.google.com/?cid=10673317199817975433&g_mp=Cidnb29nbGUubWFwcy5wbGFjZXMudjEuUGxhY2VzLlNlYXJjaFRleHQQAhgEIAA,yes,yes,https://covepower.com/?utm_source=googlemybusiness&utm_medium=Organic&utm_campaign=GoogleMyBusiness,yes,2025,97,1247,,58
Orion Automotive Inc,auto repair shop,Coquitlam BC,(604) 783-3533,"910 Tupper Ave #5, Coquitlam, BC V3K 1A5, Canada",4.9,181,http://www.orionmotorcars.com/,real,https://maps.google.com/?cid=4967799712563596492&g_mp=Cidnb29nbGUubWFwcy5wbGFjZXMudjEuUGxhY2VzLlNlYXJjaFRleHQQAhgEIAA,yes,no,http://orionmotorcars.com/,yes,2022,80,1903,stale_copyright_2022;no_ssl,58
T&T Parts LTD.,auto repair shop,Maple Ridge BC,(604) 463-7822,"11970 227 St, Maple Ridge, BC V2X 6J2, Canada",4.5,185,http://ttautoparts.ca/,real,https://maps.google.com/?cid=1907549159575866150&g_mp=Cidnb29nbGUubWFwcy5wbGFjZXMudjEuUGxhY2VzLlNlYXJjaFRleHQQAhgEIAA,yes,yes,https://www.ttautoparts.ca/,yes,2023,421,845,stale_copyright_2023;builder_wix,58
Ideal Siding Coquitlam,roofing contractor,Coquitlam BC,(604) 239-5895,"2980 Atlantic Ave Unit 1104, Coquitlam, BC V3B 0B9, Canada",5,35,https://idealsiding.com/ca/locations/siding-coquitlam/,real,https://maps.google.com/?cid=11375652060662765576&g_mp=Cidnb29nbGUubWFwcy5wbGFjZXMudjEuUGxhY2VzLlNlYXJjaFRleHQQAhgEIAA,yes,yes,https://idealsiding.com/ca/locations/siding-coquitlam/,yes,2019,205,352,stale_copyright_2019,58
Clearbrook Roofing Ltd,roofing contractor,Maple Ridge BC,(604) 854-1012,"34313 Farmer Rd, Abbotsford, BC V2S 7M4, Canada",4.9,33,http://www.clearbrookroofing.com/,real,https://maps.google.com/?cid=3642161584075792363&g_mp=Cidnb29nbGUubWFwcy5wbGFjZXMudjEuUGxhY2VzLlNlYXJjaFRleHQQAhgEIAA,yes,no,http://www.clearbrookroofing.com/,yes,2026,61,259,no_ssl,58
7 Days Auto Centre,auto repair shop,Delta BC,(778) 898-6319,"146 W 71st Ave, Vancouver, BC V5X 4S7, Canada",4.7,182,http://www.7daysautocentre.com/,real,https://maps.google.com/?cid=12040761681428285397&g_mp=Cidnb29nbGUubWFwcy5wbGFjZXMudjEuUGxhY2VzLlNlYXJjaFRleHQQAhgEIAA,yes,no,http://www.7daysautocentre.com/,no,,0,311,not_mobile_ready;no_ssl,58
Straight Up Mechanical Ltd,plumber,Langley BC,(604) 418-7807,"19950 88 Ave E #309, Langley Twp, BC V1M 0A5, Canada",5,175,http://www.straightupmechanical.com/,real,https://maps.google.com/?cid=1150468534896559810&g_mp=Cidnb29nbGUubWFwcy5wbGFjZXMudjEuUGxhY2VzLlNlYXJjaFRleHQQAhgEIAA,yes,yes,https://straightupmechanical.com/,yes,,150,1163,,57
"The Pipe Doctor Plumbing, Heating & Cooling LTD.",plumber,Delta BC,(778) 991-1173,"6870 Rockford Pl, Delta, BC V4E 2S5, Canada",5,75,https://www.thepipedoctorbc.ca/,real,https://maps.google.com/?cid=9362480440185328488&g_mp=Cidnb29nbGUubWFwcy5wbGFjZXMudjEuUGxhY2VzLlNlYXJjaFRleHQQAhgEIAA,yes,yes,https://www.thepipedoctorbc.ca/,yes,2023,640,241,stale_copyright_2023;builder_wix,57
Grove Mechanical - Heating & Cooling Experts,hvac contractor,Surrey BC,(604) 371-4949,"19533 96 Ave #3, Surrey, BC V4N 4C5, Canada",4.9,173,https://grovemechanical.ca/,real,https://maps.google.com/?cid=13389475547323383370&g_mp=Cidnb29nbGUubWFwcy5wbGFjZXMudjEuUGxhY2VzLlNlYXJjaFRleHQQAhgEIAA,yes,yes,https://grovemechanical.ca/,yes,,392,1233,,57
BCRC Heating and Cooling,hvac contractor,Burnaby BC,(604) 781-7272,"6851 Sellers Ave, Burnaby, BC V5J 4R2, Canada",4.9,174,https://bcrcheating.com/,real,https://maps.google.com/?cid=2893986466690942322&g_mp=Cidnb29nbGUubWFwcy5wbGFjZXMudjEuUGxhY2VzLlNlYXJjaFRleHQQAhgEIAA,yes,yes,https://bcrcheating.com/,yes,,145,2758,,57
Mom's Heating & Cooling,hvac contractor,Burnaby BC,(604) 260-0366,"4888 Hazel St #308, Burnaby, BC V5H 4T4, Canada",4.7,171,http://www.momsheatingandcooling.com/,real,https://maps.google.com/?cid=15616081981860102707&g_mp=Cidnb29nbGUubWFwcy5wbGFjZXMudjEuUGxhY2VzLlNlYXJjaFRleHQQAhgEIAA,yes,yes,https://momsheatingandcooling.com/,yes,2026,280,2467,,57
Greentech Air Conditioning and Heating (HVAC),hvac contractor,North Vancouver BC,(604) 493-2033,"1863 Welch St, North Vancouver, BC V7P 1B7, Canada",4.9,176,https://www.greentechhvacsystems.com/,real,https://maps.google.com/?cid=10206431241421172194&g_mp=Cidnb29nbGUubWFwcy5wbGFjZXMudjEuUGxhY2VzLlNlYXJjaFRleHQQAhgEIAA,yes,yes,https://www.greentechhvacsystems.com/,yes,2026,333,826,,57
Canyon Crest Roofing Ltd,roofing contractor,Surrey BC,(778) 791-8108,"13191 72 Ave, Surrey, BC V3W 2N4, Canada",4.9,70,https://canyoncrestroofing.ca/,real,https://maps.google.com/?cid=1139036354375876510&g_mp=Cidnb29nbGUubWFwcy5wbGFjZXMudjEuUGxhY2VzLlNlYXJjaFRleHQQAhgEIAA,yes,yes,https://canyoncrestroofing.ca/,yes,2026,176,4495,,57
JMT Roofing,roofing contractor,Surrey BC,(604) 960-1363,"1588 Derwent Wy #101, Delta, BC V3M 6Z7, Canada",4.9,77,http://www.jmtroofing.com/,real,https://maps.google.com/?cid=18318807563701027974&g_mp=Cidnb29nbGUubWFwcy5wbGFjZXMudjEuUGxhY2VzLlNlYXJjaFRleHQQAhgEIAA,yes,yes,https://jmtroofing.com/,yes,2025,407,1056,,57
Spartan Roofing Ltd,roofing contractor,Surrey BC,(778) 957-7663,"22797 Balabanian Cir, Maple Ridge, BC V2X 8Z5, Canada",5,71,https://spartanroofingbc.com/,real,https://maps.google.com/?cid=5399704323949722191&g_mp=Cidnb29nbGUubWFwcy5wbGFjZXMudjEuUGxhY2VzLlNlYXJjaFRleHQQAhgEIAA,yes,yes,https://spartanroofingbc.com/,yes,2026,304,1037,,57
DC Roofing Inc,roofing contractor,Surrey BC,(604) 503-3500,"8468 162 St, Surrey, BC V4N 1B4, Canada",4.8,20,http://www.dcroofing.ca/,real,https://maps.google.com/?cid=11685235440310932046&g_mp=Cidnb29nbGUubWFwcy5wbGFjZXMudjEuUGxhY2VzLlNlYXJjaFRleHQQAhgEIAA,yes,yes,https://www.dcroofing.ca/,yes,2026,118,7291,slow_load,57
Sierrans Roofing Ltd.,roofing contractor,Langley BC,(236) 662-3667,"19951 80A Ave, Langley Twp, BC V2Y 3G8, Canada",5,72,https://sierransroofing.ca/,real,https://maps.google.com/?cid=8326464444291907560&g_mp=Cidnb29nbGUubWFwcy5wbGFjZXMudjEuUGxhY2VzLlNlYXJjaFRleHQQAhgEIAA,yes,yes,https://www.sierransroofing.ca/,yes,,320,4699,,57
Ikay Roofing,roofing contractor,Langley BC,(778) 809-8480,"18956 65 Ave, Surrey, BC V3S 8V4, Canada",5,20,http://ikayroofing.ca/,real,https://maps.google.com/?cid=16978202952726021617&g_mp=Cidnb29nbGUubWFwcy5wbGFjZXMudjEuUGxhY2VzLlNlYXJjaFRleHQQAhgEIAA,dead,no,,no,,,,unreachable_ENOTFOUND,57
Rydel Roofing,roofing contractor,Burnaby BC,(855) 447-9335,"4111 Hastings St, Burnaby, BC V5C 6T7, Canada",4.9,77,https://rydelroofing.ca/franchise/burnaby-coquitlam/,real,https://maps.google.com/?cid=16820367680253490316&g_mp=Cidnb29nbGUubWFwcy5wbGFjZXMudjEuUGxhY2VzLlNlYXJjaFRleHQQAhgEIAA,yes,yes,https://rydelroofing.ca/franchise/vancouver/,yes,2026,367,2307,,57
Best Quality Roofing,roofing contractor,Coquitlam BC,(604) 716-5325,"1225 Kingsway Ave #2114, Port Coquitlam, BC V3C 1S5, Canada",4.4,29,https://www.bcroofing.ca/,real,https://maps.google.com/?cid=5287021196779713234&g_mp=Cidnb29nbGUubWFwcy5wbGFjZXMudjEuUGxhY2VzLlNlYXJjaFRleHQQAhgEIAA,yes,yes,https://www.bcroofing.ca/,yes,2022,95,986,stale_copyright_2022,57
Professional Siding,roofing contractor,Maple Ridge BC,(236) 514-7878,"#11998, Maple Ridge, BC V2X 2R2, Canada",4.9,78,https://sidingpro.ca/,real,https://maps.google.com/?cid=9683339678039471980&g_mp=Cidnb29nbGUubWFwcy5wbGFjZXMudjEuUGxhY2VzLlNlYXJjaFRleHQQAhgEIAA,yes,yes,https://sidingpro.ca/,yes,,295,730,,57
Vancouver Roofing & Solar,roofing contractor,North Vancouver BC,(604) 338-5257,"224 Esplanade W #584, North Vancouver, BC V7M 1A4, Canada",5,22,https://www.vancouveroofing.com/,real,https://maps.google.com/?cid=9962196966494674393&g_mp=Cidnb29nbGUubWFwcy5wbGFjZXMudjEuUGxhY2VzLlNlYXJjaFRleHQQAhgEIAA,yes,yes,https://www.vancouveroofing.com/,yes,,1513,177,builder_wix,57
Intense Voltage Electrical Ltd.,electrician,Surrey BC,(604) 446-5777,"12468 82 Ave, Surrey, BC V3W 3E9, Canada",4.8,174,https://intensevoltage.com/,real,https://maps.google.com/?cid=2808134907679719790&g_mp=Cidnb29nbGUubWFwcy5wbGFjZXMudjEuUGxhY2VzLlNlYXJjaFRleHQQAhgEIAA,yes,yes,https://intensevoltage.com/,yes,2026,102,491,,57
Wood Electric,electrician,Delta BC,(604) 943-4238,"5172 Kilkenny Dr, Delta, BC V4M 3R7, Canada",4.9,170,http://www.woodelectric.ca/,real,https://maps.google.com/?cid=3159798820067404053&g_mp=Cidnb29nbGUubWFwcy5wbGFjZXMudjEuUGxhY2VzLlNlYXJjaFRleHQQAhgEIAA,yes,yes,https://www.woodelectric.ca/,yes,,50,714,,57
Perfect Fit Plumbing Heating and Air,plumber,Langley BC,(604) 628-3333,"19748 86 Ave A140, Langley Twp, BC V2Y 1Z5, Canada",4.3,124,https://perfectfitplumbing.com/,real,https://maps.google.com/?cid=7893350320226388396&g_mp=Cidnb29nbGUubWFwcy5wbGFjZXMudjEuUGxhY2VzLlNlYXJjaFRleHQQAhgEIAA,yes,yes,https://perfectfitplumbing.com/,yes,,483,343,builder_duda,57
J. Murphy's Contracting Inc.,roofing contractor,Maple Ridge BC,(604) 868-4566,"22441 Dewdney Trunk Rd, Maple Ridge, BC V2X 7X7, Canada",5,27,http://www.jmurphyscontracting.ca/,real,https://maps.google.com/?cid=15959353903734211572&g_mp=Cidnb29nbGUubWFwcy5wbGFjZXMudjEuUGxhY2VzLlNlYXJjaFRleHQQAhgEIAA,dead,no,,no,,,,unreachable_UND_ERR_CONNECT_TIMEOUT,57
ROMA Heating Ltd,hvac contractor,Burnaby BC,(604) 924-7273,"2800 Douglas Rd B, Burnaby, BC V5C 5B7, Canada",4.8,161,https://romaheating.ca/,real,https://maps.google.com/?cid=11508081999965062260&g_mp=Cidnb29nbGUubWFwcy5wbGFjZXMudjEuUGxhY2VzLlNlYXJjaFRleHQQAhgEIAA,yes,yes,https://romaheating.ca/,yes,,501,486,,56
Big Valley Heating & Sheet Metal Ltd.,hvac contractor,Maple Ridge BC,(604) 467-6474,"11868 216 St, Maple Ridge, BC V2X 5H8, Canada",4.7,164,https://www.bigvalleyheating.ca/?utm_source=google&utm_medium=organic&utm_campaign=gbp,real,https://maps.google.com/?cid=10936891269144696667&g_mp=Cidnb29nbGUubWFwcy5wbGFjZXMudjEuUGxhY2VzLlNlYXJjaFRleHQQAhgEIAA,yes,yes,https://www.bigvalleyheating.ca/?utm_source=google&utm_medium=organic&utm_campaign=gbp,yes,,105,747,,56
Highcrest Roofing and Gutters Limited,roofing contractor,Surrey BC,(236) 558-6706,"10274 129a St, Surrey, BC V3T 3K3, Canada",5,19,https://highcrestroofingandgutter.ca/,real,https://maps.google.com/?cid=10298496910893070679&g_mp=Cidnb29nbGUubWFwcy5wbGFjZXMudjEuUGxhY2VzLlNlYXJjaFRleHQQAhgEIAA,ssl_error,no,,no,,,,broken_ssl,56
South-West Roof Restoration Inc.,roofing contractor,Surrey BC,(604) 760-7935,"15355 24 Ave #233, Surrey, BC V4A 2J1, Canada",4.8,19,https://southwestroof.ca/,real,https://maps.google.com/?cid=6287578343639804646&g_mp=Cidnb29nbGUubWFwcy5wbGFjZXMudjEuUGxhY2VzLlNlYXJjaFRleHQQAhgEIAA,yes,yes,https://southwestroof.ca/,yes,2025,173,14901,slow_load,56
M & B Roofing Ltd.,roofing contractor,Surrey BC,(778) 862-7305,"1390, 8888 Odlin Crescent Suite 1263, Richmond, BC V6X 3Z8, Canada",5,16,http://www.mbroofing.ca/,real,https://maps.google.com/?cid=16565846510906566228&g_mp=Cidnb29nbGUubWFwcy5wbGFjZXMudjEuUGxhY2VzLlNlYXJjaFRleHQQAhgEIAA,yes,yes,https://mbroofing.ca/,yes,2020,68,3624,stale_copyright_2020,56
21st Century Roofers Ltd,roofing contractor,Langley BC,(778) 298-5810,"20094 Fernridge Crescent, Langley Twp, BC V2Z 1X4, Canada",5,61,https://21stcentury.ca/,real,https://maps.google.com/?cid=5879490501071834385&g_mp=Cidnb29nbGUubWFwcy5wbGFjZXMudjEuUGxhY2VzLlNlYXJjaFRleHQQAhgEIAA,yes,yes,https://21stcentury.ca/,yes,,267,786,,56
3 King's Roofing and Renovations Inc.,roofing contractor,Langley BC,(778) 868-1906,"4323 Inverness St, Vancouver, BC V5V 4X1, Canada",4.6,68,https://www.roofing-vancouver.ca/,real,https://maps.google.com/?cid=6472274422649214620&g_mp=Cidnb29nbGUubWFwcy5wbGFjZXMudjEuUGxhY2VzLlNlYXJjaFRleHQQAhgEIAA,yes,yes,https://www.roofing-vancouver.ca/,yes,2026,235,309,,56
Clean Gutters Crew,roofing contractor,Langley BC,(672) 500-6060,"7230 202 St., Langley, BC V2Y 3G4, Canada",5,62,https://cgc-services.ca/,real,https://maps.google.com/?cid=14235613199647450985&g_mp=Cidnb29nbGUubWFwcy5wbGFjZXMudjEuUGxhY2VzLlNlYXJjaFRleHQQAhgEIAA,yes,yes,https://cgc-services.ca/,yes,2026,39,786,,56
Max Roofing,roofing contractor,Burnaby BC,(604) 239-9834,"2922 E Kent Avenue S #15, Vancouver, BC V5S 0G6, Canada",4.6,67,https://maxroofingbc.ca/?utm_campaign=gmb,real,https://maps.google.com/?cid=3736221184168593373&g_mp=Cidnb29nbGUubWFwcy5wbGFjZXMudjEuUGxhY2VzLlNlYXJjaFRleHQQAhgEIAA,yes,yes,https://maxroofingbc.ca/?utm_campaign=gmb,yes,,655,2411,,56
Mountain West Roofing Inc. - Coquitlam Roofing,roofing contractor,Coquitlam BC,(604) 474-1185,"1342 Glenbrook St, Coquitlam, BC V3E 3G8, Canada",4.8,62,http://www.mwroofing.ca/?utm_source=google&utm_medium=local&utm_campaign=google_business_profile,real,https://maps.google.com/?cid=6675709367606562958&g_mp=Cidnb29nbGUubWFwcy5wbGFjZXMudjEuUGxhY2VzLlNlYXJjaFRleHQQAhgEIAA,yes,yes,https://www.mwroofing.ca/?utm_source=google&utm_medium=local&utm_campaign=google_business_profile,yes,,156,2900,,56
Design Roofing & Sheet Metal Ltd,roofing contractor,Coquitlam BC,(604) 944-2977,"1385 Kingsway Ave, Port Coquitlam, BC V3C 1S2, Canada",4.3,64,http://www.designroofing.ca/,real,https://maps.google.com/?cid=3245144613115850405&g_mp=Cidnb29nbGUubWFwcy5wbGFjZXMudjEuUGxhY2VzLlNlYXJjaFRleHQQAhgEIAA,yes,yes,https://www.designroofing.ca/,yes,2026,53,533,,56
AAA Roofing Ltd,roofing contractor,Delta BC,(604) 825-8101,"8904 116 St, Delta, BC V4C 5W5, Canada",5,18,https://aaaroofingltd.ca/,real,https://maps.google.com/?cid=14979831436149992375&g_mp=Cidnb29nbGUubWFwcy5wbGFjZXMudjEuUGxhY2VzLlNlYXJjaFRleHQQAhgEIAA,yes,yes,https://aaaroofingltd.ca/,yes,2024,224,1757,stale_copyright_2024,56
Serpentine Cedar Roofing Ltd,roofing contractor,Maple Ridge BC,(604) 880-4126,"23359 Dogwood Ave, Maple Ridge, BC V2X 4S4, Canada",4.8,17,http://www.serpentinecedarroofing.ca/,real,https://maps.google.com/?cid=9169940185280187184&g_mp=Cidnb29nbGUubWFwcy5wbGFjZXMudjEuUGxhY2VzLlNlYXJjaFRleHQQAhgEIAA,yes,yes,https://serpentinecedarroofing.ca/,yes,2026,125,7852,slow_load,56
Eco Exteriors Roofing and Solar Ltd.,roofing contractor,North Vancouver BC,(604) 409-4546,"144 19th St E, North Vancouver, BC V7L 2Y8, Canada",4.8,69,https://ecoexteriors.com/?utm_campaign=gmb&utm_medium=organic&utm_source=google,real,https://maps.google.com/?cid=8898216867460205740&g_mp=Cidnb29nbGUubWFwcy5wbGFjZXMudjEuUGxhY2VzLlNlYXJjaFRleHQQAhgEIAA,yes,yes,https://ecoexteriors.com/?utm_campaign=gmb&utm_medium=organic&utm_source=google,yes,2026,320,902,,56
Lockhart Roofing Ltd.,roofing contractor,North Vancouver BC,(604) 314-5544,"121 15th St W, North Vancouver, BC V7M 1R8, Canada",4.9,67,http://www.lockhart-roofing.ca/,real,https://maps.google.com/?cid=7780464332480909521&g_mp=Cidnb29nbGUubWFwcy5wbGFjZXMudjEuUGxhY2VzLlNlYXJjaFRleHQQAhgEIAA,yes,yes,https://www.lockhart-roofing.ca/,yes,2026,283,518,,56
Huntley Electrical,electrician,Langley BC,(778) 988-3347,"8465 Harvard Pl #7, Chilliwack, BC V2P 7Z5, Canada",5,163,http://huntleyelectrical.ca/,real,https://maps.google.com/?cid=6476220329393787766&g_mp=Cidnb29nbGUubWFwcy5wbGFjZXMudjEuUGxhY2VzLlNlYXJjaFRleHQQAhgEIAA,yes,yes,https://huntleyelectrical.ca/,yes,2026,230,153,,56
Pacific Total Electric Ltd,electrician,Burnaby BC,(236) 688-7579,"3989 Henning Dr #117, Burnaby, BC V5C 6P8, Canada",5,161,http://pteco.ca/,real,https://maps.google.com/?cid=11464298393369647742&g_mp=Cidnb29nbGUubWFwcy5wbGFjZXMudjEuUGxhY2VzLlNlYXJjaFRleHQQAhgEIAA,yes,yes,https://pteco.ca/,yes,,309,4065,,56
Pacific Star Electric Inc,electrician,Maple Ridge BC,(604) 463-6695,"22374 Lougheed Hwy, Maple Ridge, BC V2X 2T5, Canada",4.8,169,https://pacificstarelectric.ca/,real,https://maps.google.com/?cid=11738594248342984256&g_mp=Cidnb29nbGUubWFwcy5wbGFjZXMudjEuUGxhY2VzLlNlYXJjaFRleHQQAhgEIAA,yes,yes,https://pacificstarelectric.ca/,yes,2026,214,400,,56
Andrew Sheret Limited,plumber,Richmond BC,(604) 278-3766,"4500 Vanguard Rd, Richmond, BC V6X 2P4, Canada",4.5,164,http://www.sheret.com/,real,https://maps.google.com/?cid=445391113011112076&g_mp=Cidnb29nbGUubWFwcy5wbGFjZXMudjEuUGxhY2VzLlNlYXJjaFRleHQQAhgEIAA,yes,yes,https://www.sheret.com/,yes,2026,16,194,,56
A Top Class Roofing LTD,roofing contractor,Surrey BC,(604) 782-4470,"19951 80A Ave, Langley Twp, BC V2Y 0E2, Canada",4.9,61,http://atopclassroofing.com/,real,https://maps.google.com/?cid=835804571483624561&g_mp=Cidnb29nbGUubWFwcy5wbGFjZXMudjEuUGxhY2VzLlNlYXJjaFRleHQQAhgEIAA,yes,yes,https://atopclassroofing.com/,yes,,222,1051,,56
Meta Electric Service,electrician,Coquitlam BC,(604) 652-2407,"3040 Sienna Ct, Coquitlam, BC V3E 3N7, Canada",5,112,https://www.metaelectric.ca/?utm_source=google&utm_medium=wix_google_business_profile&utm_campaign=11308832985449747859,real,https://maps.google.com/?cid=7327927509563688208&g_mp=Cidnb29nbGUubWFwcy5wbGFjZXMudjEuUGxhY2VzLlNlYXJjaFRleHQQAhgEIAA,yes,yes,https://www.metaelectric.ca/?utm_source=google&utm_medium=wix_google_business_profile&utm_campaign=11308832985449747859,yes,,818,1266,builder_wix,56
Artisan Plumbing & Heating Ltd.,plumber,Burnaby BC,(604) 298-5100,"4095 E 1st Ave #201, Burnaby, BC V5C 3W5, Canada",4.2,105,http://artisanplumbing.ca/,real,https://maps.google.com/?cid=1480947254721081643&g_mp=Cidnb29nbGUubWFwcy5wbGFjZXMudjEuUGxhY2VzLlNlYXJjaFRleHQQAhgEIAA,yes,no,http://artisanplumbing.ca/,yes,,80,708,no_ssl,55
Afstar Mechanical Ltd,plumber,Burnaby BC,(604) 916-4106,"4275 Imperial St Unit 204, Burnaby, BC V5J 1A8, Canada",4.9,104,https://afstarmechanical.ca/,real,https://maps.google.com/?cid=9529326937611350709&g_mp=Cidnb29nbGUubWFwcy5wbGFjZXMudjEuUGxhY2VzLlNlYXJjaFRleHQQAhgEIAA,yes,yes,https://afstarmechanical.ca/,yes,2024,249,94,stale_copyright_2024,55
Hauzer Plumbing & Heating Ltd.,plumber,Maple Ridge BC,(778) 839-2203,"248 St, Maple Ridge, BC V4R 1K8, Canada",4.9,156,http://hauzerplumbing.com/,real,https://maps.google.com/?cid=58089642778670415&g_mp=Cidnb29nbGUubWFwcy5wbGFjZXMudjEuUGxhY2VzLlNlYXJjaFRleHQQAhgEIAA,yes,yes,https://hauzerplumbing.com/,yes,2026,134,192,,55
Mr Swirl The Friendly Plumber Maple Ridge,plumber,Maple Ridge BC,(604) 435-4664,"12316 227 St, Maple Ridge, BC V3K 6X7, Canada",4.7,159,https://www.mrswirl.com/plumbing-maple-ridge/,real,https://maps.google.com/?cid=8690649753390525458&g_mp=Cidnb29nbGUubWFwcy5wbGFjZXMudjEuUGxhY2VzLlNlYXJjaFRleHQQAhgEIAA,yes,yes,https://www.mrswirl.com/plumbing-maple-ridge/,yes,,370,450,,55
Penguin HVAC,hvac contractor,Burnaby BC,(778) 653-3044,"7777 Royal Oak Ave #309, Burnaby, BC V5J 4J8, Canada",4.9,107,https://penguinhvac.ca/,real,https://maps.google.com/?cid=11265613484095094665&g_mp=Cidnb29nbGUubWFwcy5wbGFjZXMudjEuUGxhY2VzLlNlYXJjaFRleHQQAhgEIAA,yes,yes,https://www.penguinhvac.ca/,yes,2026,240,786,builder_duda,55
Nation Furnace Heating & Air Conditioning HVAC Ltd.,hvac contractor,Richmond BC,(604) 337-1072,"5729 West Blvd #215, Vancouver, BC V6M 1Z2, Canada",5,102,https://nationheating.ca/vancouver/,real,https://maps.google.com/?cid=2323231942846403348&g_mp=Cidnb29nbGUubWFwcy5wbGFjZXMudjEuUGxhY2VzLlNlYXJjaFRleHQQAhgEIAA,yes,yes,https://nationheating.ca/vancouver/,yes,2022,146,906,stale_copyright_2022,55
Capstone Roofing Ltd,roofing contractor,Surrey BC,(778) 890-0898,"12699 68 A Ave, Surrey, BC V3W 1H3, Canada",5,52,https://www.capstoneroofing.ca/,real,https://maps.google.com/?cid=8504715644697615572&g_mp=Cidnb29nbGUubWFwcy5wbGFjZXMudjEuUGxhY2VzLlNlYXJjaFRleHQQAhgEIAA,yes,yes,https://capstoneroofing.ca/,yes,,155,1895,,55
Up & Up Roofing LTD,roofing contractor,Burnaby BC,(604) 721-9875,"3980 Carrigan Ct, Burnaby, BC V3N 4S6, Canada",5,50,http://www.upanduproofing.ca/,real,https://maps.google.com/?cid=6800193990843470264&g_mp=Cidnb29nbGUubWFwcy5wbGFjZXMudjEuUGxhY2VzLlNlYXJjaFRleHQQAhgEIAA,yes,yes,https://upanduproofing.ca/,yes,2026,294,266,,55
Robinson Roof Solutions,roofing contractor,Coquitlam BC,(604) 500-7663,"1485 Coast Meridian Rd #100, Port Coquitlam, BC V3C 6L4, Canada",4.5,51,https://www.robinsonroofsolutions.com/,real,https://maps.google.com/?cid=8148329154410465430&g_mp=Cidnb29nbGUubWFwcy5wbGFjZXMudjEuUGxhY2VzLlNlYXJjaFRleHQQAhgEIAA,yes,yes,https://robinsonroofsolutions.com/,yes,2026,256,802,,55
Roy Dennis Roofing,roofing contractor,Richmond BC,(604) 278-0442,"2420 Viscount Wy, Richmond, BC V6V 1N1, Canada",4.4,50,http://roydennisroofing.ca/,real,https://maps.google.com/?cid=17958241487119264446&g_mp=Cidnb29nbGUubWFwcy5wbGFjZXMudjEuUGxhY2VzLlNlYXJjaFRleHQQAhgEIAA,yes,yes,https://roydennisroofing.ca/,yes,2026,202,1286,,55
Taves Roofing Maple Ridge,roofing contractor,Maple Ridge BC,(604) 524-6695,"28177 96 Ave, Maple Ridge, BC V2W 1L2, Canada",4.4,58,https://tavesroofing.com/maple-ridge-roofing/,real,https://maps.google.com/?cid=4881263017279826962&g_mp=Cidnb29nbGUubWFwcy5wbGFjZXMudjEuUGxhY2VzLlNlYXJjaFRleHQQAhgEIAA,yes,yes,https://tavesroofing.com/maple-ridge-roofing/,yes,,289,219,,55
Penfolds Roofing & Solar,roofing contractor,North Vancouver BC,(604) 988-3791,"710 Queensbury Ave, North Vancouver, BC V7L 3V8, Canada",4.6,54,https://www.penfoldsroofing.com/?utm_source=local&utm_medium=organic&utm_content=website&utm_campaign=gmb,real,https://maps.google.com/?cid=12177495965146890057&g_mp=Cidnb29nbGUubWFwcy5wbGFjZXMudjEuUGxhY2VzLlNlYXJjaFRleHQQAhgEIAA,yes,yes,https://www.penfoldsroofing.com/?utm_source=local&utm_medium=organic&utm_content=website&utm_campaign=gmb,yes,2026,68,793,,55
Coastal Roof Cleaning Experts,roofing contractor,North Vancouver BC,(604) 366-8602,"1621 St Georges Ave #8, North Vancouver, BC V7L 3J6, Canada",4.7,54,https://www.coastalroofcleaningexperts.com/,real,https://maps.google.com/?cid=9106163176724048984&g_mp=Cidnb29nbGUubWFwcy5wbGFjZXMudjEuUGxhY2VzLlNlYXJjaFRleHQQAhgEIAA,yes,yes,https://www.coastalroofcleaningexperts.com/,yes,,152,326,,55
Platinum Contracting,roofing contractor,North Vancouver BC,(604) 676-8889,"1124 Lonsdale Ave #1180, North Vancouver, BC V7M 2H1, Canada",5,59,https://platcon.ca/?utm_source=gbp&utm_medium=organic&utm_campaign=north-vancouver&utm_term=gbp-listing,real,https://maps.google.com/?cid=2620004829120536372&g_mp=Cidnb29nbGUubWFwcy5wbGFjZXMudjEuUGxhY2VzLlNlYXJjaFRleHQQAhgEIAA,yes,yes,https://platcon.ca/?utm_source=gbp&utm_medium=organic&utm_campaign=north-vancouver&utm_term=gbp-listing,yes,2026,286,515,,55
Amrit Electrician LTD,electrician,Surrey BC,(778) 536-7272,"8349 134 St, Surrey, BC V3W 0X6, Canada",5,55,http://www.amritelectrician.ca/,real,https://maps.google.com/?cid=8514006251051736208&g_mp=Cidnb29nbGUubWFwcy5wbGFjZXMudjEuUGxhY2VzLlNlYXJjaFRleHQQAhgEIAA,yes,no,http://www.amritelectrician.ca/,no,,4,211,not_mobile_ready;no_ssl,55
Milani Electric & Solar,electrician,Burnaby BC,(604) 456-8888,"5485 Lane St, Burnaby, BC V5H 2H4, Canada",4.9,103,https://milanielectric.com/,real,https://maps.google.com/?cid=18323133970248516226&g_mp=Cidnb29nbGUubWFwcy5wbGFjZXMudjEuUGxhY2VzLlNlYXJjaFRleHQQAhgEIAA,yes,yes,https://www.milanielectric.com/,yes,2008,89,275,stale_copyright_2008,55
Nelcan Electric - Vancouver,electrician,Richmond BC,(604) 428-1119,"1147 Grant St, Vancouver, BC V6A 2J6, Canada",5,158,http://www.nelcan.ca/contact-us/,real,https://maps.google.com/?cid=3970998690833232156&g_mp=Cidnb29nbGUubWFwcy5wbGFjZXMudjEuUGxhY2VzLlNlYXJjaFRleHQQAhgEIAA,yes,yes,https://nelcan.ca/,yes,,159,1449,,55
Mountain Point Electrical Inc.,electrician,North Vancouver BC,(778) 317-4257,"145 Chadwick Ct #220, North Vancouver, BC V7M 3K2, Canada",5,58,http://mountainpoint.ca/,real,https://maps.google.com/?cid=10350942202088984204&g_mp=Cidnb29nbGUubWFwcy5wbGFjZXMudjEuUGxhY2VzLlNlYXJjaFRleHQQAhgEIAA,yes,no,http://mountainpoint.ca/,no,,0,259,not_mobile_ready;no_ssl,55
Augusta Lawn Care of Burnaby,landscaping company,Burnaby BC,(778) 897-0709,"105, 7655 Edmonds St Unit 460, Burnaby, BC V3N 0C3, Canada",4.8,273,http://augustalawncareservices.com/burnaby,real,https://maps.google.com/?cid=13968933479852023407&g_mp=Cidnb29nbGUubWFwcy5wbGFjZXMudjEuUGxhY2VzLlNlYXJjaFRleHQQAhgEIAA,yes,yes,https://www.augustalawncareservices.com/burnaby,yes,2026,302,1092,builder_duda,55
Grow & Gather (Trice Farms Ltd.),landscaping company,Maple Ridge BC,(604) 466-3254,"24565 Dewdney Trunk Rd, Maple Ridge, BC V4R 1W9, Canada",4.6,225,http://www.growandgather.com/,real,https://maps.google.com/?cid=2512429463728881880&g_mp=Cidnb29nbGUubWFwcy5wbGFjZXMudjEuUGxhY2VzLlNlYXJjaFRleHQQAhgEIAA,yes,yes,https://www.growandgather.com/,yes,,70,466,builder_weebly,55
Approved Pest Control,pest control,Surrey BC,(604) 670-5645,"13262 72 Ave, Surrey, BC V3W 2N6, Canada",5,233,http://www.approvedpestcontrol.ca/,real,https://maps.google.com/?cid=11757555917297911202&g_mp=Cidnb29nbGUubWFwcy5wbGFjZXMudjEuUGxhY2VzLlNlYXJjaFRleHQQAhgEIAA,yes,yes,https://www.approvedpestcontrol.ca/,yes,2024,7,600,stale_copyright_2024,55
Avayda Pest Control Vancouver,pest control,Surrey BC,(855) 208-3470,"20381 62 Ave Unit 401, Langley, BC V3A 5E6, Canada",4.7,1634,https://avayda.ca/pest-control-vancouver/,real,https://maps.google.com/?cid=7077003702626692204&g_mp=Cidnb29nbGUubWFwcy5wbGFjZXMudjEuUGxhY2VzLlNlYXJjaFRleHQQAhgEIAA,yes,yes,https://avayda.ca/pest-control-vancouver/,yes,2024,123,168,stale_copyright_2024,55
All Green Pest Control,pest control,Langley BC,(604) 990-0100,"7228 Winston St #2, Burnaby, BC V5A 2G9, Canada",4.8,640,https://allgreenpestcontrol.ca/,real,https://maps.google.com/?cid=17478655857437837412&g_mp=Cidnb29nbGUubWFwcy5wbGFjZXMudjEuUGxhY2VzLlNlYXJjaFRleHQQAhgEIAA,yes,yes,https://www.allgreenpestcontrol.ca/,yes,2023,323,2280,stale_copyright_2023,55
Surrey Centre Auto Repairs,auto repair shop,Surrey BC,(604) 588-1266,"13654 104 Ave, Surrey, BC V3T 1W2, Canada",4.4,1471,http://www.surreycentreauto.com/,real,https://maps.google.com/?cid=15869848862192039771&g_mp=Cidnb29nbGUubWFwcy5wbGFjZXMudjEuUGxhY2VzLlNlYXJjaFRleHQQAhgEIAA,yes,yes,https://surreycentreauto.com/,yes,2024,120,242,stale_copyright_2024,55
Ken's Auto Service,auto repair shop,Surrey BC,(604) 596-9626,"8236 128 St UNIT- 21, Surrey, BC V3W 4G2, Canada",4.6,329,http://www.kensautoservice.ca/,real,https://maps.google.com/?cid=519876566277314738&g_mp=Cidnb29nbGUubWFwcy5wbGFjZXMudjEuUGxhY2VzLlNlYXJjaFRleHQQAhgEIAA,yes,no,http://kensautoservice.ca/,yes,2025,118,1567,no_ssl,55
iCare Auto Repair,auto repair shop,Langley BC,(604) 882-8981,"19695 96 Ave #12, Langley Twp, BC V1M 3E1, Canada",4.8,100,http://www.icareautorepair.com/,real,https://maps.google.com/?cid=15943427213778283969&g_mp=Cidnb29nbGUubWFwcy5wbGFjZXMudjEuUGxhY2VzLlNlYXJjaFRleHQQAhgEIAA,yes,no,http://www.icareautorepair.com/,no,2014,13,221,not_mobile_ready;stale_copyright_2014;no_ssl,55
OpenRoad Richmond Auto Body Langley,auto repair shop,Langley BC,(604) 532-9158,"5923 Production Way, Langley, BC V3A 4N5, Canada",4.4,702,http://www.openroadautobody.com/location/langley,real,https://maps.google.com/?cid=23203465996855607&g_mp=Cidnb29nbGUubWFwcy5wbGFjZXMudjEuUGxhY2VzLlNlYXJjaFRleHQQAhgEIAA,yes,yes,https://openroadautobody.com/location-langley/,yes,2012,89,701,stale_copyright_2012,55
Midas,auto repair shop,Langley BC,(778) 726-0846,"20010 64 Ave, Langley, BC V2Y 1M7, Canada",4.2,396,https://www.midas.com/store/bc/langley/20010-64th-avenue-v2y-1m7/?shopnum=9989&utm_source=google&utm_medium=organic&utm_campaign=gbp,real,https://maps.google.com/?cid=6602133864337418151&g_mp=Cidnb29nbGUubWFwcy5wbGFjZXMudjEuUGxhY2VzLlNlYXJjaFRleHQQAhgEIAA,yes,yes,https://www.midas.com/store/bc/langley/20010-64th-avenue-v2y-1m7?shopnum=9989&utm_source=google&utm_medium=organic&utm_campaign=gbp,yes,2014,509,762,stale_copyright_2014,55
Mobil 1 Lube Express + Tires,auto repair shop,Langley BC,(604) 530-2292,"20966 56 Ave, Langley, BC V3A 7Z2, Canada",4.6,539,https://www.langleymobil1.com/,real,https://maps.google.com/?cid=10985332987216266732&g_mp=Cidnb29nbGUubWFwcy5wbGFjZXMudjEuUGxhY2VzLlNlYXJjaFRleHQQAhgEIAA,yes,yes,https://www.langleymobil1.com/,yes,2013,55,705,stale_copyright_2013,55
HTP Auto Repair (Hi-Tech Performance),auto repair shop,Burnaby BC,(604) 299-8080,"4481 Dawson St Ste A, Burnaby, BC V5C 4B8, Canada",4.8,246,https://htpautorepair.ca/,real,https://maps.google.com/?cid=18315378092610641610&g_mp=Cidnb29nbGUubWFwcy5wbGFjZXMudjEuUGxhY2VzLlNlYXJjaFRleHQQAhgEIAA,ssl_error,no,,no,,,,broken_ssl,55
North Road Auto Repair..,auto repair shop,Burnaby BC,(604) 420-3331,"4035 North Rd, Burnaby, BC V3J 1S3, Canada",4.5,424,http://www.nrautorepair.ca/,real,https://maps.google.com/?cid=6435070701941954269&g_mp=Cidnb29nbGUubWFwcy5wbGFjZXMudjEuUGxhY2VzLlNlYXJjaFRleHQQAhgEIAA,yes,yes,https://www.nrautorepair.ca/,yes,2019,284,537,stale_copyright_2019,55
Nixon Automotive BMW & Mini Specialists,auto repair shop,Burnaby BC,(604) 262-2778,"6935 Buller Ave, Burnaby, BC V5J 4S1, Canada",4.9,1036,https://www.nixonautomotive.com/,real,https://maps.google.com/?cid=4992660779021550182&g_mp=Cidnb29nbGUubWFwcy5wbGFjZXMudjEuUGxhY2VzLlNlYXJjaFRleHQQAhgEIAA,yes,yes,https://www.nixonautomotive.com/,yes,2025,258,261,builder_duda,55
Midas,auto repair shop,Burnaby BC,(604) 259-1646,"2185 Willingdon Ave, Burnaby, BC V5C 5J4, Canada",4.6,629,https://www.midas.com/store/bc/burnaby/2185-willingdon-avenue-v5c-5j4/?shopnum=9944&utm_source=google&utm_medium=organic&utm_campaign=gbp,real,https://maps.google.com/?cid=13228072814819545069&g_mp=Cidnb29nbGUubWFwcy5wbGFjZXMudjEuUGxhY2VzLlNlYXJjaFRleHQQAhgEIAA,yes,yes,https://www.midas.com/store/bc/burnaby/2185-willingdon-avenue-v5c-5j4?shopnum=9944&utm_source=google&utm_medium=organic&utm_campaign=gbp,yes,2014,514,686,stale_copyright_2014,55
Ian's Auto,auto repair shop,Coquitlam BC,(604) 941-1611,"2760 Aberdeen Ave, Coquitlam, BC V3B 1A3, Canada",4.7,311,http://www.iansauto.com/,real,https://maps.google.com/?cid=6199261154814579979&g_mp=Cidnb29nbGUubWFwcy5wbGFjZXMudjEuUGxhY2VzLlNlYXJjaFRleHQQAhgEIAA,yes,yes,https://www.iansauto.com/,yes,2024,52,577,stale_copyright_2024,55
DG Motorsport Inc.,auto repair shop,Coquitlam BC,(604) 474-4460,"1533 Broadway St #105, Port Coquitlam, BC V3C 6P3, Canada",4.9,353,https://www.dgmotorsport.ca/,real,https://maps.google.com/?cid=9963028943300044110&g_mp=Cidnb29nbGUubWFwcy5wbGFjZXMudjEuUGxhY2VzLlNlYXJjaFRleHQQAhgEIAA,yes,yes,https://www.dgmotorsport.ca/,yes,,397,111,builder_duda,55
OpenRoad Richmond Auto Body Coquitlam,auto repair shop,Coquitlam BC,(604) 472-9158,"140 Glacier St, Coquitlam, BC V3K 5Z6, Canada",4.5,334,https://openroadautobody.com/location-coquitlam/,real,https://maps.google.com/?cid=4285640469453277057&g_mp=Cidnb29nbGUubWFwcy5wbGFjZXMudjEuUGxhY2VzLlNlYXJjaFRleHQQAhgEIAA,yes,yes,https://openroadautobody.com/location-coquitlam/,yes,2012,89,557,stale_copyright_2012,55
Port Moody Auto and Air,auto repair shop,Coquitlam BC,(604) 461-7856,"1621 Langan Ave, Port Coquitlam, BC V3C 1K6, Canada",4.5,275,http://www.autoandairrepair.com/,real,https://maps.google.com/?cid=13789562524744238994&g_mp=Cidnb29nbGUubWFwcy5wbGFjZXMudjEuUGxhY2VzLlNlYXJjaFRleHQQAhgEIAA,yes,yes,https://www.autoandairrepair.com/,yes,,924,363,builder_wix,55
Car Boy Auto Repair,auto repair shop,Richmond BC,(604) 282-7223,"5711 Number 3 Rd, Richmond, BC V6X 2C9, Canada",4.6,423,https://www.carboyauto.ca/,real,https://maps.google.com/?cid=559021519903882655&g_mp=Cidnb29nbGUubWFwcy5wbGFjZXMudjEuUGxhY2VzLlNlYXJjaFRleHQQAhgEIAA,yes,yes,https://www.carboyauto.ca/,yes,2026,37,259,builder_sitebuilder,55
TSS Auto,auto repair shop,Richmond BC,(604) 568-7795,"1851 Savage Rd #2145, Richmond, BC V6V 2R6, Canada",4.8,274,http://www.thespeedsyndicate.com/,real,https://maps.google.com/?cid=2367904254366994305&g_mp=Cidnb29nbGUubWFwcy5wbGFjZXMudjEuUGxhY2VzLlNlYXJjaFRleHQQAhgEIAA,yes,yes,https://www.thespeedsyndicate.com/,yes,2025,251,457,builder_duda,55
Midas,auto repair shop,Richmond BC,(604) 332-8959,"4660 Number 3 Rd, Richmond, BC V6X 3C2, Canada",4,368,https://www.midas.com/store/bc/richmond/4660-3-road-v6x-2c2/?shopnum=9949&utm_source=google&utm_medium=organic&utm_campaign=gbp,real,https://maps.google.com/?cid=7080935509481831404&g_mp=Cidnb29nbGUubWFwcy5wbGFjZXMudjEuUGxhY2VzLlNlYXJjaFRleHQQAhgEIAA,yes,yes,https://www.midas.com/store/bc/richmond/4660-3-road-v6x-2c2?shopnum=9949&utm_source=google&utm_medium=organic&utm_campaign=gbp,yes,2014,509,840,stale_copyright_2014,55
OpenRoad Richmond Auto Body,auto repair shop,Richmond BC,(604) 278-9158,"2691 No 5 Rd, Richmond, BC V6X 2S8, Canada",4.1,474,https://openroadautobody.com/?utm_source=google&utm_medium=organic&utm_campaign=gmb_listing,real,https://maps.google.com/?cid=10817418157802402480&g_mp=Cidnb29nbGUubWFwcy5wbGFjZXMudjEuUGxhY2VzLlNlYXJjaFRleHQQAhgEIAA,yes,yes,https://openroadautobody.com/?utm_source=google&utm_medium=organic&utm_campaign=gmb_listing,yes,2012,125,158,stale_copyright_2012,55
Grandcity Autobody Richmond,auto repair shop,Richmond BC,(604) 718-0888,"11320 Bridgeport Rd, Richmond, BC V6X 1T2, Canada",4.8,304,https://grandcity.com/richmond-auto-body-shop/,real,https://maps.google.com/?cid=5956813020663908871&g_mp=Cidnb29nbGUubWFwcy5wbGFjZXMudjEuUGxhY2VzLlNlYXJjaFRleHQQAhgEIAA,yes,yes,https://grandcity.com/richmond-auto-body-shop/,yes,2016,293,426,stale_copyright_2016,55
M C Auto & Transmissions,auto repair shop,Delta BC,(604) 940-1413,"7551 Vantage Wy #4, Delta, BC V4G 1C9, Canada",4.9,204,https://www.mcautoandtransmissions.com/?utm_source=google&utm_medium=organic&utm_campaign=google-maps,real,https://maps.google.com/?cid=5246296891513342660&g_mp=Cidnb29nbGUubWFwcy5wbGFjZXMudjEuUGxhY2VzLlNlYXJjaFRleHQQAhgEIAA,yes,yes,https://mcautoandtransmissions.com/?utm_source=google&utm_medium=organic&utm_campaign=google-maps,yes,2026,206,6645,slow_load,55
Brian's Auto Service,auto repair shop,Delta BC,(604) 943-1138,"1621 56 St, Delta, BC V4L 2B2, Canada",4.8,152,https://www.briansautoservice.ca/,real,https://maps.google.com/?cid=17824897086249467009&g_mp=Cidnb29nbGUubWFwcy5wbGFjZXMudjEuUGxhY2VzLlNlYXJjaFRleHQQAhgEIAA,yes,yes,https://www.briansautoservice.ca/,yes,2023,757,283,stale_copyright_2023;builder_wix,55
Carline Auto Repair,auto repair shop,Maple Ridge BC,(604) 467-5548,"20733 Lougheed Hwy, Maple Ridge, BC V2X 2R2, Canada",4.7,205,http://carlineautorepair.com/,real,https://maps.google.com/?cid=1282960144193601813&g_mp=Cidnb29nbGUubWFwcy5wbGFjZXMudjEuUGxhY2VzLlNlYXJjaFRleHQQAhgEIAA,yes,yes,https://www.carlineautorepair.com/,yes,2021,121,2447,stale_copyright_2021,55
North Van Mechanic,auto repair shop,North Vancouver BC,(604) 446-5276,"1180 15th St W, North Vancouver, BC V7L 2V5, Canada",4.9,207,http://ebiautorepair.ca/,real,https://maps.google.com/?cid=14924928931529439427&g_mp=Cidnb29nbGUubWFwcy5wbGFjZXMudjEuUGxhY2VzLlNlYXJjaFRleHQQAhgEIAA,dead,no,,no,,,,unreachable_ENOTFOUND,55
Bruno Automotive Inc,auto repair shop,North Vancouver BC,(604) 986-7975,"308 Kennard Ave, North Vancouver, BC V7J 3J8, Canada",4.9,324,http://brunoautomotive.ca/,real,https://maps.google.com/?cid=13638742672528123481&g_mp=Cidnb29nbGUubWFwcy5wbGFjZXMudjEuUGxhY2VzLlNlYXJjaFRleHQQAhgEIAA,http_500,no,http://brunoautomotive.ca/,yes,,2,1077,no_ssl,55
Taylormotive Service Ltd,auto repair shop,North Vancouver BC,(604) 985-7455,"174 Pemberton Ave, North Vancouver, BC V7P 2R5, Canada",4.4,239,http://www.taylormotive.com/,real,https://maps.google.com/?cid=16935163114672334281&g_mp=Cidnb29nbGUubWFwcy5wbGFjZXMudjEuUGxhY2VzLlNlYXJjaFRleHQQAhgEIAA,yes,yes,https://www.taylormotive.com/,yes,,129,753,builder_web,55
Midas,auto repair shop,North Vancouver BC,(604) 210-9054,"185 Pemberton Ave, North Vancouver, BC V7P 2R4, Canada",4.5,491,https://www.midas.com/store/bc/north-vancouver/185-pemberton-ave-v7p-2r4/?shopnum=9817&utm_source=google&utm_medium=organic&utm_campaign=gbp,real,https://maps.google.com/?cid=8892370200870791139&g_mp=Cidnb29nbGUubWFwcy5wbGFjZXMudjEuUGxhY2VzLlNlYXJjaFRleHQQAhgEIAA,yes,yes,https://www.midas.com/store/bc/north-vancouver/185-pemberton-ave-v7p-2r4?shopnum=9817&utm_source=google&utm_medium=organic&utm_campaign=gbp,yes,2014,510,3435,stale_copyright_2014,55
White Rock Automotive Services,auto repair shop,Surrey BC,(604) 535-6600,"15515 24 Ave #72, Surrey, BC V4P 1C7, Canada",4.4,280,http://whiterockauto.ca/,real,https://maps.google.com/?cid=14626387705180326561&g_mp=Cidnb29nbGUubWFwcy5wbGFjZXMudjEuUGxhY2VzLlNlYXJjaFRleHQQAhgEIAA,yes,yes,https://www.whiterockauto.ca/,yes,2020,95,5379,stale_copyright_2020,55
EUROPEAN AUTO REPAIR LTD,auto repair shop,Surrey BC,(604) 808-1250,"8462 162 Street #206, 8462 162 St Unit 207, Surrey, BC V4N 1B4, Canada",4.6,366,https://europeanautorepair.ca/,real,https://maps.google.com/?cid=16838973975037095311&g_mp=Cidnb29nbGUubWFwcy5wbGFjZXMudjEuUGxhY2VzLlNlYXJjaFRleHQQAhgEIAA,yes,yes,https://europeanautorepair.ca/,yes,2024,299,521,stale_copyright_2024,55
Boss Automotive 1996 Ltd,auto repair shop,Richmond BC,(604) 270-9608,"2751 Smith St, Richmond, BC V6X 2J3, Canada",5,213,http://bossautomotive.ca/,real,https://maps.google.com/?cid=4794955554994832966&g_mp=Cidnb29nbGUubWFwcy5wbGFjZXMudjEuUGxhY2VzLlNlYXJjaFRleHQQAhgEIAA,yes,yes,https://www.bossautomotive.ca/,yes,,738,355,builder_wix,55
Mr. Rooter Plumbing,plumber,Burnaby BC,(604) 532-4396,"381 N Glynde Ave, Burnaby, BC V5B 1H1, Canada",4.5,145,https://www.mrrooter.ca/burnaby/?utm_source=gmb&utm_campaign=local&utm_medium=organic,real,https://maps.google.com/?cid=56431046301115868&g_mp=Cidnb29nbGUubWFwcy5wbGFjZXMudjEuUGxhY2VzLlNlYXJjaFRleHQQAhgEIAA,yes,yes,https://www.mrrooter.ca/burnaby/?utm_source=gmb&utm_campaign=local&utm_medium=organic,yes,,1096,197,,54
Marvel Plumbing & Drainage,plumber,Coquitlam BC,(604) 729-3864,"5 Briarwood Pl, Port Moody, BC V3H 4G9, Canada",4.9,143,https://marvelplumbdrain.com/,real,https://maps.google.com/?cid=3239113844587699596&g_mp=Cidnb29nbGUubWFwcy5wbGFjZXMudjEuUGxhY2VzLlNlYXJjaFRleHQQAhgEIAA,yes,yes,https://marvelplumbdrain.com/,yes,,1314,1414,,54
BETA Plumbing & Drainage Services,plumber,North Vancouver BC,(604) 726-0474,"2665 Mountain Hwy, North Vancouver, BC V7J 0A8, Canada",4.8,94,http://betaplumbing.ca/?utm_source=google&utm_medium=organic&utm_campaign=gbp-north-vancouver,real,https://maps.google.com/?cid=13078226364826043561&g_mp=Cidnb29nbGUubWFwcy5wbGFjZXMudjEuUGxhY2VzLlNlYXJjaFRleHQQAhgEIAA,yes,yes,https://betaplumbing.ca/?utm_source=google&utm_medium=organic&utm_campaign=gbp-north-vancouver,yes,2024,203,4844,stale_copyright_2024,54
North Shore Plumbing and Heating,plumber,North Vancouver BC,(604) 988-1840,"977 W 1st St, North Vancouver, BC V7P 1A4, Canada",4.1,91,https://www.northshoreplumbingandheating.com/,real,https://maps.google.com/?cid=8539163314854310199&g_mp=Cidnb29nbGUubWFwcy5wbGFjZXMudjEuUGxhY2VzLlNlYXJjaFRleHQQAhgEIAA,yes,yes,https://northshoreplumbingandheating.com/,yes,2012,209,3349,stale_copyright_2012,54
Flameco Heating Services Ltd,hvac contractor,Burnaby BC,(604) 833-1333,"7060 Waltham Ave, Burnaby, BC V5J 4V5, Canada",5,49,http://flameco.ca/contact,real,https://maps.google.com/?cid=1254252183259416843&g_mp=Cidnb29nbGUubWFwcy5wbGFjZXMudjEuUGxhY2VzLlNlYXJjaFRleHQQAhgEIAA,yes,no,http://flameco.ca/contact/,yes,2026,188,7045,no_ssl;slow_load,54
Perfect Choice Heating & Cooling,hvac contractor,Coquitlam BC,(778) 833-2893,"3082 Dayanee Springs Blvd #203, Coquitlam, BC V3E 0A3, Canada",5,145,https://perfectchoicehvac.com/,real,https://maps.google.com/?cid=7874230940115287871&g_mp=Cidnb29nbGUubWFwcy5wbGFjZXMudjEuUGxhY2VzLlNlYXJjaFRleHQQAhgEIAA,yes,yes,https://perfectchoicehvac.com/,yes,2026,379,892,,54
"Nova Heating, Air Conditioning & Sheet Metal Ltd",hvac contractor,North Vancouver BC,(604) 988-3922,"663 3rd St W, North Vancouver, BC V7M 1H1, Canada",4.7,92,https://novaheating.ca/,real,https://maps.google.com/?cid=18260782970556233316&g_mp=Cidnb29nbGUubWFwcy5wbGFjZXMudjEuUGxhY2VzLlNlYXJjaFRleHQQAhgEIAA,yes,yes,https://novaheating.ca/,yes,2026,35,7049,slow_load,54
Two brothers roof clean ltd,roofing contractor,Surrey BC,(778) 855-0033,"14164 77a Ave, Surrey, BC V3W 2X3, Canada",5,49,https://twobrothersroofclean.com/,real,https://maps.google.com/?cid=16480114072064440940&g_mp=Cidnb29nbGUubWFwcy5wbGFjZXMudjEuUGxhY2VzLlNlYXJjaFRleHQQAhgEIAA,yes,yes,https://twobrothersroofclean.com/,yes,2025,244,334,,54
Akay Roofing,roofing contractor,Surrey BC,(778) 788-0420,"6902 128 St, Surrey, BC V3W 4C9, Canada",4.9,41,https://akayroofing.com/,real,https://maps.google.com/?cid=13518118357511311527&g_mp=Cidnb29nbGUubWFwcy5wbGFjZXMudjEuUGxhY2VzLlNlYXJjaFRleHQQAhgEIAA,yes,yes,https://akayroofing.com/,yes,,197,1057,,54
Mills Roofing,roofing contractor,Surrey BC,(778) 387-9899,"918 164 St, White Rock, BC V4A 4Y5, Canada",4.9,41,https://millsroofing.ca/,real,https://maps.google.com/?cid=15799920106838613306&g_mp=Cidnb29nbGUubWFwcy5wbGFjZXMudjEuUGxhY2VzLlNlYXJjaFRleHQQAhgEIAA,yes,yes,https://www.millsroofing.ca/,yes,,373,746,,54
Penfolds Roofing & Solar,roofing contractor,Surrey BC,(604) 591-6635,"6039 196 St #103, Surrey, BC V3S 7X4, Canada",4.4,47,https://www.penfoldsroofing.com/?utm_source=local&utm_medium=organic&utm_content=website&utm_campaign=gmb,real,https://maps.google.com/?cid=16774401613299677357&g_mp=Cidnb29nbGUubWFwcy5wbGFjZXMudjEuUGxhY2VzLlNlYXJjaFRleHQQAhgEIAA,yes,yes,https://www.penfoldsroofing.com/?utm_source=local&utm_medium=organic&utm_content=website&utm_campaign=gmb,yes,2026,68,680,,54
McMartin Roofing Inc,roofing contractor,Langley BC,(604) 968-6060,"21010 44 Ave., Langley, BC V3A 5B2, Canada",4.8,40,http://www.mcmartinroofing.com/,real,https://maps.google.com/?cid=9391983830719313354&g_mp=Cidnb29nbGUubWFwcy5wbGFjZXMudjEuUGxhY2VzLlNlYXJjaFRleHQQAhgEIAA,yes,yes,https://www.mcmartinroofing.com/,yes,,164,513,,54
Abney Roofing Ltd | Construction,roofing contractor,Langley BC,(604) 534-5715,"24943 58 Ave, Langley Twp, BC V4W 1T5, Canada",4.4,40,http://www.abneyroofing.com/,real,https://maps.google.com/?cid=12864560572828673131&g_mp=Cidnb29nbGUubWFwcy5wbGFjZXMudjEuUGxhY2VzLlNlYXJjaFRleHQQAhgEIAA,yes,yes,https://www.abneyroofing.com/cgi-sys/suspendedpage.cgi,yes,,0,642,,54
Surlang Roofing Ltd,roofing contractor,Langley BC,(604) 533-8322,"19585 56 Ave #6, Surrey, BC V3S 6K3, Canada",4,41,https://surlangroofing.com/,real,https://maps.google.com/?cid=13072112876550214966&g_mp=Cidnb29nbGUubWFwcy5wbGFjZXMudjEuUGxhY2VzLlNlYXJjaFRleHQQAhgEIAA,yes,yes,https://surlangroofing.com/,yes,,254,5465,,54
Vantage Roofing Ltd.,roofing contractor,Burnaby BC,(778) 743-1311,"4808 Hazel St #2105, Burnaby, BC V5G 4E1, Canada",5,46,https://vantageroofingltd.ca/services/burnaby-roofers/?utm_source=google&utm_medium=organic&utm_campaign=gmb,real,https://maps.google.com/?cid=297276136809176868&g_mp=Cidnb29nbGUubWFwcy5wbGFjZXMudjEuUGxhY2VzLlNlYXJjaFRleHQQAhgEIAA,yes,yes,https://vantageroofingltd.ca/services/burnaby-roofers/?utm_source=google&utm_medium=organic&utm_campaign=gmb,yes,,596,335,,54
Kerrisdale Roofing And Drains Ltd.,roofing contractor,Richmond BC,(604) 360-2114,"168 W 71st Ave, Vancouver, BC V5X 4S7, Canada",4.8,41,https://www.kerrisdaleroofinganddrains.com/,real,https://maps.google.com/?cid=8273544133702070507&g_mp=Cidnb29nbGUubWFwcy5wbGFjZXMudjEuUGxhY2VzLlNlYXJjaFRleHQQAhgEIAA,yes,yes,https://www.kerrisdaleroofinganddrains.com/,yes,,311,349,,54
Affordable Quality Roofing Ltd,roofing contractor,North Vancouver BC,(604) 984-9004,"2411 Dollarton Hwy #212, North Vancouver, BC V7H 0A3, Canada",4.1,43,https://www.affordablequalityroofing.com/,real,https://maps.google.com/?cid=9336260378829134563&g_mp=Cidnb29nbGUubWFwcy5wbGFjZXMudjEuUGxhY2VzLlNlYXJjaFRleHQQAhgEIAA,yes,yes,https://www.affordablequalityroofing.com/,yes,,58,681,,54
Trigger Electric Ltd.,electrician,Burnaby BC,(778) 719-4010,"2133 Douglas Rd Unit 2901, Burnaby, BC V5C 0E9, Canada",5,92,https://triggerelectric.ca/,real,https://maps.google.com/?cid=13536793057687284525&g_mp=Cidnb29nbGUubWFwcy5wbGFjZXMudjEuUGxhY2VzLlNlYXJjaFRleHQQAhgEIAA,yes,yes,https://triggerelectric.ca/,no,,0,1050,not_mobile_ready,54
PTX Electric LTD.,electrician,Burnaby BC,(604) 700-3142,"9657 Sullivan St, Burnaby, BC V3J 1H8, Canada",4.9,141,https://www.ptxelectric.com/pages/service-areas/commercial-residential-electrical-services-burnaby-bc,real,https://maps.google.com/?cid=6845900671567730749&g_mp=Cidnb29nbGUubWFwcy5wbGFjZXMudjEuUGxhY2VzLlNlYXJjaFRleHQQAhgEIAA,yes,yes,https://www.ptxelectric.com/pages/service-areas/commercial-residential-electrical-services-burnaby-bc,yes,,53,264,,54
JZ Electric Ltd.,electrician,North Vancouver BC,(604) 725-7983,"595 Burrard St, Vancouver, BC V7X 1A2, Canada",5,148,https://jzelectric.ca/?utm_source=google&utm_medium=organic&utm_campaign=gbp-listing-vancouver,real,https://maps.google.com/?cid=2265465300506858758&g_mp=Cidnb29nbGUubWFwcy5wbGFjZXMudjEuUGxhY2VzLlNlYXJjaFRleHQQAhgEIAA,yes,yes,https://jzelectric.ca/?utm_source=google&utm_medium=organic&utm_campaign=gbp-listing-vancouver,yes,,394,497,,54
Grand Performance Auto Centre,auto repair shop,Richmond BC,(604) 232-4666,"12091 Vulcan Wy, Richmond, BC V6V 1J7, Canada",4.6,191,http://www.gpautocentre.com/,real,https://maps.google.com/?cid=1039029663517641689&g_mp=Cidnb29nbGUubWFwcy5wbGFjZXMudjEuUGxhY2VzLlNlYXJjaFRleHQQAhgEIAA,yes,yes,https://gpautocentre.com/,yes,2017,92,216,stale_copyright_2017,54
True Electric,electrician,Surrey BC,(604) 889-2462,"15168 33 Ave #221, Surrey, BC V3Z 0N7, Canada",4.9,99,http://true-electric.ca/,real,https://maps.google.com/?cid=10726762152631053759&g_mp=Cidnb29nbGUubWFwcy5wbGFjZXMudjEuUGxhY2VzLlNlYXJjaFRleHQQAhgEIAA,dead,no,,no,,,,unreachable_TimeoutError,54
A1 Kam Plumbing,plumber,Burnaby BC,(604) 726-7851,"5637 Lincoln St, Vancouver, BC V5R 4P5, Canada",4.8,89,http://www.a1kamplumbing.com/,real,https://maps.google.com/?cid=18351052797600377164&g_mp=Cidnb29nbGUubWFwcy5wbGFjZXMudjEuUGxhY2VzLlNlYXJjaFRleHQQAhgEIAA,yes,yes,https://www.a1kamplumbing.com/,yes,2022,59,216,stale_copyright_2022,53
Call Moe Plumbing,plumber,Coquitlam BC,(604) 398-4478,"220 Brew St, Port Moody, BC V3H 0E2, Canada",4.7,137,http://www.callmoe.ca/,real,https://maps.google.com/?cid=1692148696369526320&g_mp=Cidnb29nbGUubWFwcy5wbGFjZXMudjEuUGxhY2VzLlNlYXJjaFRleHQQAhgEIAA,yes,yes,https://callmoe.ca/,yes,2026,119,2734,,53
Mr. Rooter Plumbing of Maple Ridge,plumber,Maple Ridge BC,(604) 460-0208,"22529 Lougheed Hwy, Maple Ridge, BC V2X 0T5, Canada",4.6,131,https://www.mrrooter.ca/Maple-Ridge/?utm_source=gmb&utm_campaign=local&utm_medium=organic,real,https://maps.google.com/?cid=1129365439759881035&g_mp=Cidnb29nbGUubWFwcy5wbGFjZXMudjEuUGxhY2VzLlNlYXJjaFRleHQQAhgEIAA,yes,yes,https://www.mrrooter.ca/Maple-Ridge/?utm_source=gmb&utm_campaign=local&utm_medium=organic,yes,,1054,130,,53
Nation Furnace Heating & Air Conditioning HVAC Ltd.,hvac contractor,Surrey BC,(604) 260-1012,"8028 128 St, Surrey, BC V3W 4E9, Canada",5,86,https://nationheating.ca/surrey/,real,https://maps.google.com/?cid=3113456554209215559&g_mp=Cidnb29nbGUubWFwcy5wbGFjZXMudjEuUGxhY2VzLlNlYXJjaFRleHQQAhgEIAA,yes,yes,https://nationheating.ca/surrey/,yes,2022,143,1107,stale_copyright_2022,53
Aquaflame Heating & Cooling Ltd,hvac contractor,Surrey BC,(778) 999-4422,"17720 57 Ave #204, Surrey, BC V3S 1H2, Canada",4.9,135,https://aquaflame.ca/,real,https://maps.google.com/?cid=17893736503273666049&g_mp=Cidnb29nbGUubWFwcy5wbGFjZXMudjEuUGxhY2VzLlNlYXJjaFRleHQQAhgEIAA,yes,yes,https://aquaflame.ca/,yes,2025,82,515,,53
Nation Furnace Heating & Air Conditioning HVAC Ltd.,hvac contractor,Langley BC,(604) 332-8599,"20627 Fraser Hwy, Langley, BC V3A 4G4, Canada",5,84,https://nationheating.ca/langley,real,https://maps.google.com/?cid=16858172871204361597&g_mp=Cidnb29nbGUubWFwcy5wbGFjZXMudjEuUGxhY2VzLlNlYXJjaFRleHQQAhgEIAA,yes,yes,https://nationheating.ca/langley/,yes,2022,127,1379,stale_copyright_2022,53
Cloudy Town Heating & Cooling,hvac contractor,Langley BC,(778) 242-3202,"21233 95a Ave, Langley Twp, BC V1M 1P2, Canada",5,87,http://www.cloudytown.ca/,real,https://maps.google.com/?cid=14506282491984883210&g_mp=Cidnb29nbGUubWFwcy5wbGFjZXMudjEuUGxhY2VzLlNlYXJjaFRleHQQAhgEIAA,yes,yes,https://www.cloudytown.ca/,yes,,716,567,builder_wix,53
Costar Home Energy Ltd.,hvac contractor,Richmond BC,,"1991 Savage Rd, Richmond, BC V6V 0A5, Canada",4.7,86,http://costarhomeenergy.com/,real,https://maps.google.com/?cid=1834546043274266746&g_mp=Cidnb29nbGUubWFwcy5wbGFjZXMudjEuUGxhY2VzLlNlYXJjaFRleHQQAhgEIAA,yes,yes,https://www.costarhomeenergy.com/,yes,,802,527,builder_wix,53
Neighbourhood Heating & Cooling,hvac contractor,Delta BC,(604) 946-7778,"7311 Vantage Wy #103, Delta, BC V4G 1C9, Canada",5,135,http://www.callneighbourhood.com/,real,https://maps.google.com/?cid=29642841072014225&g_mp=Cidnb29nbGUubWFwcy5wbGFjZXMudjEuUGxhY2VzLlNlYXJjaFRleHQQAhgEIAA,yes,yes,https://callneighbourhood.com/,yes,,1369,604,,53
GL Roofing Ltd.,roofing contractor,Surrey BC,(604) 240-5362,"15106 91 Ave, Surrey, BC V3R 1B7, Canada",4.6,35,http://www.glroofing.ca/,real,https://maps.google.com/?cid=13709312363447365307&g_mp=Cidnb29nbGUubWFwcy5wbGFjZXMudjEuUGxhY2VzLlNlYXJjaFRleHQQAhgEIAA,yes,yes,https://glroofing.ca/,yes,2026,197,1252,,53
MK Roofing,roofing contractor,Surrey BC,(778) 863-4443,"9544 125 St, Surrey, BC V3V 4X7, Canada",4.9,35,https://www.mkroofing.ca/,real,https://maps.google.com/?cid=10964187489441357247&g_mp=Cidnb29nbGUubWFwcy5wbGFjZXMudjEuUGxhY2VzLlNlYXJjaFRleHQQAhgEIAA,yes,yes,https://mkroofing.ca/,yes,,98,2853,,53
Goodluck Siding & Roofing Ltd,roofing contractor,Surrey BC,(778) 865-6311,"14760 84a Ave, Surrey, BC V3S 6Z6, Canada",5,36,https://www.goodlucksidingroofing.ca/,real,https://maps.google.com/?cid=364337939189999815&g_mp=Cidnb29nbGUubWFwcy5wbGFjZXMudjEuUGxhY2VzLlNlYXJjaFRleHQQAhgEIAA,yes,yes,https://goodlucksidingroofing.ca/,yes,,149,2296,,53
Roofing Contractors Association Of B C,roofing contractor,Langley BC,(604) 882-9734,"9734 201 St, Langley Twp, BC V1M 3E8, Canada",4.8,33,http://www.rcabc.org/,real,https://maps.google.com/?cid=17018299237066798981&g_mp=Cidnb29nbGUubWFwcy5wbGFjZXMudjEuUGxhY2VzLlNlYXJjaFRleHQQAhgEIAA,yes,yes,https://www.rcabc.org/,yes,2026,92,669,,53
Emmax Roofing Inc,roofing contractor,Burnaby BC,(778) 233-9089,"5147 Earles St, Vancouver, BC V5R 3S3, Canada",5,30,https://emmaxroofing.ca/,real,https://maps.google.com/?cid=10714629718247210266&g_mp=Cidnb29nbGUubWFwcy5wbGFjZXMudjEuUGxhY2VzLlNlYXJjaFRleHQQAhgEIAA,yes,yes,https://emmaxroofing.ca/,yes,,173,2748,,53
ABC Roofing & Maintenance,roofing contractor,Richmond BC,(604) 735-8678,"5740 Langtree Ave, Richmond, BC V7C 4L3, Canada",5,37,https://www.abcinbc.com/,real,https://maps.google.com/?cid=14162678222778267849&g_mp=Cidnb29nbGUubWFwcy5wbGFjZXMudjEuUGxhY2VzLlNlYXJjaFRleHQQAhgEIAA,yes,yes,https://abcinbc.com/,yes,,209,1386,,53
Canstar Property Maintenance Ltd,roofing contractor,Richmond BC,(604) 782-2123,"11131 No 1 Rd, Richmond, BC V7E 1S6, Canada",4.6,32,https://canstarpropertymaintenance.ca/,real,https://maps.google.com/?cid=7128106207289200926&g_mp=Cidnb29nbGUubWFwcy5wbGFjZXMudjEuUGxhY2VzLlNlYXJjaFRleHQQAhgEIAA,yes,yes,https://canstarpropertymaintenance.ca/,yes,,90,592,,53
Level Up Gutters & Exteriors Corp.,roofing contractor,Richmond BC,(778) 814-7102,"3111 Corvette Way, Richmond, BC V6X 4K3, Canada",5,32,http://levelupgutters.ca/,real,https://maps.google.com/?cid=9496021708738079320&g_mp=Cidnb29nbGUubWFwcy5wbGFjZXMudjEuUGxhY2VzLlNlYXJjaFRleHQQAhgEIAA,yes,yes,https://levelupgutters.ca/,yes,,158,964,,53
Ghost Property Services,roofing contractor,Richmond BC,(778) 928-3336,"11151 Bridgeport Rd, Richmond, BC V6X 1T3, Canada",5,33,http://ghostproperty.ca/,real,https://maps.google.com/?cid=13212582965355358236&g_mp=Cidnb29nbGUubWFwcy5wbGFjZXMudjEuUGxhY2VzLlNlYXJjaFRleHQQAhgEIAA,yes,yes,https://ghostproperty.ca/,yes,2026,202,3182,,53
Ham Building Supplies Ltd.,roofing contractor,Richmond BC,(604) 322-7141,"11531 Eburne Way, Richmond, BC V6V 2Y7, Canada",4.4,33,https://hambuildingsupplies.ca/,real,https://maps.google.com/?cid=4665686780714560608&g_mp=Cidnb29nbGUubWFwcy5wbGFjZXMudjEuUGxhY2VzLlNlYXJjaFRleHQQAhgEIAA,yes,yes,https://hambuildingsupplies.ca/,yes,2026,102,90,,53
H & I Roofing Ltd,roofing contractor,Maple Ridge BC,(604) 462-9849,"25525 104 Ave, Maple Ridge, BC V2W 1K5, Canada",4,37,https://www.hiroofing.ca/,real,https://maps.google.com/?cid=16249100308609413589&g_mp=Cidnb29nbGUubWFwcy5wbGFjZXMudjEuUGxhY2VzLlNlYXJjaFRleHQQAhgEIAA,yes,yes,https://www.hiroofing.ca/,yes,,7,297,,53
Gelinas Roofing Ltd.,roofing contractor,Maple Ridge BC,(604) 720-5054,"25697 112 Ave, Maple Ridge, BC V2W 1H1, Canada",4.9,39,http://gelinasroofing.com/,real,https://maps.google.com/?cid=6556679075626202142&g_mp=Cidnb29nbGUubWFwcy5wbGFjZXMudjEuUGxhY2VzLlNlYXJjaFRleHQQAhgEIAA,yes,yes,https://gelinasroofing.com/,yes,,31,986,,53
First Choice Electric,electrician,Burnaby BC,(604) 783-1112,"215 N Ranelagh Ave, Burnaby, BC V5B 1H9, Canada",5,86,http://www.rightwayelectric.ca/,real,https://maps.google.com/?cid=11306163890247367280&g_mp=Cidnb29nbGUubWFwcy5wbGFjZXMudjEuUGxhY2VzLlNlYXJjaFRleHQQAhgEIAA,yes,no,http://rightwayelectric.ca/,yes,,25,1391,no_ssl,53
Electrical Savvy Contracting Inc.,electrician,Burnaby BC,(778) 788-5515,"7260 1st St, Burnaby, BC V3N 3S6, Canada",5,31,http://electricalsavvy.com/,real,https://maps.google.com/?cid=3704281304014951418&g_mp=Cidnb29nbGUubWFwcy5wbGFjZXMudjEuUGxhY2VzLlNlYXJjaFRleHQQAhgEIAA,yes,no,http://electricalsavvy.com/,yes,2018,77,291,stale_copyright_2018;no_ssl,53
Superior West Electric Ltd.,electrician,Burnaby BC,(604) 889-5370,"7674 Winston St, Burnaby, BC V5A 3A7, Canada",4.8,31,http://www.superiorwest.ca/,real,https://maps.google.com/?cid=4943874649845448863&g_mp=Cidnb29nbGUubWFwcy5wbGFjZXMudjEuUGxhY2VzLlNlYXJjaFRleHQQAhgEIAA,yes,no,http://www.superiorwest.ca/,yes,,21,277,no_ssl;builder_weebly,53
WireChief Electric,electrician,Burnaby BC,(604) 800-1665,"422 Richards St Ste 170, Vancouver, BC V6B 2Z4, Canada",4.9,88,https://www.wirechiefelectric.com/,real,https://maps.google.com/?cid=3409346617086847400&g_mp=Cidnb29nbGUubWFwcy5wbGFjZXMudjEuUGxhY2VzLlNlYXJjaFRleHQQAhgEIAA,yes,yes,https://www.wirechiefelectric.com/,yes,2010,167,1110,stale_copyright_2010,53
JAM Electric Ltd.,electrician,Coquitlam BC,(604) 880-8057,"1558 Grant Ave #107, Port Coquitlam, BC V3B 1P2, Canada",5,138,http://jamelectric.ca/,real,https://maps.google.com/?cid=7869770401398626162&g_mp=Cidnb29nbGUubWFwcy5wbGFjZXMudjEuUGxhY2VzLlNlYXJjaFRleHQQAhgEIAA,yes,yes,https://jamelectric.ca/,yes,,156,488,,53
D5 Electrical Ltd.,electrician,Richmond BC,(778) 683-8511,"7696 Ross St, Vancouver, BC V5X 4B9, Canada",4.9,87,https://www.d5electrical.ca/,real,https://maps.google.com/?cid=14629187533541061520&g_mp=Cidnb29nbGUubWFwcy5wbGFjZXMudjEuUGxhY2VzLlNlYXJjaFRleHQQAhgEIAA,yes,yes,https://www.d5electrical.ca/,yes,,1138,164,builder_wix,53
Terradyne Electrical Services Inc.,electrician,Delta BC,(780) 296-3527,"11328 89 Ave, Delta, BC V4C 3G1, Canada",5,30,http://terradyneelectrical.com/?utm_source=gmb&utm_medium=referral,real,https://maps.google.com/?cid=18441740882712662627&g_mp=Cidnb29nbGUubWFwcy5wbGFjZXMudjEuUGxhY2VzLlNlYXJjaFRleHQQAhgEIAA,http_404,no,http://terradyneelectrical.com/?utm_source=gmb&utm_medium=referral,no,,1,382,not_mobile_ready;no_ssl,53
Merit Electric Corp.,electrician,North Vancouver BC,(604) 800-1888,"901 3rd St W, North Vancouver, BC V7P 3P9, Canada",5,131,https://www.themerit.ca/,real,https://maps.google.com/?cid=13890757496306508442&g_mp=Cidnb29nbGUubWFwcy5wbGFjZXMudjEuUGxhY2VzLlNlYXJjaFRleHQQAhgEIAA,yes,yes,https://themerit.ca/,yes,2026,105,4031,,53
Kitt Electric ltd,electrician,North Vancouver BC,(604) 314-8115,"1293 Silverwood Crescent, North Vancouver, BC V7P 1J4, Canada",5,37,http://kittelectric.ca/,real,https://maps.google.com/?cid=15072389741337388297&g_mp=Cidnb29nbGUubWFwcy5wbGFjZXMudjEuUGxhY2VzLlNlYXJjaFRleHQQAhgEIAA,yes,yes,https://www.kittelectric.ca/,yes,2023,589,480,stale_copyright_2023;builder_wix,53
Strawberry Hill Auto,auto repair shop,Surrey BC,(604) 597-9325,"7855 King George Blvd, Surrey, BC V3W 5B1, Canada",4.7,183,http://www.strawberryhillauto.com/,real,https://maps.google.com/?cid=10035361006928241341&g_mp=Cidnb29nbGUubWFwcy5wbGFjZXMudjEuUGxhY2VzLlNlYXJjaFRleHQQAhgEIAA,yes,no,http://www.strawberryhillauto.com/,yes,,6,1070,no_ssl,53
Aldana's Automotive Repairs,auto repair shop,Surrey BC,(604) 780-5723,"12451 82 Ave Unit 221, Surrey, BC V3W 3E9, Canada",4.7,133,http://www.aldanasautomotive.ca/,real,https://maps.google.com/?cid=7433102805280230507&g_mp=Cidnb29nbGUubWFwcy5wbGFjZXMudjEuUGxhY2VzLlNlYXJjaFRleHQQAhgEIAA,yes,no,http://www.aldanasautomotive.ca/,no,,0,405,not_mobile_ready;no_ssl,53
Mobi Cleaning Canada Coquitlam BC,house cleaning service,Coquitlam BC,(778) 801-8595,"1591 Booth Ave #305, Coquitlam, BC V3K 1B7, Canada",4.9,186,http://www.mobicleaning.ca/,real,https://maps.google.com/?cid=3356563566587973975&g_mp=Cidnb29nbGUubWFwcy5wbGFjZXMudjEuUGxhY2VzLlNlYXJjaFRleHQQAhgEIAA,yes,yes,https://mobicleaning.ca/,no,2015,1122,2013,not_mobile_ready;stale_copyright_2015;builder_web,53
Cheema Plumbing,plumber,Surrey BC,(778) 896-3776,"15408 96 Ave, Surrey, BC V3R 1G5, Canada",4.9,31,http://cheemaplumbing.com/,real,https://maps.google.com/?cid=7354777826888747428&g_mp=Cidnb29nbGUubWFwcy5wbGFjZXMudjEuUGxhY2VzLlNlYXJjaFRleHQQAhgEIAA,yes,no,http://www.cheemaplumbing.com/,yes,2018,180,850,stale_copyright_2018;no_ssl,53
The Handyman Vancouver,roofing contractor,Richmond BC,(604) 200-6490,"6678 Fremlin St, Vancouver, BC V6P 3W1, Canada",5,31,https://www.thehandymanvancouver.ca/,real,https://maps.google.com/?cid=11786681095165606697&g_mp=Cidnb29nbGUubWFwcy5wbGFjZXMudjEuUGxhY2VzLlNlYXJjaFRleHQQAhgEIAA,yes,yes,https://www.thehandymanvancouver.ca/,yes,2026,172,267,,53
Miracle Construction Services Ltd,roofing contractor,Maple Ridge BC,(778) 873-5282,"12127 Cherrywood Dr, Maple Ridge, BC V2X 9K5, Canada",4.8,33,https://miracleconstruction.ca/,real,https://maps.google.com/?cid=15037437635983410438&g_mp=Cidnb29nbGUubWFwcy5wbGFjZXMudjEuUGxhY2VzLlNlYXJjaFRleHQQAhgEIAA,yes,yes,https://miracleconstruction.ca/,yes,2026,108,350,,53
GoldenHeights Roofing Of North Vancouver,roofing contractor,North Vancouver BC,(778) 907-4263,"117 15th St E #234, North Vancouver, BC V7L 2P7, Canada",5,34,http://goldenheightsroofing.ca/,real,https://maps.google.com/?cid=8868553416313564744&g_mp=Cidnb29nbGUubWFwcy5wbGFjZXMudjEuUGxhY2VzLlNlYXJjaFRleHQQAhgEIAA,yes,yes,https://goldenheightsroofing.ca/,yes,2026,150,582,,53
Hearthcrest Home Renovations Of North Vancouver,roofing contractor,North Vancouver BC,(778) 657-0325,"1515 Eastern Ave #347, North Vancouver, BC V7L 4R2, Canada",5,36,http://hearthcrestrenovations.ca/,real,https://maps.google.com/?cid=12182332611534731318&g_mp=Cidnb29nbGUubWFwcy5wbGFjZXMudjEuUGxhY2VzLlNlYXJjaFRleHQQAhgEIAA,yes,yes,https://hearthcrestrenovations.ca/,yes,2026,140,605,,53
R & M Mechanical,plumber,Burnaby BC,(604) 677-9000,"4026 1st Ave, Burnaby, BC V5C 3W4, Canada",4.7,70,http://rmmechanical.ca/,real,https://maps.google.com/?cid=815378546349275825&g_mp=Cidnb29nbGUubWFwcy5wbGFjZXMudjEuUGxhY2VzLlNlYXJjaFRleHQQAhgEIAA,yes,yes,https://www.rmmechanical.ca/,yes,,839,413,builder_wix,52
Peace of Mind Plumbing & Heating Ltd.,plumber,Richmond BC,(604) 500-9876,"11871 Horseshoe Wy #1117, Richmond, BC V7A 5H5, Canada",4.8,74,http://www.peaceofmindplumbing.ca/,real,https://maps.google.com/?cid=13209449027661605568&g_mp=Cidnb29nbGUubWFwcy5wbGFjZXMudjEuUGxhY2VzLlNlYXJjaFRleHQQAhgEIAA,ssl_error,no,,no,,,,broken_ssl,52
Day2Day Plumbing Ltd.,plumber,Maple Ridge BC,(604) 442-4226,"226 St, Maple Ridge, BC V2X 2M2, Canada",5,124,http://www.day2dayplumbing.ca/,real,https://maps.google.com/?cid=15817243167612422723&g_mp=Cidnb29nbGUubWFwcy5wbGFjZXMudjEuUGxhY2VzLlNlYXJjaFRleHQQAhgEIAA,yes,yes,https://day2dayplumbing.ca/,yes,2025,264,1053,,52
111 Heating Services,plumber,Maple Ridge BC,(604) 262-9909,"23102 123b Ave, Maple Ridge, BC V2X 9Z8, Canada",4.9,77,https://tripleoneheating.ca/,real,https://maps.google.com/?cid=4908972436843969907&g_mp=Cidnb29nbGUubWFwcy5wbGFjZXMudjEuUGxhY2VzLlNlYXJjaFRleHQQAhgEIAA,yes,yes,https://tripleoneheating.ca/,yes,2014,184,396,stale_copyright_2014,52
"Lord Mechanical Plumbing, Heating",plumber,North Vancouver BC,(604) 670-3737,"250 E 2nd St, North Vancouver, BC V7L 1C5, Canada",5,128,https://lordmechanical.ca/,real,https://maps.google.com/?cid=764365992533490991&g_mp=Cidnb29nbGUubWFwcy5wbGFjZXMudjEuUGxhY2VzLlNlYXJjaFRleHQQAhgEIAA,yes,yes,https://lordmechanical.ca/,yes,,62,538,,52
Vortex HVAC solutions,hvac contractor,Burnaby BC,(604) 345-2447,"4720 Lougheed Hwy, Burnaby, BC V5C 0N8, Canada",5,74,https://www.vortexhvacs.ca/,real,https://maps.google.com/?cid=17973481039753708462&g_mp=Cidnb29nbGUubWFwcy5wbGFjZXMudjEuUGxhY2VzLlNlYXJjaFRleHQQAhgEIAA,yes,yes,https://www.vortexhvacs.ca/,yes,,901,187,builder_wix,52
Heatex Furnace Ltd.,hvac contractor,Coquitlam BC,(604) 568-0077,"2471 Friskie Ave, Port Coquitlam, BC V3B 7P9, Canada",4.9,71,https://heatexfurnace.com/,real,https://maps.google.com/?cid=12046957360672433944&g_mp=Cidnb29nbGUubWFwcy5wbGFjZXMudjEuUGxhY2VzLlNlYXJjaFRleHQQAhgEIAA,yes,yes,https://heatexfurnace.com/,yes,2022,315,910,stale_copyright_2022,52
Eco Master Heating and Cooling,hvac contractor,Coquitlam BC,(604) 760-2678,"2970 Cove Pl, Coquitlam, BC V3C 3R7, Canada",5,21,http://www.ecomaster.ca/,real,https://maps.google.com/?cid=7207821733040079488&g_mp=Cidnb29nbGUubWFwcy5wbGFjZXMudjEuUGxhY2VzLlNlYXJjaFRleHQQAhgEIAA,yes,yes,https://www.ecomaster.ca/,no,2014,22,267,not_mobile_ready;stale_copyright_2014,52
Airon Heating and Air Conditioning,hvac contractor,Richmond BC,(604) 270-2040,"2639 Viking Wy, Richmond, BC V6V 1N3, Canada",4.6,22,http://www.aironhvac.com/,real,https://maps.google.com/?cid=12922908276045963295&g_mp=Cidnb29nbGUubWFwcy5wbGFjZXMudjEuUGxhY2VzLlNlYXJjaFRleHQQAhgEIAA,yes,no,http://www.aironhvac.com/,yes,2016,38,1235,stale_copyright_2016;no_ssl,52
Ryan Heating & Air Conditioning,hvac contractor,Maple Ridge BC,(778) 228-5330,"21433 Cherry Pl, Maple Ridge, BC V2X 4L5, Canada",5,127,https://www.heatingbyryan.ca/?utm_source=gbp&utm_medium=organic&utm_campaign=gbp-listing,real,https://maps.google.com/?cid=7561619300704265867&g_mp=Cidnb29nbGUubWFwcy5wbGFjZXMudjEuUGxhY2VzLlNlYXJjaFRleHQQAhgEIAA,yes,yes,https://www.heatingbyryan.ca/?utm_source=gbp&utm_medium=organic&utm_campaign=gbp-listing,yes,,83,3020,,52
Kanga Roofing,roofing contractor,Surrey BC,(604) 240-9510,"11028 157 St, Surrey, BC V4N 1C5, Canada",5,27,http://www.kangaroofing.ca/,real,https://maps.google.com/?cid=12530348905041673112&g_mp=Cidnb29nbGUubWFwcy5wbGFjZXMudjEuUGxhY2VzLlNlYXJjaFRleHQQAhgEIAA,yes,yes,https://kangaroofing.ca/,yes,,154,3032,,52
I-M Roofing Ltd,roofing contractor,Surrey BC,(236) 838-9577,"15482 86a Ave, Surrey, BC V3S 2R6, Canada",5,28,https://imroofs.com/,real,https://maps.google.com/?cid=6591302152617111064&g_mp=Cidnb29nbGUubWFwcy5wbGFjZXMudjEuUGxhY2VzLlNlYXJjaFRleHQQAhgEIAA,yes,yes,https://imroofs.com/,yes,2025,188,145,,52
Accountable Roofing,roofing contractor,Surrey BC,(604) 888-5722,"5909 177b St, Surrey, BC V3S 4J7, Canada",5,21,http://www.accountableroofing.ca/,real,https://maps.google.com/?cid=239990104722576818&g_mp=Cidnb29nbGUubWFwcy5wbGFjZXMudjEuUGxhY2VzLlNlYXJjaFRleHQQAhgEIAA,yes,yes,https://accountableroofing.ca/,yes,2026,29,1187,,52
Level Up Canadian Roofing & Exteriors,roofing contractor,Langley BC,(604) 239-5656,"9180 Hemlock Dr, Richmond, BC V6Y 4J5, Canada",5,26,http://levelupcanadianroofing.ca/,real,https://maps.google.com/?cid=10048507346551005710&g_mp=Cidnb29nbGUubWFwcy5wbGFjZXMudjEuUGxhY2VzLlNlYXJjaFRleHQQAhgEIAA,yes,yes,https://www.levelupcanadianroofing.ca/,yes,,45,1717,,52
OnTop Roofing Ltd.,roofing contractor,Langley BC,(604) 809-6990,"20821 Fraser Hwy #47, Langley, BC V3A 0B6, Canada",4.9,24,http://www.ontop-roofing.ca/,real,https://maps.google.com/?cid=1214079762636415125&g_mp=Cidnb29nbGUubWFwcy5wbGFjZXMudjEuUGxhY2VzLlNlYXJjaFRleHQQAhgEIAA,yes,yes,https://ontop-roofing.ca/,yes,2026,234,671,,52
Homan Roofing,roofing contractor,Langley BC,(604) 514-9456,"19613 56 Ave #101, Langley, BC V3A 3X7, Canada",4.1,28,http://homan.ca/,real,https://maps.google.com/?cid=9698883074156264901&g_mp=Cidnb29nbGUubWFwcy5wbGFjZXMudjEuUGxhY2VzLlNlYXJjaFRleHQQAhgEIAA,yes,yes,https://homan.ca/,yes,,6,977,,52
Harvard Roofing & Sheet Metal,roofing contractor,Langley BC,(604) 530-1818,"20351 Duncan Way #108, Langley, BC V3A 7N3, Canada",4.4,27,http://www.harvardroofing.ca/,real,https://maps.google.com/?cid=2796427053191769833&g_mp=Cidnb29nbGUubWFwcy5wbGFjZXMudjEuUGxhY2VzLlNlYXJjaFRleHQQAhgEIAA,yes,yes,https://www.harvard-roofing.com/,yes,,41,1162,,52
Timeless roofing,roofing contractor,Burnaby BC,(778) 697-0478,"4772 Windsor St, Vancouver, BC V5V 4R2, Canada",4.8,21,https://timelessroofingbc.ca/,real,https://maps.google.com/?cid=15789519973994075047&g_mp=Cidnb29nbGUubWFwcy5wbGFjZXMudjEuUGxhY2VzLlNlYXJjaFRleHQQAhgEIAA,yes,yes,https://timelessroofingbc.ca/,yes,,90,2809,,52
Fraserview Roofing,roofing contractor,Burnaby BC,(604) 897-3614,"5907 Culloden St, Vancouver, BC V5W 3S3, Canada",4.9,27,http://www.fraserviewroofing.com/,real,https://maps.google.com/?cid=11418893785430551443&g_mp=Cidnb29nbGUubWFwcy5wbGFjZXMudjEuUGxhY2VzLlNlYXJjaFRleHQQAhgEIAA,yes,yes,https://fraserviewroofing.com/,yes,2025,202,2647,,52
Rebel Roofing,roofing contractor,Coquitlam BC,(778) 598-3210,"1322 Paula Pl, Port Coquitlam, BC V3C 2W2, Canada",4.8,29,https://rebelroofingbc.com/?utm_source=google_listing&utm_medium=organic,real,https://maps.google.com/?cid=15272509744433700941&g_mp=Cidnb29nbGUubWFwcy5wbGFjZXMudjEuUGxhY2VzLlNlYXJjaFRleHQQAhgEIAA,yes,yes,https://rebelroofingbc.com/?utm_source=google_listing&utm_medium=organic,yes,2026,148,405,,52
PCC Roofing,roofing contractor,Coquitlam BC,(604) 554-0963,"853 Seaborne Ave Unit 2160, Port Coquitlam, BC V3B 0N9, Canada",5,22,https://pccroofing.ca/,real,https://maps.google.com/?cid=4625792955403627108&g_mp=Cidnb29nbGUubWFwcy5wbGFjZXMudjEuUGxhY2VzLlNlYXJjaFRleHQQAhgEIAA,yes,yes,https://pccroofing.ca/,yes,,411,168,,52
Navco Roofing,roofing contractor,Coquitlam BC,(778) 588-7477,"853 Seaborne Ave #2110, Port Coquitlam, BC V3E 8G8, Canada",4.8,28,https://navcoroofing.com/,real,https://maps.google.com/?cid=5949720742584531690&g_mp=Cidnb29nbGUubWFwcy5wbGFjZXMudjEuUGxhY2VzLlNlYXJjaFRleHQQAhgEIAA,yes,yes,https://navcoroofing.com/,yes,,52,449,,52
Big Guns Roofing,roofing contractor,Coquitlam BC,(604) 816-3658,"1952 Kingsway Ave Unit 412, Port Coquitlam, BC V3C 6C2, Canada",4.6,20,http://www.biggunsroofing.com/,real,https://maps.google.com/?cid=1591833499266370591&g_mp=Cidnb29nbGUubWFwcy5wbGFjZXMudjEuUGxhY2VzLlNlYXJjaFRleHQQAhgEIAA,yes,yes,https://biggunsroofing.com/,yes,2026,137,3794,,52
Westview Siding & Roofing Ltd,roofing contractor,Coquitlam BC,(604) 657-6080,"550 Cottonwood Ave, Coquitlam, BC V3J 2S1, Canada",4.7,28,https://westviewsiding.com/,real,https://maps.google.com/?cid=11006750824181683019&g_mp=Cidnb29nbGUubWFwcy5wbGFjZXMudjEuUGxhY2VzLlNlYXJjaFRleHQQAhgEIAA,yes,yes,https://westviewsiding.com/,yes,2026,199,221,,52
Western Summit Electric - Vancouver,electrician,Langley BC,(778) 404-7902,"488 Jackson Ave, Vancouver, BC V6A 3B5, Canada",5,122,https://westernsummitelectric.com/?utm_campaign=gbp,real,https://maps.google.com/?cid=1095630651123094840&g_mp=Cidnb29nbGUubWFwcy5wbGFjZXMudjEuUGxhY2VzLlNlYXJjaFRleHQQAhgEIAA,yes,yes,https://www.westernsummitelectric.com/?utm_campaign=gbp,yes,2025,125,1539,,52
ERM Electric Ltd.,electrician,Burnaby BC,(604) 440-4892,"9623 Manchester Dr, Burnaby, BC V3N 4Y8, Canada",5,128,https://ermelectric.ca/,real,https://maps.google.com/?cid=13272500035305234644&g_mp=Cidnb29nbGUubWFwcy5wbGFjZXMudjEuUGxhY2VzLlNlYXJjaFRleHQQAhgEIAA,yes,yes,https://www.ermelectric.ca/,yes,,3,258,,52
Redox Electric | Professional Electrical Service,electrician,Maple Ridge BC,(604) 910-9691,"23272 118 Ave, Maple Ridge, BC V2X 9J1, Canada",4.9,127,https://redoxelectric.ca/,real,https://maps.google.com/?cid=10883639956685811875&g_mp=Cidnb29nbGUubWFwcy5wbGFjZXMudjEuUGxhY2VzLlNlYXJjaFRleHQQAhgEIAA,yes,yes,https://redoxelectric.ca/,yes,2026,152,814,,52
Ty Electric Inc.,electrician,North Vancouver BC,(604) 700-3414,"1641 Lonsdale Ave #1015, North Vancouver, BC V7M 2J5, Canada",4.9,121,http://tyelectric.ca/,real,https://maps.google.com/?cid=2927300874527864187&g_mp=Cidnb29nbGUubWFwcy5wbGFjZXMudjEuUGxhY2VzLlNlYXJjaFRleHQQAhgEIAA,yes,yes,https://tyelectric.ca/,yes,2026,210,221,,52
Superb Electric Ltd,electrician,North Vancouver BC,(778) 223-8430,"2060 Curling Rd Unit 212, North Vancouver, BC V7P 0C9, Canada",4.9,129,https://www.superbelectric.ca/,real,https://maps.google.com/?cid=6401015510339004300&g_mp=Cidnb29nbGUubWFwcy5wbGFjZXMudjEuUGxhY2VzLlNlYXJjaFRleHQQAhgEIAA,yes,yes,https://superbelectric.ca/,yes,,421,2476,,52
German Auto Sports,auto repair shop,Surrey BC,(778) 565-3427,"13431 72 Ave, Surrey, BC V3W 2N7, Canada",4.1,124,http://germanautosportsbc.com/,real,https://maps.google.com/?cid=5477010306856038436&g_mp=Cidnb29nbGUubWFwcy5wbGFjZXMudjEuUGxhY2VzLlNlYXJjaFRleHQQAhgEIAA,http_404,no,http://germanautosportsbc.com/,no,,0,252,not_mobile_ready;no_ssl,52
Old Town Mechanical,auto repair shop,Langley BC,(236) 986-3611,"5297 264 St, Langley Twp, BC V4W 1J7, Canada",4.8,176,https://www.oldtowntires.ca/,real,https://maps.google.com/?cid=2647871474291573219&g_mp=Cidnb29nbGUubWFwcy5wbGFjZXMudjEuUGxhY2VzLlNlYXJjaFRleHQQAhgEIAA,yes,yes,https://www.oldtowntires.ca/,yes,,654,224,builder_wix,52
Sonic Auto Services,auto repair shop,Burnaby BC,(604) 616-1226,"6879 Antrim Ave, Burnaby, BC V5J 4M5, Canada",4.9,171,https://www.sonicautoservices.com/,real,https://maps.google.com/?cid=9244972234709653227&g_mp=Cidnb29nbGUubWFwcy5wbGFjZXMudjEuUGxhY2VzLlNlYXJjaFRleHQQAhgEIAA,yes,yes,https://www.sonicautoservices.com/,yes,,618,260,builder_wix,52
West Coast Repair & Collision (2002) Ltd,auto repair shop,Maple Ridge BC,(604) 466-2930,"9903 240 St, Maple Ridge, BC V2W 1B7, Canada",5,178,https://westcoastrepaircollision.ca/,real,https://maps.google.com/?cid=13459329916622093181&g_mp=Cidnb29nbGUubWFwcy5wbGFjZXMudjEuUGxhY2VzLlNlYXJjaFRleHQQAhgEIAA,yes,yes,https://westcoastrepaircollision.ca/,yes,2024,81,139,stale_copyright_2024,52
Holland Plumbing Services Inc.,plumber,North Vancouver BC,(604) 245-8234,"1990 Pandora St, Vancouver, BC V5L 0C7, Canada",4.8,123,http://hollandplumbing.ca/?utm_campaign=gmb,real,https://maps.google.com/?cid=2331290479247349028&g_mp=Cidnb29nbGUubWFwcy5wbGFjZXMudjEuUGxhY2VzLlNlYXJjaFRleHQQAhgEIAA,yes,yes,https://hollandplumbing.ca/?utm_campaign=gmb,yes,,33,1181,,52
Overseas Roofing,roofing contractor,Surrey BC,(778) 860-4147,"11919 96 Ave, Surrey, BC V3V 1W1, Canada",4.8,23,http://www.overseasroofing.ca/,real,https://maps.google.com/?cid=8224031947699730764&g_mp=Cidnb29nbGUubWFwcy5wbGFjZXMudjEuUGxhY2VzLlNlYXJjaFRleHQQAhgEIAA,yes,yes,https://overseasroofing.ca/,yes,,455,4095,,52
GVA Plumbing & Heating Ltd.- Langley,plumber,Langley BC,(604) 720-8758,"20623 66A Ave, Langley, BC V2Y 2Y4, Canada",5,66,https://gvaplumbing.com/,real,https://maps.google.com/?cid=1234309810698763795&g_mp=Cidnb29nbGUubWFwcy5wbGFjZXMudjEuUGxhY2VzLlNlYXJjaFRleHQQAhgEIAA,yes,yes,https://gvaplumbing.com/,yes,2023,119,311,stale_copyright_2023,51
A2B Plumbing and Heating,plumber,Burnaby BC,(604) 764-6267,"1531 Giles Pl, Burnaby, BC V5A 3K7, Canada",5,113,https://a2bplumbingheating.com/,real,https://maps.google.com/?cid=11534965982569768482&g_mp=Cidnb29nbGUubWFwcy5wbGFjZXMudjEuUGxhY2VzLlNlYXJjaFRleHQQAhgEIAA,yes,yes,https://a2bplumbingheating.com/,yes,2026,312,418,,51
Hippo Plumbing and Heating,plumber,Coquitlam BC,(604) 365-0812,"3080 Lincoln Ave #709, Coquitlam, BC V3B 0L9, Canada",5,119,https://hippoplumbing.com/,real,https://maps.google.com/?cid=11608856546492063277&g_mp=Cidnb29nbGUubWFwcy5wbGFjZXMudjEuUGxhY2VzLlNlYXJjaFRleHQQAhgEIAA,yes,yes,https://hippoplumbing.com/,yes,2026,179,413,,51
SMR Plumbing and Heating,plumber,North Vancouver BC,(604) 616-0062,"1081 Roosevelt Crescent, North Vancouver, BC V7P 1M4, Canada",5,113,https://www.smrplumbing.com/,real,https://maps.google.com/?cid=16160186989950049510&g_mp=Cidnb29nbGUubWFwcy5wbGFjZXMudjEuUGxhY2VzLlNlYXJjaFRleHQQAhgEIAA,yes,yes,https://www.smrplumbing.com/,yes,,655,373,,51
Newton AC Ltd.,hvac contractor,Surrey BC,(604) 396-6457,"12899 76 Ave #101, Surrey, BC V3W1X6, Canada",4.3,68,http://newtonac.ca/,real,https://maps.google.com/?cid=3713990077166211608&g_mp=Cidnb29nbGUubWFwcy5wbGFjZXMudjEuUGxhY2VzLlNlYXJjaFRleHQQAhgEIAA,yes,yes,https://newtonac.ca/,yes,,335,2231,builder_weebly,51
Broadway Refrigeration & Air Conditioning Co. Ltd.,hvac contractor,Burnaby BC,(604) 255-2461,"4427 Dawson St, Burnaby, BC V5C 4B8, Canada",4.2,110,https://www.broadwayrefrigeration.com/,real,https://maps.google.com/?cid=13940361946457163521&g_mp=Cidnb29nbGUubWFwcy5wbGFjZXMudjEuUGxhY2VzLlNlYXJjaFRleHQQAhgEIAA,yes,yes,https://www.broadwayrefrigeration.com/,yes,2025,165,592,,51
Ariana Heating & Air Conditioning Ltd.,hvac contractor,Coquitlam BC,(778) 861-7120,"2099 Lougheed Hwy A113, Port Coquitlam, BC V3B 1A8, Canada",4.7,114,https://arianaheating.ca/,real,https://maps.google.com/?cid=5660861456343598212&g_mp=Cidnb29nbGUubWFwcy5wbGFjZXMudjEuUGxhY2VzLlNlYXJjaFRleHQQAhgEIAA,yes,yes,https://arianaheating.ca/,yes,,857,379,,51
Prime Tech Heating Ltd.,hvac contractor,Coquitlam BC,(604) 255-4771,"1846 Coquitlam Ave, Port Coquitlam, BC V3B 1H7, Canada",4.9,110,http://www.primetechfurnace.ca/,real,https://maps.google.com/?cid=10865128920319443417&g_mp=Cidnb29nbGUubWFwcy5wbGFjZXMudjEuUGxhY2VzLlNlYXJjaFRleHQQAhgEIAA,yes,yes,https://www.primetechfurnace.ca/,yes,,145,1872,,51
Errington Mechanical - Plumbing & HVAC Richmond,hvac contractor,Richmond BC,(604) 446-3212,"9891 Herbert Rd, Richmond, BC V7A 1T6, Canada",5,113,https://www.plumbing-hvac-richmond.ca/,real,https://maps.google.com/?cid=14821670760082514657&g_mp=Cidnb29nbGUubWFwcy5wbGFjZXMudjEuUGxhY2VzLlNlYXJjaFRleHQQAhgEIAA,yes,yes,https://www.plumbing-hvac-richmond.ca/,yes,2026,239,502,,51
Jetson Home - Vancouver,hvac contractor,North Vancouver BC,(888) 996-5876,"197 Forester St Unit 204, North Vancouver, BC V7H 0A6, Canada",4.8,111,https://jetsonhome.com/ca/bc/vancouver-central-heat-pumps?utm_source=google&utm_medium=organic&utm_campaign=google-business-profile&utm_content=vancouver-booking,real,https://maps.google.com/?cid=8532533380401031391&g_mp=Cidnb29nbGUubWFwcy5wbGFjZXMudjEuUGxhY2VzLlNlYXJjaFRleHQQAhgEIAA,yes,yes,https://jetsonhome.com/ca/bc/vancouver-central-heat-pumps?utm_source=google&utm_medium=organic&utm_campaign=google-business-profile&utm_content=vancouver-booking,yes,2026,454,117,,51
SSS Roofing,roofing contractor,Surrey BC,(604) 902-5270,"12466 90a Ave, Surrey, BC V3V 6T3, Canada",5,15,https://sssroofing.ca/,real,https://maps.google.com/?cid=3662064299857611289&g_mp=Cidnb29nbGUubWFwcy5wbGFjZXMudjEuUGxhY2VzLlNlYXJjaFRleHQQAhgEIAA,yes,yes,https://sssroofing.ca/,yes,2026,36,297,,51
Paragon Roofing BC,roofing contractor,Burnaby BC,(604) 358-3436,"997 Seymour St #250, Vancouver, BC V6B 3M1, Canada",5,17,https://www.paragonroofingbc.ca/vancouver?utm_source=GMBmain&utm_medium=organic,real,https://maps.google.com/?cid=17143523406797995748&g_mp=Cidnb29nbGUubWFwcy5wbGFjZXMudjEuUGxhY2VzLlNlYXJjaFRleHQQAhgEIAA,yes,yes,https://www.paragonroofingbc.ca/vancouver?utm_source=GMBmain&utm_medium=organic,yes,,745,1262,,51
Red Maple Roofing,roofing contractor,Coquitlam BC,(778) 239-1701,"3519 Princeton Ave, Coquitlam, BC V3E 0K3, Canada",5,17,http://www.redmapleroofingbc.com/,real,https://maps.google.com/?cid=17777095626369088692&g_mp=Cidnb29nbGUubWFwcy5wbGFjZXMudjEuUGxhY2VzLlNlYXJjaFRleHQQAhgEIAA,yes,yes,https://redmapleroofingbc.com/,yes,,27,437,,51
Tough Roofing Vancouver,roofing contractor,Richmond BC,(604) 262-4064,"1030 W 10th Ave, Vancouver, BC V5T 2B5, Canada",4.9,16,https://www.roofersvancouverbc.com/,real,https://maps.google.com/?cid=6611257881029581301&g_mp=Cidnb29nbGUubWFwcy5wbGFjZXMudjEuUGxhY2VzLlNlYXJjaFRleHQQAhgEIAA,yes,yes,https://www.roofersvancouverbc.com/,yes,2026,279,283,,51
K2 Roofing Ltd.,roofing contractor,Maple Ridge BC,(604) 317-0004,"911 12th St, New Westminster, BC V3M 4K3, Canada",5,18,https://www.k2roofing.com/,real,https://maps.google.com/?cid=12161572832089056893&g_mp=Cidnb29nbGUubWFwcy5wbGFjZXMudjEuUGxhY2VzLlNlYXJjaFRleHQQAhgEIAA,yes,yes,https://www.k2roofing.com/,yes,2026,19,529,,51
A1 kahlon construction,roofing contractor,North Vancouver BC,(778) 892-1530,"349 Monteray Ave, North Vancouver, BC V7N 3E7, Canada",4.7,19,https://a1kahlonconstruction.ca/,real,https://maps.google.com/?cid=12619973025010818018&g_mp=Cidnb29nbGUubWFwcy5wbGFjZXMudjEuUGxhY2VzLlNlYXJjaFRleHQQAhgEIAA,yes,yes,https://a1kahlonconstruction.ca/,yes,,1207,654,,51
Swiss Guy Electrical,electrician,Surrey BC,(778) 808-8921,"20290 47 Ave, Langley, BC V3A 5K7, Canada",5,65,http://www.swissguyelectrical.com/,real,https://maps.google.com/?cid=8762312886332216489&g_mp=Cidnb29nbGUubWFwcy5wbGFjZXMudjEuUGxhY2VzLlNlYXJjaFRleHQQAhgEIAA,yes,yes,https://www.swissguyelectrical.com/,yes,,833,345,builder_wix,51
BC Vancouver Electrical Limited,electrician,Surrey BC,(778) 554-8988,"8633 Delnova Dr, Delta, BC V4C 7X5, Canada",5,67,http://bcvancouverelectrical.com/,real,https://maps.google.com/?cid=14693477542248984421&g_mp=Cidnb29nbGUubWFwcy5wbGFjZXMudjEuUGxhY2VzLlNlYXJjaFRleHQQAhgEIAA,yes,no,http://bcvancouverelectrical.com/,yes,2026,152,1780,no_ssl,51
HRG Electrical Ltd.,electrician,Surrey BC,(778) 240-4741,"7941 134 St, Surrey, BC V3W 9Y1, Canada",5,18,http://hrgelectrical.ca/,real,https://maps.google.com/?cid=12112471107924314686&g_mp=Cidnb29nbGUubWFwcy5wbGFjZXMudjEuUGxhY2VzLlNlYXJjaFRleHQQAhgEIAA,yes,no,http://hrgelectrical.ca/,no,,0,76,not_mobile_ready;no_ssl,51
Sole Electric Ltd,electrician,Coquitlam BC,(778) 840-8452,"62 Fawcett Rd, Coquitlam, BC V3K 6V5, Canada",5,63,https://soleelectric.ca/,real,https://maps.google.com/?cid=10194923432058157763&g_mp=Cidnb29nbGUubWFwcy5wbGFjZXMudjEuUGxhY2VzLlNlYXJjaFRleHQQAhgEIAA,yes,yes,https://www.soleelectric.ca/,yes,,839,427,builder_wix,51
Bright West Electric,electrician,Coquitlam BC,(604) 329-3007,"657 Whiting Way #903, Coquitlam, BC V3J 0J6, Canada",5,111,http://www.brightwestelectric.com/,real,https://maps.google.com/?cid=9134786533314048608&g_mp=Cidnb29nbGUubWFwcy5wbGFjZXMudjEuUGxhY2VzLlNlYXJjaFRleHQQAhgEIAA,yes,yes,https://www.brightwestelectric.com/,yes,2026,85,426,,51
Castle Electric,electrician,Coquitlam BC,(866) 281-7057,"2000 Panorama Dr #98, Port Moody, BC V3H 5J5, Canada",5,119,http://www.castleelectric.ca/?utm_campaign=gmb,real,https://maps.google.com/?cid=15364292318938164574&g_mp=Cidnb29nbGUubWFwcy5wbGFjZXMudjEuUGxhY2VzLlNlYXJjaFRleHQQAhgEIAA,yes,yes,https://castleelectric.ca/?utm_campaign=gmb,yes,,502,1430,,51
Mike's Quality Bodyworks and Refinishing Inc.,auto repair shop,Maple Ridge BC,(604) 321-9979,"#2, 20736 Lougheed Hwy #3, Maple Ridge, BC V2X 2R1, Canada",4.7,161,https://mikesqualitybodyworks.com/,real,https://maps.google.com/?cid=4099338065713411871&g_mp=Cidnb29nbGUubWFwcy5wbGFjZXMudjEuUGxhY2VzLlNlYXJjaFRleHQQAhgEIAA,yes,yes,https://mikesqualitybodyworks.com/,yes,,1467,534,builder_weebly,51
Meadowridge Collision,auto repair shop,Maple Ridge BC,(604) 465-8636,"11973 207 St, Maple Ridge, BC V2X 1X6, Canada",4.9,167,http://www.meadowridgecollision.com/,real,https://maps.google.com/?cid=5607032066722115102&g_mp=Cidnb29nbGUubWFwcy5wbGFjZXMudjEuUGxhY2VzLlNlYXJjaFRleHQQAhgEIAA,yes,no,http://www.meadowridgecollision.com/,yes,,14,770,no_ssl,51
Handyman Richmond,roofing contractor,Richmond BC,(604) 200-6490,"11880 Hammersmith Wy Unit 115, Richmond, BC V7A 5C8, Canada",5,19,https://www.handymanrichmond.ca/,real,https://maps.google.com/?cid=10971528961492746654&g_mp=Cidnb29nbGUubWFwcy5wbGFjZXMudjEuUGxhY2VzLlNlYXJjaFRleHQQAhgEIAA,yes,yes,https://www.handymanrichmond.ca/,yes,2026,157,251,,51
Phoenix Roof Consultants,roofing contractor,Delta BC,(778) 803-7161,"4611 Kelly Pl, Delta, BC V4K 1G8, Canada",5,19,https://phoenixroofconsultants.ca/,real,https://maps.google.com/?cid=12760782443468017091&g_mp=Cidnb29nbGUubWFwcy5wbGFjZXMudjEuUGxhY2VzLlNlYXJjaFRleHQQAhgEIAA,yes,yes,https://phoenixroofconsultants.ca/,yes,2026,174,372,,51
Maple Ridge Roofing,roofing contractor,Maple Ridge BC,(604) 636-8540,"11985 203 St #36, Maple Ridge, BC V2X 4V2, Canada",4.7,17,https://mapleridgeroofing.ca/,real,https://maps.google.com/?cid=4710347444040907203&g_mp=Cidnb29nbGUubWFwcy5wbGFjZXMudjEuUGxhY2VzLlNlYXJjaFRleHQQAhgEIAA,http_403,yes,https://mapleridgeroofing.ca/,yes,,5,122,,51
Vantage Roofing Ltd.,roofing contractor,North Vancouver BC,(778) 743-1311,"100 Park Royal S Unit 200, West Vancouver, BC V7T 1A2, Canada",4.8,15,https://vantageroofingltd.ca/services/west-vancouver-roofers/,real,https://maps.google.com/?cid=10276719111100575266&g_mp=Cidnb29nbGUubWFwcy5wbGFjZXMudjEuUGxhY2VzLlNlYXJjaFRleHQQAhgEIAA,yes,yes,https://vantageroofingltd.ca/services/west-vancouver-roofers/,yes,,574,303,,51
Coastal Exterior Contracting Inc.,roofing contractor,North Vancouver BC,(604) 809-2326,"1932 Boulevard Crescent #3, North Vancouver, BC V7L 3Z1, Canada",5,18,https://coastalexterior.ca/,real,https://maps.google.com/?cid=7569864116048736387&g_mp=Cidnb29nbGUubWFwcy5wbGFjZXMudjEuUGxhY2VzLlNlYXJjaFRleHQQAhgEIAA,yes,yes,https://coastalexterior.ca/,yes,,55,1055,,51
A & R West Coast Contracting Ltd.,roofing contractor,North Vancouver BC,(604) 341-5069,"4417 Glencanyon Dr, North Vancouver, BC V7N 4B4, Canada",5,15,https://arwestcoastcontracting.ca/,real,https://maps.google.com/?cid=612547446534792274&g_mp=Cidnb29nbGUubWFwcy5wbGFjZXMudjEuUGxhY2VzLlNlYXJjaFRleHQQAhgEIAA,yes,yes,https://arwestcoastcontracting.ca/,yes,,6,312,,51
Crescent Park Plumbing,plumber,Surrey BC,(604) 355-0886,"15850 24 Ave #214, Surrey, BC V3Z 0G1, Canada",5,104,https://crescentparkplumbing.com/,real,https://maps.google.com/?cid=13989809760139100492&g_mp=Cidnb29nbGUubWFwcy5wbGFjZXMudjEuUGxhY2VzLlNlYXJjaFRleHQQAhgEIAA,yes,yes,https://crescentparkplumbing.com/,yes,2025,477,635,,50
Gator Plumbing & Drainage,plumber,Surrey BC,(604) 653-7309,"1200 W 73rd Ave #1100, Vancouver, BC V6P 6G5, Canada",5,101,https://www.gatorplumbing.ca/?utm_source=google&utm_medium=organic&utm_campaign=gmb,real,https://maps.google.com/?cid=4730309583395583902&g_mp=Cidnb29nbGUubWFwcy5wbGFjZXMudjEuUGxhY2VzLlNlYXJjaFRleHQQAhgEIAA,yes,yes,https://www.gatorplumbing.ca/?utm_source=google&utm_medium=organic&utm_campaign=gmb,yes,,595,309,,50
Langley Plumbing & Heating Ltd.,plumber,Langley BC,(604) 533-8814,"20263 45 Ave, Langley, BC V3A 6N4, Canada",4.4,54,http://www.langleyplumbing.net/,real,https://maps.google.com/?cid=13771597359231454494&g_mp=Cidnb29nbGUubWFwcy5wbGFjZXMudjEuUGxhY2VzLlNlYXJjaFRleHQQAhgEIAA,yes,yes,https://www.langleyplumbing.net/,yes,,788,389,builder_wix,50
Lower Mainland Plumbing LTD,plumber,Langley BC,,"8508 204 St, Langley Twp, BC V2Y 0V8, Canada",5,57,https://lowermainlandplumbing.com/,real,https://maps.google.com/?cid=13830522091448609544&g_mp=Cidnb29nbGUubWFwcy5wbGFjZXMudjEuUGxhY2VzLlNlYXJjaFRleHQQAhgEIAA,yes,yes,https://lowermainlandplumbing.com/,yes,2023,234,1966,stale_copyright_2023,50
Lux Plumbing & Drainage,plumber,Burnaby BC,(604) 700-1751,"7715 Cumberland St, Burnaby, BC V3N 3Y2, Canada",4.9,100,http://www.luxplumbing.ca/,real,https://maps.google.com/?cid=18037065938144637399&g_mp=Cidnb29nbGUubWFwcy5wbGFjZXMudjEuUGxhY2VzLlNlYXJjaFRleHQQAhgEIAA,yes,yes,https://luxplumbing.ca/,yes,2025,182,1286,,50
Paradigm Services and Installations LTD.,plumber,Coquitlam BC,(778) 938-5311,"1386 Lincoln Dr, Port Coquitlam, BC V3B 7G6, Canada",5,105,https://paradigmservices.ca/,real,https://maps.google.com/?cid=2921056983990921060&g_mp=Cidnb29nbGUubWFwcy5wbGFjZXMudjEuUGxhY2VzLlNlYXJjaFRleHQQAhgEIAA,yes,yes,https://paradigmservices.ca/,yes,2025,200,4905,,50
VIA Plumbing Heating & Drainage Ltd,plumber,Richmond BC,(604) 336-5889,"4871 Shell Rd #1125, Richmond, BC V6X 3Z6, Canada",4.8,104,https://viaplumbing.com/,real,https://maps.google.com/?cid=11961433054621230461&g_mp=Cidnb29nbGUubWFwcy5wbGFjZXMudjEuUGxhY2VzLlNlYXJjaFRleHQQAhgEIAA,yes,yes,https://viaplumbing.com/,yes,2026,139,124,,50
Rapid Plumbers Of Vancouver,plumber,Richmond BC,(778) 800-7207,"1333 W Broadway #761, Vancouver, BC V6H 4C2, Canada",5,106,http://rapidplumbers.ca/,real,https://maps.google.com/?cid=717952497374461482&g_mp=Cidnb29nbGUubWFwcy5wbGFjZXMudjEuUGxhY2VzLlNlYXJjaFRleHQQAhgEIAA,yes,yes,https://rapidplumbers.ca/,yes,2026,142,588,,50
Impetus Plumbing and Heating Vancouver,plumber,Richmond BC,(604) 719-2136,"2777 E 25th Ave, Vancouver, BC V5R 1H6, Canada",5,108,https://impetusplumbingheating.com/service-areas/vancouver/,real,https://maps.google.com/?cid=13791909554233791802&g_mp=Cidnb29nbGUubWFwcy5wbGFjZXMudjEuUGxhY2VzLlNlYXJjaFRleHQQAhgEIAA,yes,yes,https://impetusplumbingheating.com/service-areas/vancouver/,yes,,251,483,,50
Alleviate Plumbing & Heating,plumber,North Vancouver BC,(604) 889-4883,"423 W 24th St, North Vancouver, BC V7M 2C9, Canada",5,109,https://alleviateplumbing.com/,real,https://maps.google.com/?cid=3074267711947559643&g_mp=Cidnb29nbGUubWFwcy5wbGFjZXMudjEuUGxhY2VzLlNlYXJjaFRleHQQAhgEIAA,yes,yes,https://alleviateplumbing.com/,yes,,169,3465,,50
Stevens Plumbing & Heating Ltd.,plumber,North Vancouver BC,(604) 988-8822,"1055 29th St E, North Vancouver, BC V7K 1C1, Canada",4.7,56,http://stevensph.com/,real,https://maps.google.com/?cid=8671819359014287512&g_mp=Cidnb29nbGUubWFwcy5wbGFjZXMudjEuUGxhY2VzLlNlYXJjaFRleHQQAhgEIAA,yes,yes,https://stevensph.com/,yes,2025,170,8098,slow_load,50
Comfortpro Heat & AC,hvac contractor,Surrey BC,(778) 636-6001,"5896 183A St, Surrey, BC V3S 5Y3, Canada",5,54,https://comfortprohvac.ca/,real,https://maps.google.com/?cid=120848143645564031&g_mp=Cidnb29nbGUubWFwcy5wbGFjZXMudjEuUGxhY2VzLlNlYXJjaFRleHQQAhgEIAA,yes,yes,https://comfortprohvac.ca/,yes,2024,398,3060,stale_copyright_2024,50
Safeline Heating & Cooling Ltd.,hvac contractor,Burnaby BC,(604) 889-1444,"4406 Oxford St, Burnaby, BC V5C 1E5, Canada",5,102,https://www.safelineheating.ca/,real,https://maps.google.com/?cid=173550397586516156&g_mp=Cidnb29nbGUubWFwcy5wbGFjZXMudjEuUGxhY2VzLlNlYXJjaFRleHQQAhgEIAA,yes,yes,https://safelineheating.ca/,yes,2025,244,3925,,50
Maple Furnace,hvac contractor,Burnaby BC,(604) 299-8700,"6892 Merritt Ave A, Burnaby, BC V5J 4R6, Canada",4.7,101,http://www.maplefurnace.com/,real,https://maps.google.com/?cid=3874250063486858589&g_mp=Cidnb29nbGUubWFwcy5wbGFjZXMudjEuUGxhY2VzLlNlYXJjaFRleHQQAhgEIAA,yes,yes,https://www.maplefurnace.com/,yes,,77,678,,50
"Whitestone Heating and Cooling LTD, BC",hvac contractor,Coquitlam BC,(604) 725-8355,"3030 Lincoln Ave Unit 211, Coquitlam, BC V3B 6B4, Canada",5,55,http://www.whitestoneheating.ca/,real,https://maps.google.com/?cid=16051504394698001766&g_mp=Cidnb29nbGUubWFwcy5wbGFjZXMudjEuUGxhY2VzLlNlYXJjaFRleHQQAhgEIAA,yes,yes,https://whitestoneheating.ca/,yes,2023,223,714,stale_copyright_2023,50
Action Care Furnace Heating,hvac contractor,Coquitlam BC,(604) 945-5801,"1302 Daimler St, Coquitlam, BC V3B 6P4, Canada",4.9,109,https://actioncarefurnace.ca/,real,https://maps.google.com/?cid=10687048011693824484&g_mp=Cidnb29nbGUubWFwcy5wbGFjZXMudjEuUGxhY2VzLlNlYXJjaFRleHQQAhgEIAA,yes,yes,https://actioncarefurnace.ca/,yes,,47,748,,50
High Demand Heating,hvac contractor,Maple Ridge BC,(604) 479-5919,"22420 Dewdney Trunk Rd Ste 300, Maple Ridge, BC V2X 3J5, Canada",4.5,108,http://www.highdemandheating.ca/,real,https://maps.google.com/?cid=4859227682865001903&g_mp=Cidnb29nbGUubWFwcy5wbGFjZXMudjEuUGxhY2VzLlNlYXJjaFRleHQQAhgEIAA,yes,yes,https://www.highdemandheating.ca/,yes,,1399,773,,50
Mannix Heating & Air Conditioning Ltd,hvac contractor,North Vancouver BC,(604) 980-6424,"4121 St Pauls Ave, North Vancouver, BC V7N 1T4, Canada",4.6,109,http://www.mannixheating.com/,real,https://maps.google.com/?cid=13120650139443933083&g_mp=Cidnb29nbGUubWFwcy5wbGFjZXMudjEuUGxhY2VzLlNlYXJjaFRleHQQAhgEIAA,yes,yes,https://mannixheating.com/,yes,,148,3283,,50
Pro Ace Heating & Air Conditioning,hvac contractor,North Vancouver BC,(604) 283-2353,"2358 Palmerston Ave, West Vancouver, BC V7V 2W1, Canada",4.8,107,http://www.acecare.ca/,real,https://maps.google.com/?cid=12336701859170984551&g_mp=Cidnb29nbGUubWFwcy5wbGFjZXMudjEuUGxhY2VzLlNlYXJjaFRleHQQAhgEIAA,yes,yes,https://acecare.ca/,yes,2026,156,430,,50
RDR Electrician Ltd,electrician,Surrey BC,(778) 957-2343,"14873 70B Ave, Surrey, BC V3S 2X3, Canada",5,54,https://www.rdrelectrical.ca/,real,https://maps.google.com/?cid=8393223105080224000&g_mp=Cidnb29nbGUubWFwcy5wbGFjZXMudjEuUGxhY2VzLlNlYXJjaFRleHQQAhgEIAA,dead,no,,no,,,,unreachable_ENOTFOUND,50
Dan Wilcox Electric,electrician,Langley BC,(604) 818-3532,"9921 203 St, Langley Twp, BC V1M 3E3, Canada",4.7,100,https://www.danwilcoxelectric.com/,real,https://maps.google.com/?cid=2067810656105970424&g_mp=Cidnb29nbGUubWFwcy5wbGFjZXMudjEuUGxhY2VzLlNlYXJjaFRleHQQAhgEIAA,yes,yes,https://www.danwilcoxelectric.com/,yes,,259,315,,50
Burnaby Electric Ltd.,electrician,Burnaby BC,(604) 809-0979,"8151 19th Ave, Burnaby, BC V3N 1G4, Canada",5,51,https://burnabyelectric.ca/,real,https://maps.google.com/?cid=5153945462683092847&g_mp=Cidnb29nbGUubWFwcy5wbGFjZXMudjEuUGxhY2VzLlNlYXJjaFRleHQQAhgEIAA,dead,no,,no,,,,unreachable_TimeoutError,50
Global Energy Electric Ltd.,electrician,Burnaby BC,(604) 721-8559,"6617 Kendale Ct, Burnaby, BC V5B 2S8, Canada",4.9,50,http://globalenergyelectric.com/,real,https://maps.google.com/?cid=59843133350089179&g_mp=Cidnb29nbGUubWFwcy5wbGFjZXMudjEuUGxhY2VzLlNlYXJjaFRleHQQAhgEIAA,yes,yes,https://www.globalenergyelectric.com/,yes,,1012,527,builder_wix,50
Triton Electric,electrician,Maple Ridge BC,(604) 300-4215,"South Fraser Way, Abbotsford, BC V2T 1X1, Canada",5,103,https://triton-electric.ca/,real,https://maps.google.com/?cid=14087586637590473502&g_mp=Cidnb29nbGUubWFwcy5wbGFjZXMudjEuUGxhY2VzLlNlYXJjaFRleHQQAhgEIAA,yes,yes,https://triton-electric.ca/,yes,2026,113,427,,50
Two Lions Electric Ltd,electrician,North Vancouver BC,(604) 245-8668,"801 W 1st St #6, North Vancouver, BC V7P 1A1, Canada",5,56,https://www.twolionselectric.com/,real,https://maps.google.com/?cid=11036040143520588367&g_mp=Cidnb29nbGUubWFwcy5wbGFjZXMudjEuUGxhY2VzLlNlYXJjaFRleHQQAhgEIAA,yes,yes,https://www.twolionselectric.com/,yes,2026,407,281,builder_duda,50
Northwest Landscape & Stone Supply (Burnaby),landscaping company,Burnaby BC,(604) 435-4842,"5883 Byrne Rd, Burnaby, BC V5J 3J1, Canada",4.5,203,http://www.landscapesupply.com/,real,https://maps.google.com/?cid=7905369586457395402&g_mp=Cidnb29nbGUubWFwcy5wbGFjZXMudjEuUGxhY2VzLlNlYXJjaFRleHQQAhgEIAA,yes,yes,https://www.landscapesupply.com/catalog/,yes,2026,144,1734,,50
GARDENWORKS Coquitlam,landscaping company,Coquitlam BC,(604) 648-0230,"2575 Barnet Hwy, Coquitlam, BC V3E 1K9, Canada",4.4,207,http://gardenworks.ca/,real,https://maps.google.com/?cid=9558965783065115602&g_mp=Cidnb29nbGUubWFwcy5wbGFjZXMudjEuUGxhY2VzLlNlYXJjaFRleHQQAhgEIAA,yes,yes,https://www.gardenworks.ca/,yes,,117,1071,,50
Augusta Lawn Care of Delta,landscaping company,Delta BC,(604) 245-2255,"4956 Westminster Ave, Delta, BC V4K 2H9, Canada",4.9,157,http://augustalawncareservices.com/delta,real,https://maps.google.com/?cid=832755140579699465&g_mp=Cidnb29nbGUubWFwcy5wbGFjZXMudjEuUGxhY2VzLlNlYXJjaFRleHQQAhgEIAA,yes,yes,https://www.augustalawncareservices.com/delta,yes,2026,320,569,builder_duda,50
Meadows Landscape Supply Ltd.,landscaping company,Maple Ridge BC,(604) 465-1311,"18020 Kennedy Rd, Pitt Meadows, BC V3Y 2T8, Canada",4.3,299,http://meadowslandscapesupply.com/,real,https://maps.google.com/?cid=11960652321371220215&g_mp=Cidnb29nbGUubWFwcy5wbGFjZXMudjEuUGxhY2VzLlNlYXJjaFRleHQQAhgEIAA,yes,yes,https://www.meadowslandscapesupply.com/,yes,2026,144,712,,50
Beyond Landscaping,landscaping company,North Vancouver BC,(778) 907-1541,"712 Copping St, North Vancouver, BC V7M 3G3, Canada",4.9,417,https://beyondltd.ca/?utm_campaign=gmb,real,https://maps.google.com/?cid=1945507568103603356&g_mp=Cidnb29nbGUubWFwcy5wbGFjZXMudjEuUGxhY2VzLlNlYXJjaFRleHQQAhgEIAA,yes,yes,https://beyondltd.ca/?utm_campaign=gmb,yes,2026,247,2299,,50
Ok Pest Control,pest control,Surrey BC,(604) 518-9512,"140 Street 60A Ave, Surrey, BC V3X 0J9, Canada",5,255,http://www.okpest.ca/,real,https://maps.google.com/?cid=13256167676363366954&g_mp=Cidnb29nbGUubWFwcy5wbGFjZXMudjEuUGxhY2VzLlNlYXJjaFRleHQQAhgEIAA,yes,yes,https://okpest.ca/,yes,2025,90,3370,,50
Alpine Pest Control LTD,pest control,Surrey BC,(604) 328-5337,"5577 Commercial St, Vancouver, BC V5P 3N6, Canada",4.9,326,http://www.alpinepest.ca/,real,https://maps.google.com/?cid=16443171093293550475&g_mp=Cidnb29nbGUubWFwcy5wbGFjZXMudjEuUGxhY2VzLlNlYXJjaFRleHQQAhgEIAA,yes,yes,https://alpinepest.ca/,yes,2025,218,4032,,50
Atlas Pest And Wildlife Control Ltd,pest control,Surrey BC,(604) 503-5444,"3033 King George Blvd #20, Surrey, BC V4P 1B8, Canada",4.7,261,http://atlaspestandwildlife.com/,real,https://maps.google.com/?cid=8070416477032396602&g_mp=Cidnb29nbGUubWFwcy5wbGFjZXMudjEuUGxhY2VzLlNlYXJjaFRleHQQAhgEIAA,yes,yes,https://atlaspestandwildlife.com/,yes,,160,503,,50
Eastside Pest Control Vancouver,pest control,Surrey BC,(604) 916-1437,"1407 E 62nd Ave, Vancouver, BC V5P 2K6, Canada",5,207,https://eastsidepest.ca/?UTM_source=GMB_listing&UTM_medium=organic,real,https://maps.google.com/?cid=9928825155470067388&g_mp=Cidnb29nbGUubWFwcy5wbGFjZXMudjEuUGxhY2VzLlNlYXJjaFRleHQQAhgEIAA,yes,yes,https://eastsidepest.ca/?UTM_source=GMB_listing&UTM_medium=organic,yes,2026,229,104,,50
Westside Pest Control Coquitlam,pest control,Surrey BC,(604) 924-7269,"2231 Hartley Ave, Coquitlam, BC V3K 6W9, Canada",4.7,263,https://westsidepestcontrol.com/?utm_source=GMB&utm_medium=organic&utm_campaign=Coquitlam-GMB,real,https://maps.google.com/?cid=17065749750554064362&g_mp=Cidnb29nbGUubWFwcy5wbGFjZXMudjEuUGxhY2VzLlNlYXJjaFRleHQQAhgEIAA,yes,yes,https://westsidepestcontrol.com/?utm_source=GMB&utm_medium=organic&utm_campaign=Coquitlam-GMB,yes,,1589,505,,50
Orkin Canada Pest Control,pest control,Surrey BC,(800) 570-4157,"7061 Gilley Ave, Burnaby, BC V5J 4X1, Canada",4.4,526,https://www.orkincanada.ca/locations/british-columbia/burnaby/?utm_source=gbp&utm_medium=organic&utm_campaign=gbp-listing+&utm_content=burnaby,real,https://maps.google.com/?cid=7559948596735975524&g_mp=Cidnb29nbGUubWFwcy5wbGFjZXMudjEuUGxhY2VzLlNlYXJjaFRleHQQAhgEIAA,yes,yes,https://www.orkincanada.ca/locations/british-columbia/burnaby/?utm_source=gbp&utm_medium=organic&utm_campaign=gbp-listing+&utm_content=burnaby,yes,,122,2288,,50
Atlas Pest And Wildlife Control Ltd,pest control,Surrey BC,(604) 503-5450,"2229 Hartley Ave, Coquitlam, BC V3K 6W9, Canada",4.8,279,https://atlaspestandwildlife.com/service-areas/port-coquitlam-pest-control/,real,https://maps.google.com/?cid=15584849336603882717&g_mp=Cidnb29nbGUubWFwcy5wbGFjZXMudjEuUGxhY2VzLlNlYXJjaFRleHQQAhgEIAA,yes,yes,https://atlaspestandwildlife.com/service-areas/port-coquitlam-pest-control/,yes,,132,165,,50
Local Pest Control Ltd,pest control,Surrey BC,(778) 828-6094,"570 Clark Dr, Vancouver, BC V5L 3H7, Canada",4.7,359,https://www.localpest.com/?utm_source=google&utm_medium=organic&utm_campaign=gmb,real,https://maps.google.com/?cid=4821891808489179058&g_mp=Cidnb29nbGUubWFwcy5wbGFjZXMudjEuUGxhY2VzLlNlYXJjaFRleHQQAhgEIAA,yes,yes,https://www.localpest.com/?utm_source=google&utm_medium=organic&utm_campaign=gmb,yes,2026,95,411,,50
1st Pest Control,pest control,Surrey BC,(844) 737-8226,"7187 Honeyman St, Delta, BC V4G 1E2, Canada",4.9,314,https://www.1stpestcontrol.ca/?utm_source=GMB&utm_medium=website,real,https://maps.google.com/?cid=13634132968574980805&g_mp=Cidnb29nbGUubWFwcy5wbGFjZXMudjEuUGxhY2VzLlNlYXJjaFRleHQQAhgEIAA,yes,yes,https://www.1stpestcontrol.ca/?utm_source=GMB&utm_medium=website,yes,2026,164,460,,50
Orkin Canada Pest Control,pest control,Surrey BC,(800) 570-4157,"84 N Bend St Unit 101, Coquitlam, BC V3K 6H1, Canada",4.5,462,https://www.orkincanada.ca/locations/british-columbia/lower-mainland/?utm_source=gbp&utm_medium=organic&utm_campaign=gbp-listing+&utm_content=lower_mainland,real,https://maps.google.com/?cid=1101042379840029887&g_mp=Cidnb29nbGUubWFwcy5wbGFjZXMudjEuUGxhY2VzLlNlYXJjaFRleHQQAhgEIAA,yes,yes,https://www.orkincanada.ca/locations/british-columbia/lower-mainland/?utm_source=gbp&utm_medium=organic&utm_campaign=gbp-listing+&utm_content=lower_mainland,yes,,119,2652,,50
NewGen Pest Control,pest control,Surrey BC,(604) 337-7776,"8898 Heather St Unit 107, Vancouver, BC V6P 3S8, Canada",4.8,270,https://www.newgenpestcontrol.ca/,real,https://maps.google.com/?cid=1914344188011573974&g_mp=Cidnb29nbGUubWFwcy5wbGFjZXMudjEuUGxhY2VzLlNlYXJjaFRleHQQAhgEIAA,yes,yes,https://www.newgenpestcontrol.ca/,yes,,530,498,,50
Ridall Pest Control,pest control,Langley BC,(604) 580-2847,"4288 Lozells Ave #212, Burnaby, BC V5A 0C7, Canada",4.9,299,https://ridallpestcontrol.ca/?utm_source=organic&utm_medium=gbp&utm_campaign=search-engine,real,https://maps.google.com/?cid=9257547261843904990&g_mp=Cidnb29nbGUubWFwcy5wbGFjZXMudjEuUGxhY2VzLlNlYXJjaFRleHQQAhgEIAA,yes,yes,https://ridallpestcontrol.ca/?utm_source=organic&utm_medium=gbp&utm_campaign=search-engine,yes,2026,231,114,,50
Phantom Pest Control Vancouver,pest control,Burnaby BC,(604) 771-0404,"777 Hornby St #600, Vancouver, BC V6Z 1S4, Canada",5,787,https://www.phantompestcontrol.com/?UTM_source=GMB_listing&UTM_medium=organic,real,https://maps.google.com/?cid=4892517899273990359&g_mp=Cidnb29nbGUubWFwcy5wbGFjZXMudjEuUGxhY2VzLlNlYXJjaFRleHQQAhgEIAA,yes,yes,https://phantompestcontrol.com/?UTM_source=GMB_listing&UTM_medium=organic,yes,,609,2760,,50
AAA Wildlife Control,pest control,Burnaby BC,(604) 685-6888,"7228 Winston St, Burnaby, BC V5A 2G9, Canada",4.8,232,https://www.vancouverwildlife.com/wildlife-removal/vancouver-animal-control/,real,https://maps.google.com/?cid=11713245572587796345&g_mp=Cidnb29nbGUubWFwcy5wbGFjZXMudjEuUGxhY2VzLlNlYXJjaFRleHQQAhgEIAA,yes,yes,https://www.vancouverwildlife.com/wildlife-removal/vancouver-animal-control/,yes,,181,2582,,50
Terminix,pest control,Burnaby BC,(888) 801-6348,"8620 Commerce Ct, Burnaby, BC V5A 4N7, Canada",4.4,1097,https://terminix.ca/bc/vancouver/?utm_source=GMB&utm_medium=organic&utm_campaign=gmb-website,real,https://maps.google.com/?cid=10026164123323313611&g_mp=Cidnb29nbGUubWFwcy5wbGFjZXMudjEuUGxhY2VzLlNlYXJjaFRleHQQAhgEIAA,yes,yes,https://terminix.ca/bc/vancouver/?utm_source=GMB&utm_medium=organic&utm_campaign=gmb-website,yes,,187,1966,,50
Rentokil Terminix,pest control,Coquitlam BC,(604) 229-5414,"1850 Hartley Ave #8, Coquitlam, BC V3K 7A1, Canada",4.8,554,https://www.rentokil.com/ca/about-rentokil/local-branches/vancouver-bc?utm_source=google&utm_medium=gbp&utm_campaign=eg_listing_lg,real,https://maps.google.com/?cid=2192611705902934730&g_mp=Cidnb29nbGUubWFwcy5wbGFjZXMudjEuUGxhY2VzLlNlYXJjaFRleHQQAhgEIAA,http_403,yes,https://www.rentokil.com/ca/about-rentokil/local-branches/vancouver-bc?utm_source=google&utm_medium=gbp&utm_campaign=eg_listing_lg,yes,,6,89,,50
Insight Pest Solutions,pest control,Richmond BC,(855) 489-3640,"11980 Hammersmith Wy #1165, Richmond, BC V7A 0A4, Canada",4.6,2589,https://insightpestcanada.com/locations/vancouver/,real,https://maps.google.com/?cid=8002269249956001356&g_mp=Cidnb29nbGUubWFwcy5wbGFjZXMudjEuUGxhY2VzLlNlYXJjaFRleHQQAhgEIAA,yes,yes,https://insightpestcanada.com/locations/vancouver/,yes,,75,186,,50
NJ Auto Repair Mechanic,auto repair shop,Surrey BC,(604) 726-4547,"12889 84 Ave #103, Surrey, BC V3W 0K5, Canada",4.7,263,https://www.njauto.ca/nj-auto-repair-mechanic-surrey,real,https://maps.google.com/?cid=9871118276336024299&g_mp=Cidnb29nbGUubWFwcy5wbGFjZXMudjEuUGxhY2VzLlNlYXJjaFRleHQQAhgEIAA,yes,yes,https://www.njauto.ca/nj-auto-repair-mechanic-surrey,yes,,133,386,,50
Ocean Park Automotive Ltd.,auto repair shop,Surrey BC,(604) 531-4835,"3635 King George Blvd, Surrey, BC V4P 1B6, Canada",4.8,556,http://www.oceanparkauto.com/,real,https://maps.google.com/?cid=8321888442859884800&g_mp=Cidnb29nbGUubWFwcy5wbGFjZXMudjEuUGxhY2VzLlNlYXJjaFRleHQQAhgEIAA,yes,yes,https://www.oceanparkauto.com/,yes,2026,308,466,,50
AS Auto Repair,auto repair shop,Surrey BC,(778) 590-1907,"12451 82 Ave #219, Surrey, BC V3W 3E9, Canada",4.3,224,https://asautorepair.netlify.app/,real,https://maps.google.com/?cid=8415135885985458415&g_mp=Cidnb29nbGUubWFwcy5wbGFjZXMudjEuUGxhY2VzLlNlYXJjaFRleHQQAhgEIAA,yes,yes,https://asautorepair.netlify.app/,yes,2025,7,739,,50
Onyx Automotive Ltd.,auto repair shop,Surrey BC,(604) 503-2292,"7257 King George Blvd, Surrey, BC V3W 5A7, Canada",4.3,243,http://www.onyxautomotive.ca/,real,https://maps.google.com/?cid=2838547334864249650&g_mp=Cidnb29nbGUubWFwcy5wbGFjZXMudjEuUGxhY2VzLlNlYXJjaFRleHQQAhgEIAA,yes,yes,https://www.onyxautomotive.ca/,yes,,257,1425,,50
Dales Auto Service,auto repair shop,Surrey BC,(604) 530-9160,"19415 56 Ave #107, Surrey, BC V3S 6K2, Canada",4.5,1050,https://dalesauto.ca/,real,https://maps.google.com/?cid=15610030845553622291&g_mp=Cidnb29nbGUubWFwcy5wbGFjZXMudjEuUGxhY2VzLlNlYXJjaFRleHQQAhgEIAA,yes,yes,https://dalesauto.ca/,yes,,1075,1548,,50
Newton Auto Care,auto repair shop,Surrey BC,(604) 501-1591,"13409 72 Ave, Surrey, BC V3W 2N7, Canada",4.8,308,https://www.newtonautocare.ca/,real,https://maps.google.com/?cid=11147468110690271344&g_mp=Cidnb29nbGUubWFwcy5wbGFjZXMudjEuUGxhY2VzLlNlYXJjaFRleHQQAhgEIAA,yes,yes,https://www.newtonautocare.ca/,yes,2026,21,246,,50
FIX AUTO SURREY (ICBC Repair Network),auto repair shop,Surrey BC,(604) 496-6722,"13030 115 Ave #105, Surrey, BC V3R 2T9, Canada",4.8,259,https://www.fixauto.com/ca/en/shop/fix-auto-surrey/,real,https://maps.google.com/?cid=9582873439657596925&g_mp=Cidnb29nbGUubWFwcy5wbGFjZXMudjEuUGxhY2VzLlNlYXJjaFRleHQQAhgEIAA,yes,yes,https://fixauto.com/ca/en/shop/fix-auto-surrey/,yes,,927,3229,,50
Budget Brake & Muffler Auto Centres - Surrey Central,auto repair shop,Surrey BC,(604) 588-8588,"10395 Whalley Blvd, Surrey, BC V3T 0Y1, Canada",4,432,https://budgetbrake.com/locations/surrey/surrey-central/,real,https://maps.google.com/?cid=17193655996555662662&g_mp=Cidnb29nbGUubWFwcy5wbGFjZXMudjEuUGxhY2VzLlNlYXJjaFRleHQQAhgEIAA,yes,yes,https://budgetbrake.com/locations/surrey/surrey-central/,yes,,489,324,,50
Eagle Eye Auto & Tire Services ltd.,auto repair shop,Surrey BC,(604) 897-6495,"13483 78 Ave #103, Surrey, BC V3W 0A8, Canada",4.7,229,http://www.lovepreet-g.com/,real,https://maps.google.com/?cid=18438316702964293302&g_mp=Cidnb29nbGUubWFwcy5wbGFjZXMudjEuUGxhY2VzLlNlYXJjaFRleHQQAhgEIAA,yes,yes,https://www.lovepreet-g.com/,yes,,10,181,,50
SuperTech Auto Repair™,auto repair shop,Langley BC,(604) 256-8425,"5672 Production Way, Langley, BC V3A 4N4, Canada",4.7,805,https://www.garysautomotive.ca/,real,https://maps.google.com/?cid=948089915927021650&g_mp=Cidnb29nbGUubWFwcy5wbGFjZXMudjEuUGxhY2VzLlNlYXJjaFRleHQQAhgEIAA,yes,yes,https://supertechauto.ca/langley/,yes,2026,227,776,,50
Hudson Automotive Ltd.,auto repair shop,Langley BC,(604) 533-6698,"19703 60 Ave, Langley, BC V3A 3Z6, Canada",4.8,489,https://hudsonautocare.com/,real,https://maps.google.com/?cid=17763366248307383932&g_mp=Cidnb29nbGUubWFwcy5wbGFjZXMudjEuUGxhY2VzLlNlYXJjaFRleHQQAhgEIAA,yes,yes,https://hudsonautocare.com/,yes,2026,111,154,,50
Walnut Grove Auto Tech,auto repair shop,Langley BC,(604) 888-1617,"20092 93a Ave #1, Langley Twp, BC V1M 3Y4, Canada",4.8,268,http://www.walnutgroveauto.ca/,real,https://maps.google.com/?cid=12219739615403785512&g_mp=Cidnb29nbGUubWFwcy5wbGFjZXMudjEuUGxhY2VzLlNlYXJjaFRleHQQAhgEIAA,yes,yes,https://www.walnutgroveauto.ca/,yes,,348,1085,,50
Precision Auto Service,auto repair shop,Langley BC,(604) 530-9394,"23193 Fraser Hwy, Langley Twp, BC V2Z 2R3, Canada",4.8,668,http://www.precisionautoservice.com/,real,https://maps.google.com/?cid=14258688150986219892&g_mp=Cidnb29nbGUubWFwcy5wbGFjZXMudjEuUGxhY2VzLlNlYXJjaFRleHQQAhgEIAA,yes,yes,https://precisionautoservice.com/,yes,,100,623,,50
Auto-Fierce Automotive,auto repair shop,Langley BC,(604) 533-5113,"20785 Langley Bypass, Langley, BC V3A 5E8, Canada",4.8,367,http://www.autofierce.com/,real,https://maps.google.com/?cid=16791488554741371955&g_mp=Cidnb29nbGUubWFwcy5wbGFjZXMudjEuUGxhY2VzLlNlYXJjaFRleHQQAhgEIAA,yes,yes,https://www.autofierce.com/,yes,,65,603,,50
Euro Fix European Auto Repair Willowbrook,auto repair shop,Langley BC,(604) 674-7665,"19693 60 Ave, Langley, BC V3A 3Z6, Canada",4.8,536,https://eurofix.ca/,real,https://maps.google.com/?cid=16025119994608431506&g_mp=Cidnb29nbGUubWFwcy5wbGFjZXMudjEuUGxhY2VzLlNlYXJjaFRleHQQAhgEIAA,yes,yes,https://eurofix.ca/,yes,2026,98,125,,50
Norlang Auto Repair Langley,auto repair shop,Langley BC,(604) 888-8681,"20540 88 Ave #102, Langley Twp, BC V1M 2Y6, Canada",4.7,803,https://norlangauto.ca/,real,https://maps.google.com/?cid=14202778513563845575&g_mp=Cidnb29nbGUubWFwcy5wbGFjZXMudjEuUGxhY2VzLlNlYXJjaFRleHQQAhgEIAA,yes,yes,https://norlangauto.ca/,yes,,382,118,,50
Foreman's Integra Tire Auto Centre,auto repair shop,Langley BC,(604) 530-4510,"5718 198 St, Langley, BC V3A 7C7, Canada",4.9,549,https://foremanauto.ca/,real,https://maps.google.com/?cid=4194419650860910459&g_mp=Cidnb29nbGUubWFwcy5wbGFjZXMudjEuUGxhY2VzLlNlYXJjaFRleHQQAhgEIAA,yes,yes,https://foremanauto.ca/,yes,2026,188,392,,50
Andersen A1 Autohaus Ltd - NAPA AUTOPRO,auto repair shop,Langley BC,(604) 534-6644,"5965 200 St #2, Langley, BC V3A 1N2, Canada",4.7,201,http://www.andersena1autohaus.com/?utm_source=G&utm_medium=local&utm_campaign=google-local,real,https://maps.google.com/?cid=3829247315709040127&g_mp=Cidnb29nbGUubWFwcy5wbGFjZXMudjEuUGxhY2VzLlNlYXJjaFRleHQQAhgEIAA,yes,yes,https://www.andersena1autohaus.com/?utm_source=G&utm_medium=local&utm_campaign=google-local,yes,,56,716,,50
Budget Brake & Muffler Auto Centres - Langley,auto repair shop,Langley BC,(604) 530-5371,"5923 200 St, Langley, BC V3A 1N2, Canada",4.6,235,https://budgetbrake.com/locations/fraser-valley/langley/,real,https://maps.google.com/?cid=8532754771370852501&g_mp=Cidnb29nbGUubWFwcy5wbGFjZXMudjEuUGxhY2VzLlNlYXJjaFRleHQQAhgEIAA,yes,yes,https://budgetbrake.com/locations/fraser-valley/langley/,yes,,420,142,,50
Jan's Precision,auto repair shop,Langley BC,(604) 530-4445,"20112 Industrial Ave, Langley, BC V3A 4K7, Canada",4.8,663,https://jansautobody.com/,real,https://maps.google.com/?cid=4944176494252227204&g_mp=Cidnb29nbGUubWFwcy5wbGFjZXMudjEuUGxhY2VzLlNlYXJjaFRleHQQAhgEIAA,yes,yes,https://jansautobody.com/,yes,,542,127,,50
Fixman Autoglass Repair Langley,auto repair shop,Langley BC,(778) 258-3000,"5968 205a St Unit 102, Langley, BC V3A 8C4, Canada",4.9,369,https://fixmanglass.ca/langley-bc/,real,https://maps.google.com/?cid=8018897196816892894&g_mp=Cidnb29nbGUubWFwcy5wbGFjZXMudjEuUGxhY2VzLlNlYXJjaFRleHQQAhgEIAA,yes,yes,https://fixmanglass.ca/langley-bc/,yes,2025,215,2465,,50
Princess Auto,auto repair shop,Langley BC,(604) 534-9554,"19878 Langley Bypass, Langley, BC V3A 4Y1, Canada",4.2,816,https://www.princessauto.com/en/store-locator/store/langley-78,real,https://maps.google.com/?cid=16802243601946020874&g_mp=Cidnb29nbGUubWFwcy5wbGFjZXMudjEuUGxhY2VzLlNlYXJjaFRleHQQAhgEIAA,yes,yes,https://www.princessauto.com/en/store-locator/store/langley-78,yes,2026,226,647,,50
GRiP Tire & Auto Murrayville,auto repair shop,Langley BC,(604) 534-6823,"22575 Fraser Hwy #102, Langley Twp, BC V2Z 2T5, Canada",4.9,306,https://www.gripmurrayville.ca/,real,https://maps.google.com/?cid=12766217269113382477&g_mp=Cidnb29nbGUubWFwcy5wbGFjZXMudjEuUGxhY2VzLlNlYXJjaFRleHQQAhgEIAA,yes,yes,https://gripmurrayville.ca/,yes,2026,113,1609,,50
A & C Automotive,auto repair shop,Burnaby BC,(604) 438-4711,"5412 Imperial St, Burnaby, BC V5J 1E6, Canada",4.6,219,https://acauto.ca/,real,https://maps.google.com/?cid=411256538136896216&g_mp=Cidnb29nbGUubWFwcy5wbGFjZXMudjEuUGxhY2VzLlNlYXJjaFRleHQQAhgEIAA,yes,yes,https://acauto.ca/,yes,,37,861,,50
GS Auto Care,auto repair shop,Burnaby BC,(604) 436-5221,"5587 Imperial St, Burnaby, BC V5H 3Y2, Canada",4.7,298,https://gsautocare.ca/,real,https://maps.google.com/?cid=10179406711347274943&g_mp=Cidnb29nbGUubWFwcy5wbGFjZXMudjEuUGxhY2VzLlNlYXJjaFRleHQQAhgEIAA,yes,yes,https://gsautocare.ca/,yes,2026,138,658,,50
GMR Advanced Auto Works,auto repair shop,Burnaby BC,(604) 294-0047,"1711 Ingleton Ave, Burnaby, BC V5C 3W1, Canada",4.7,287,https://advancedburnaby.ca/,real,https://maps.google.com/?cid=910359748545878212&g_mp=Cidnb29nbGUubWFwcy5wbGFjZXMudjEuUGxhY2VzLlNlYXJjaFRleHQQAhgEIAA,yes,yes,https://advancedburnaby.ca/,yes,,110,1126,,50
Valvoline Express Care & Auto Repair + Tires,auto repair shop,Burnaby BC,(604) 738-3753,"5390 Grimmer St, Burnaby, BC V5H 2H2, Canada",4.8,490,http://valvolineburnaby.ca/,real,https://maps.google.com/?cid=12986796343098683281&g_mp=Cidnb29nbGUubWFwcy5wbGFjZXMudjEuUGxhY2VzLlNlYXJjaFRleHQQAhgEIAA,yes,yes,https://valvolineburnaby.ca/,yes,2026,182,511,,50
Coastal Auto & Tire Centre,auto repair shop,Burnaby BC,(604) 294-5700,"3786 E 1st Ave, Burnaby, BC V5C 3V9, Canada",4.8,209,http://coastalautocentre.com/,real,https://maps.google.com/?cid=6224431399804428003&g_mp=Cidnb29nbGUubWFwcy5wbGFjZXMudjEuUGxhY2VzLlNlYXJjaFRleHQQAhgEIAA,yes,yes,https://www.coastalautocentre.com/,yes,2026,200,666,,50
Roshie Automotive,auto repair shop,Burnaby BC,(604) 788-8258,"5590 Lane St, Burnaby, BC V5H 3Y2, Canada",4.9,655,https://roshieauto.com/,real,https://maps.google.com/?cid=13882102295957017174&g_mp=Cidnb29nbGUubWFwcy5wbGFjZXMudjEuUGxhY2VzLlNlYXJjaFRleHQQAhgEIAA,yes,yes,https://roshieauto.com/,yes,,45,163,,50
Decker's Brake & Auto Centre Ltd.,auto repair shop,Burnaby BC,(604) 433-8178,"7258 Gilley Ave, Burnaby, BC V5J 4X3, Canada",4.6,231,https://deckersauto.ca/,real,https://maps.google.com/?cid=16835599517957204361&g_mp=Cidnb29nbGUubWFwcy5wbGFjZXMudjEuUGxhY2VzLlNlYXJjaFRleHQQAhgEIAA,yes,yes,https://www.deckersauto.ca/,yes,2026,216,548,,50
KMF Automotive Ltd,auto repair shop,Burnaby BC,(604) 438-0222,"7080 Macpherson Ave, Burnaby, BC V5J 4N3, Canada",4.6,251,https://kmfautomotive.com/?utm_source=google&utm_medium=organic&utm_campaign=gbp-listing,real,https://maps.google.com/?cid=5140470157394367466&g_mp=Cidnb29nbGUubWFwcy5wbGFjZXMudjEuUGxhY2VzLlNlYXJjaFRleHQQAhgEIAA,yes,yes,https://kmfautomotive.com/?utm_source=google&utm_medium=organic&utm_campaign=gbp-listing,yes,,186,358,,50
Budget Brake & Muffler Auto Centres - Burnaby on Dawson,auto repair shop,Burnaby BC,(604) 294-6296,"4533 Dawson St, Burnaby, BC V5C 5T8, Canada",4.8,343,https://budgetbrake.com/locations/metro-vancouver/burnaby-dawson/,real,https://maps.google.com/?cid=2750214169673244716&g_mp=Cidnb29nbGUubWFwcy5wbGFjZXMudjEuUGxhY2VzLlNlYXJjaFRleHQQAhgEIAA,yes,yes,https://budgetbrake.com/locations/metro-vancouver/burnaby-dawson/,yes,,408,302,,50
FIX AUTO BURNABY SOUTH,auto repair shop,Burnaby BC,(604) 433-2030,"6910 Russell Ave, Burnaby, BC V5J 4R9, Canada",4.9,268,https://www.fixauto.com/ca/en/shop/fix-auto-burnaby-south/,real,https://maps.google.com/?cid=10149977240595186874&g_mp=Cidnb29nbGUubWFwcy5wbGFjZXMudjEuUGxhY2VzLlNlYXJjaFRleHQQAhgEIAA,yes,yes,https://fixauto.com/ca/en/shop/fix-auto-burnaby-south/,yes,,922,3151,,50
NAPA AUTOPRO - New Way Automotive,auto repair shop,Burnaby BC,(604) 298-7759,"2544 Douglas Rd Unit 116, Burnaby, BC V5C 5W7, Canada",4.9,461,https://www.napaautopro.com/en/auto-repair/british-columbia/burnaby-new-way-automotive/?utm_source=G&utm_medium=local&utm_campaign=google-local,real,https://maps.google.com/?cid=1934526805311282409&g_mp=Cidnb29nbGUubWFwcy5wbGFjZXMudjEuUGxhY2VzLlNlYXJjaFRleHQQAhgEIAA,yes,yes,https://www.napaautopro.com/en/auto-repair/british-columbia/burnaby-new-way-automotive/?utm_source=G&utm_medium=local&utm_campaign=google-local,yes,,111,450,,50
DJ Auto Service,auto repair shop,Coquitlam BC,(604) 941-4523,"1006 Westwood St, Coquitlam, BC V3C 3L5, Canada",4.8,211,https://dj-auto-service.edan.io/,real,https://maps.google.com/?cid=5349607558488440358&g_mp=Cidnb29nbGUubWFwcy5wbGFjZXMudjEuUGxhY2VzLlNlYXJjaFRleHQQAhgEIAA,http_403,yes,https://dj-auto-service.edan.io/,yes,,5,74,,50
Hankook Auto Service Ltd,auto repair shop,Coquitlam BC,(604) 461-1103,"2561 Barnet Hwy, Coquitlam, BC V3H 1W4, Canada",4.9,302,https://www.hankookautoservice.ca/,real,https://maps.google.com/?cid=12833509874851037085&g_mp=Cidnb29nbGUubWFwcy5wbGFjZXMudjEuUGxhY2VzLlNlYXJjaFRleHQQAhgEIAA,yes,yes,https://www.hankookautoservice.ca/,yes,2026,55,984,,50
GRiP Auto & Tire Coquitlam,auto repair shop,Coquitlam BC,(604) 521-8334,"1045 Lougheed Hwy, Coquitlam, BC V3K 6N5, Canada",4.7,286,https://www.gripauto.ca/coquitlam,real,https://maps.google.com/?cid=1524027956081992162&g_mp=Cidnb29nbGUubWFwcy5wbGFjZXMudjEuUGxhY2VzLlNlYXJjaFRleHQQAhgEIAA,yes,yes,https://www.gripauto.ca/coquitlam,yes,,447,426,,50
Budget Brake & Muffler Auto Centres - Port Coquitlam (Coquitlam),auto repair shop,Coquitlam BC,(604) 942-6444,"1006 Westwood St, Coquitlam, BC V3C 3L5, Canada",4.9,921,https://budgetbrake.com/locations/tri-cities/port-coquitlam/,real,https://maps.google.com/?cid=3441320043163136378&g_mp=Cidnb29nbGUubWFwcy5wbGFjZXMudjEuUGxhY2VzLlNlYXJjaFRleHQQAhgEIAA,yes,yes,https://budgetbrake.com/locations/tri-cities/port-coquitlam/,yes,,425,156,,50
Budget Brake & Muffler Auto Centres - Coquitlam / Port Moody,auto repair shop,Coquitlam BC,(604) 464-2331,"2561 Barnet Hwy, Coquitlam, BC V3H 1W4, Canada",4.5,242,https://budgetbrake.com/locations/tri-cities/port-moody/,real,https://maps.google.com/?cid=10111859162190849728&g_mp=Cidnb29nbGUubWFwcy5wbGFjZXMudjEuUGxhY2VzLlNlYXJjaFRleHQQAhgEIAA,yes,yes,https://budgetbrake.com/locations/tri-cities/coquitlam-port-moody/,yes,,439,608,,50
NAPA AUTOPRO - Blue Mountain,auto repair shop,Coquitlam BC,(604) 939-8341,"948 Austin Ave, Coquitlam, BC V3K 3N8, Canada",4.8,385,https://www.napaautopro.com/en/auto-repair/british-columbia/coquitlam-blue-mountain-autopro/?utm_source=G&utm_medium=local&utm_campaign=google-local,real,https://maps.google.com/?cid=17496969035626199725&g_mp=Cidnb29nbGUubWFwcy5wbGFjZXMudjEuUGxhY2VzLlNlYXJjaFRleHQQAhgEIAA,yes,yes,https://www.napaautopro.com/en/auto-repair/british-columbia/coquitlam-blue-mountain-autopro/?utm_source=G&utm_medium=local&utm_campaign=google-local,yes,,119,282,,50
Rasha Auto Repair & Tires Service (MOBILE SERVICE),auto repair shop,Coquitlam BC,(604) 563-7737,"707 Newport St, Coquitlam, BC V3J 3H7, Canada",4.8,635,https://app.agentatelier.co/booking/y7OyOzWpsHQTZJKelEQM/sc/68cf23d8566a123bc3558094,real,https://maps.google.com/?cid=13221446744232250986&g_mp=Cidnb29nbGUubWFwcy5wbGFjZXMudjEuUGxhY2VzLlNlYXJjaFRleHQQAhgEIAA,yes,yes,https://app.agentatelier.co/booking/y7OyOzWpsHQTZJKelEQM/sc/68cf23d8566a123bc3558094,yes,,68,651,,50
Valvoline Express Care + Tires,auto repair shop,Coquitlam BC,(604) 942-8088,"2724 Barnet Hwy #101, Coquitlam, BC V3B 1B8, Canada",4.8,1851,http://www.valvolinecoquitlam.ca/,real,https://maps.google.com/?cid=3476100790213734291&g_mp=Cidnb29nbGUubWFwcy5wbGFjZXMudjEuUGxhY2VzLlNlYXJjaFRleHQQAhgEIAA,yes,yes,https://valvolinecoquitlam.ca/,yes,2026,98,1137,,50
Metro Motors (Ford) Service Department,auto repair shop,Coquitlam BC,(604) 464-7377,"2505 Lougheed Hwy, Port Coquitlam, BC V3B 1B2, Canada",4.4,203,https://www.metromotors.com/,real,https://maps.google.com/?cid=15669573782570366742&g_mp=Cidnb29nbGUubWFwcy5wbGFjZXMudjEuUGxhY2VzLlNlYXJjaFRleHQQAhgEIAA,yes,yes,https://metromotors.com/,yes,,477,380,,50
Express Lube & Tune,auto repair shop,Richmond BC,(604) 278-1018,"2840 Number 3 Rd, Richmond, BC V6X 2B3, Canada",4.5,236,https://www.expresslubeandtune.com/,real,https://maps.google.com/?cid=16188714135861340780&g_mp=Cidnb29nbGUubWFwcy5wbGFjZXMudjEuUGxhY2VzLlNlYXJjaFRleHQQAhgEIAA,yes,yes,https://www.expresslubeandtune.com/,yes,2026,25,806,,50
Carma Automotive Svc Ltd,auto repair shop,Richmond BC,(604) 273-0211,"12871 Clarke Pl Unit 150, Richmond, BC V6V 2H9, Canada",4.9,109,http://www.carmaauto.com/,real,https://maps.google.com/?cid=16194830570407278596&g_mp=Cidnb29nbGUubWFwcy5wbGFjZXMudjEuUGxhY2VzLlNlYXJjaFRleHQQAhgEIAA,yes,yes,https://www.carmaauto.com/,yes,2021,667,362,stale_copyright_2021;builder_wix,50
Minit-Tune & Brake Auto Centres,auto repair shop,Richmond BC,(604) 273-2871,"4280 Number 3 Rd, Richmond, BC V6X 2C2, Canada",4.6,359,http://www.minit-tune.com/locations/richmond,real,https://maps.google.com/?cid=11959716299597304607&g_mp=Cidnb29nbGUubWFwcy5wbGFjZXMudjEuUGxhY2VzLlNlYXJjaFRleHQQAhgEIAA,yes,yes,https://minit-tune.com/location/richmond/,yes,2026,116,746,,50
West-Rich Auto Services,auto repair shop,Richmond BC,(604) 274-8988,"4011 Francis Rd, Richmond, BC V7C 1J8, Canada",4.8,342,https://westrichautos.com/,real,https://maps.google.com/?cid=17450359385072698750&g_mp=Cidnb29nbGUubWFwcy5wbGFjZXMudjEuUGxhY2VzLlNlYXJjaFRleHQQAhgEIAA,yes,yes,https://westrichautos.com/,yes,,62,916,,50
TJ Auto Group,auto repair shop,Richmond BC,(778) 561-3550,"2251 No 5 Rd #170, Richmond, BC V6X 2S8, Canada",4.9,481,https://tjautorichmond.ca/home,real,https://maps.google.com/?cid=16156386938235926022&g_mp=Cidnb29nbGUubWFwcy5wbGFjZXMudjEuUGxhY2VzLlNlYXJjaFRleHQQAhgEIAA,yes,yes,https://tjautorichmond.ca/home,yes,,560,196,,50
Richmond Motorworks,auto repair shop,Richmond BC,(604) 273-1111,"12271 Bridgeport Rd, Richmond, BC V6V 1J4, Canada",5,54,http://richmondmotorworks.com/,real,https://maps.google.com/?cid=7473230316545371148&g_mp=Cidnb29nbGUubWFwcy5wbGFjZXMudjEuUGxhY2VzLlNlYXJjaFRleHQQAhgEIAA,yes,no,http://richmondmotorworks.com/,no,2005,11,194,not_mobile_ready;stale_copyright_2005;no_ssl,50
GS Auto Care,auto repair shop,Richmond BC,(604) 327-7166,"8826 Laurel St, Vancouver, BC V6P 3V8, Canada",4.7,214,http://www.gsautocare.ca/,real,https://maps.google.com/?cid=3947962544587752887&g_mp=Cidnb29nbGUubWFwcy5wbGFjZXMudjEuUGxhY2VzLlNlYXJjaFRleHQQAhgEIAA,yes,yes,https://gsautocare.ca/,yes,2026,138,3992,,50
Ali's Garage,auto repair shop,Richmond BC,(604) 263-4564,"1275 W 75th Ave, Vancouver, BC V6P 5Z6, Canada",4.7,332,http://alis-garage.edan.io/,real,https://maps.google.com/?cid=7493426480553204593&g_mp=Cidnb29nbGUubWFwcy5wbGFjZXMudjEuUGxhY2VzLlNlYXJjaFRleHQQAhgEIAA,http_403,yes,https://alis-garage.edan.io/,yes,,5,143,,50
BC Tires & Auto Repair,auto repair shop,Delta BC,(604) 591-7396,"8971 120 St, Delta, BC V4C 6R6, Canada",4,737,http://bctiresautorepair.ca/,real,https://maps.google.com/?cid=16455779988735911543&g_mp=Cidnb29nbGUubWFwcy5wbGFjZXMudjEuUGxhY2VzLlNlYXJjaFRleHQQAhgEIAA,yes,yes,https://bctiresautorepair.ca/,yes,2026,259,2296,,50
ATI Truck Repair and Body Shop,auto repair shop,Delta BC,(604) 940-1080,"7945 Alexander Rd #6, Delta, BC V4G 1C6, Canada",4.7,241,http://www.atitruckrepair.ca/,real,https://maps.google.com/?cid=8828820676134677248&g_mp=Cidnb29nbGUubWFwcy5wbGFjZXMudjEuUGxhY2VzLlNlYXJjaFRleHQQAhgEIAA,yes,yes,https://www.atitruckrepair.ca/,yes,,117,563,,50
Budget Brake & Muffler Auto Centres - Surrey Delta,auto repair shop,Delta BC,(604) 596-9581,"8038 120 St, Surrey, BC V3W 3N3, Canada",4.7,207,https://budgetbrake.com/locations/surrey/surrey-delta/,real,https://maps.google.com/?cid=1172787358106896371&g_mp=Cidnb29nbGUubWFwcy5wbGFjZXMudjEuUGxhY2VzLlNlYXJjaFRleHQQAhgEIAA,yes,yes,https://budgetbrake.com/locations/surrey/surrey-delta/,yes,,422,300,,50
OK TIRE,auto repair shop,Delta BC,(236) 475-5555,"4846 Elliott St, Delta, BC V4K 2X8, Canada",4.9,222,https://oktireladner.com/,real,https://maps.google.com/?cid=16664509805692024238&g_mp=Cidnb29nbGUubWFwcy5wbGFjZXMudjEuUGxhY2VzLlNlYXJjaFRleHQQAhgEIAA,yes,yes,https://oktireladner.com/,yes,,66,584,,50
National Tire Wholesale,auto repair shop,Delta BC,(604) 946-5681,"7447 River Rd, Delta, BC V4G 1B9, Canada",4.6,439,http://www.nationaltirewholesale.com/,real,https://maps.google.com/?cid=8889282980199716882&g_mp=Cidnb29nbGUubWFwcy5wbGFjZXMudjEuUGxhY2VzLlNlYXJjaFRleHQQAhgEIAA,yes,yes,https://www.nationaltirewholesale.com/,yes,2026,94,878,,50
Downes Automotive Ltd.,auto repair shop,Maple Ridge BC,(604) 465-9940,"20110 Stewart Crescent Unit 11, Maple Ridge, BC V2X 0T4, Canada",4.7,479,https://downesautomotive.com/?utm_source=google&utm_medium=organic&utm_campaign=google-maps,real,https://maps.google.com/?cid=15658265083633138259&g_mp=Cidnb29nbGUubWFwcy5wbGFjZXMudjEuUGxhY2VzLlNlYXJjaFRleHQQAhgEIAA,yes,yes,https://downesautomotive.com/?utm_source=google&utm_medium=organic&utm_campaign=google-maps,yes,2026,308,1659,,50
B & F Automotive,auto repair shop,Maple Ridge BC,(604) 463-3822,"20779 Lougheed Hwy, Maple Ridge, BC V2X 2R2, Canada",4.5,274,http://www.bfautorepair.com/,real,https://maps.google.com/?cid=9439603793093771569&g_mp=Cidnb29nbGUubWFwcy5wbGFjZXMudjEuUGxhY2VzLlNlYXJjaFRleHQQAhgEIAA,yes,yes,https://bfautorepair.com/,yes,,132,2086,,50
Budget Brake & Muffler Auto Centres - Maple Ridge,auto repair shop,Maple Ridge BC,(604) 463-7158,"22750 Lougheed Hwy, Maple Ridge, BC V2X 2V6, Canada",4.9,293,https://budgetbrake.com/locations/fraser-valley/maple-ridge/,real,https://maps.google.com/?cid=14409424646062382809&g_mp=Cidnb29nbGUubWFwcy5wbGFjZXMudjEuUGxhY2VzLlNlYXJjaFRleHQQAhgEIAA,yes,yes,https://budgetbrake.com/locations/fraser-valley/maple-ridge/,yes,2026,394,146,,50
Ultra Tune Automotive Service Ltd,auto repair shop,Maple Ridge BC,(604) 465-8702,"11455 201a St #4, Maple Ridge, BC V2X 0Y3, Canada",4.9,256,http://www.ultratune.ca/,real,https://maps.google.com/?cid=15332760686725616028&g_mp=Cidnb29nbGUubWFwcy5wbGFjZXMudjEuUGxhY2VzLlNlYXJjaFRleHQQAhgEIAA,yes,yes,https://www.napaautopro.com/en/auto-repair/british-columbia/maple-ridge-ultra-tune/,yes,,116,594,,50
DBM Automotive,auto repair shop,Maple Ridge BC,(604) 942-8700,"18601 Lougheed Hwy #1, Pitt Meadows, BC V3Y 2J6, Canada",4.6,237,http://www.dbmauto.com/,real,https://maps.google.com/?cid=18138601986250902101&g_mp=Cidnb29nbGUubWFwcy5wbGFjZXMudjEuUGxhY2VzLlNlYXJjaFRleHQQAhgEIAA,yes,yes,https://www.dbmauto.com/,yes,,253,1323,,50
Kirmac Collision & Autoglass,auto repair shop,Maple Ridge BC,(604) 457-2060,"20610 Lougheed Hwy Unit A, Maple Ridge, BC V2X 2P8, Canada",4.7,217,https://kirmac.com/locations/ridge-meadows/,real,https://maps.google.com/?cid=7942972778728966039&g_mp=Cidnb29nbGUubWFwcy5wbGFjZXMudjEuUGxhY2VzLlNlYXJjaFRleHQQAhgEIAA,yes,yes,https://kirmac.com/locations/ridge-meadows/,yes,2026,43,1353,,50
Valvoline Express Care,auto repair shop,Maple Ridge BC,(604) 463-7661,"22855 A Lougheed Hwy, Maple Ridge, BC V2X 6P6, Canada",4.8,778,https://locations.expresscare.com/british-columbia/maple-ridge/0000621164/?utm_source=Google&utm_medium=Maps&utm_campaign=Google+Places,real,https://maps.google.com/?cid=14572886509579704499&g_mp=Cidnb29nbGUubWFwcy5wbGFjZXMudjEuUGxhY2VzLlNlYXJjaFRleHQQAhgEIAA,yes,yes,https://locations.expresscare.com/,yes,,21,288,,50
Kal Tire,auto repair shop,Maple Ridge BC,(604) 466-9694,"20803 Lougheed Hwy, Maple Ridge, BC V2X 2R2, Canada",4.2,514,https://www.kaltire.com/en/locations/?store=030-maple-ridge-store&utm_source=G&utm_medium=LPM&utm_campaign=KalTire,real,https://maps.google.com/?cid=3076206797378569718&g_mp=Cidnb29nbGUubWFwcy5wbGFjZXMudjEuUGxhY2VzLlNlYXJjaFRleHQQAhgEIAA,http_403,yes,https://www.kaltire.com/en/locations/?store=030-maple-ridge-store&utm_source=G&utm_medium=LPM&utm_campaign=KalTire,yes,,6,81,,50
Mr. Lube + Tires,auto repair shop,Maple Ridge BC,(604) 466-4806,"20719 Lougheed Hwy, Maple Ridge, BC V2X 2R2, Canada",4.1,644,https://www.mrlube.com/locations/210?utm_source=G&utm_medium=lpm&utm_campaign=MrLube,real,https://maps.google.com/?cid=17949082504890414913&g_mp=Cidnb29nbGUubWFwcy5wbGFjZXMudjEuUGxhY2VzLlNlYXJjaFRleHQQAhgEIAA,yes,yes,https://www.mrlube.com/locations/210?utm_source=G&utm_medium=lpm&utm_campaign=MrLube,yes,,128,3175,,50
Kirmac Collision & Autoglass,auto repair shop,Maple Ridge BC,(604) 342-0112,"11963 227 St, Maple Ridge, BC V2X 6J4, Canada",4.9,283,https://kirmac.com/locations/maple-ridge-227,real,https://maps.google.com/?cid=1048252890021509130&g_mp=Cidnb29nbGUubWFwcy5wbGFjZXMudjEuUGxhY2VzLlNlYXJjaFRleHQQAhgEIAA,yes,yes,https://kirmac.com/locations/maple-ridge-227/,yes,2026,43,1332,,50
Valvoline Express Care,auto repair shop,Maple Ridge BC,(604) 466-1488,"21621 Lougheed Hwy #4, Maple Ridge, BC V2X 2S2, Canada",4.7,390,https://locations.expresscare.com/bc/maple-ridge/0000689224/?utm_source=google&utm_medium=maps&utm_campaign=google+places,real,https://maps.google.com/?cid=9325309700312422085&g_mp=Cidnb29nbGUubWFwcy5wbGFjZXMudjEuUGxhY2VzLlNlYXJjaFRleHQQAhgEIAA,yes,yes,https://locations.expresscare.com/bc/maple-ridge/0000689224/?utm_source=google&utm_medium=maps&utm_campaign=google+places,yes,,171,45,,50
Service BC Centre Maple Ridge,auto repair shop,Maple Ridge BC,(604) 466-7470,"22470 Dewdney Trunk Rd #175, Maple Ridge, BC V2X 5Z6, Canada",4.1,322,https://www.servicebc.ca/,real,https://maps.google.com/?cid=1401757081243593351&g_mp=Cidnb29nbGUubWFwcy5wbGFjZXMudjEuUGxhY2VzLlNlYXJjaFRleHQQAhgEIAA,yes,yes,https://www2.gov.bc.ca/gov/content/governments/organizational-structure/ministries-organizations/ministries/citizens-services/servicebc,yes,,570,964,,50
Lordco Auto Parts,auto repair shop,Maple Ridge BC,(604) 467-1191,"22921 Dewdney Trunk Rd, Maple Ridge, BC V2X 3K8, Canada",4,492,https://www.lordco.com/,real,https://maps.google.com/?cid=6407458505155692046&g_mp=Cidnb29nbGUubWFwcy5wbGFjZXMudjEuUGxhY2VzLlNlYXJjaFRleHQQAhgEIAA,yes,yes,https://lordco.com/,yes,,663,448,,50
Jiffy Lube,auto repair shop,Maple Ridge BC,(604) 465-0181,"20284 Dewdney Trunk Rd, Maple Ridge, BC V2X 3E1, Canada",4.3,348,https://jiffylubeservice.ca/locations/maple-ridge/jiffy-maple-ridge/?utm_source=google&utm_medium=gmb&utm_content=1087,real,https://maps.google.com/?cid=4073603293556103657&g_mp=Cidnb29nbGUubWFwcy5wbGFjZXMudjEuUGxhY2VzLlNlYXJjaFRleHQQAhgEIAA,yes,yes,https://www.jiffylubeservice.ca/oil-change-locations/maple-ridge,yes,2026,34,732,,50
RB Auto Wrecking Maple Ridge,auto repair shop,Maple Ridge BC,(604) 479-3999,"23359 Fisherman Rd, Maple Ridge, BC V2W 1B9, Canada",4.3,106,http://www.rbautowrecking.ca/,real,https://maps.google.com/?cid=9487050159193764299&g_mp=Cidnb29nbGUubWFwcy5wbGFjZXMudjEuUGxhY2VzLlNlYXJjaFRleHQQAhgEIAA,yes,yes,https://www.rbautowrecking.ca/,yes,2019,681,377,stale_copyright_2019;builder_wix,50
North Shore Auto Repair,auto repair shop,North Vancouver BC,(236) 818-8839,"234 Esplanade E, North Vancouver, BC V7L 1B4, Canada",4.8,619,http://www.northshoreautorepair.ca/,real,https://maps.google.com/?cid=5961279335822665784&g_mp=Cidnb29nbGUubWFwcy5wbGFjZXMudjEuUGxhY2VzLlNlYXJjaFRleHQQAhgEIAA,yes,yes,https://northshoreautorepair.ca/,yes,2026,185,253,,50
DeRosa Automotive Services Ltd.,auto repair shop,North Vancouver BC,(604) 988-2239,"110 Fell Ave, North Vancouver, BC V7P 2J9, Canada",4.9,368,http://www.derosaauto.ca/,real,https://maps.google.com/?cid=15909825883991881436&g_mp=Cidnb29nbGUubWFwcy5wbGFjZXMudjEuUGxhY2VzLlNlYXJjaFRleHQQAhgEIAA,yes,yes,https://www.derosaauto.ca/,yes,,317,1104,,50
SuperTech Auto Repair™,auto repair shop,North Vancouver BC,(604) 243-6392,"894 Marine Dr, North Vancouver, BC V7P 1R9, Canada",4.7,773,https://supertechauto.ca/north-vancouver/?utm_source=google&utm_medium=organic&utm_campaign=GMBListing-North-Vancouver-BC,real,https://maps.google.com/?cid=4832227647839142433&g_mp=Cidnb29nbGUubWFwcy5wbGFjZXMudjEuUGxhY2VzLlNlYXJjaFRleHQQAhgEIAA,yes,yes,https://supertechauto.ca/north-vancouver/?utm_source=google&utm_medium=organic&utm_campaign=GMBListing-North-Vancouver-BC,yes,2026,122,3711,,50
Leah's Automotive,auto repair shop,North Vancouver BC,(604) 985-4840,"1107 W 14th St, North Vancouver, BC V7P 1J9, Canada",4.8,242,https://autoservicevancouver.ca/,real,https://maps.google.com/?cid=15566157213025945765&g_mp=Cidnb29nbGUubWFwcy5wbGFjZXMudjEuUGxhY2VzLlNlYXJjaFRleHQQAhgEIAA,yes,yes,https://autoservicevancouver.ca/,yes,,124,2163,,50
Capilano Rd Auto Repair,auto repair shop,North Vancouver BC,(604) 986-5332,"977 3rd St W, North Vancouver, BC V7P 1E4, Canada",4.8,152,http://capilanoroadauto.com/,real,https://maps.google.com/?cid=12663386782600121484&g_mp=Cidnb29nbGUubWFwcy5wbGFjZXMudjEuUGxhY2VzLlNlYXJjaFRleHQQAhgEIAA,dead,no,,no,,,,unreachable_TimeoutError,50
Yashar Auto Repair,auto repair shop,North Vancouver BC,(604) 767-6367,"Working mobile, North Vancouver, BC V7P 1E2, Canada",4.8,201,http://www.yasharautorepair.com/,real,https://maps.google.com/?cid=8441317419779137907&g_mp=Cidnb29nbGUubWFwcy5wbGFjZXMudjEuUGxhY2VzLlNlYXJjaFRleHQQAhgEIAA,yes,yes,https://yasharautorepair.com/,yes,2026,156,4137,,50
Kirmac Collision & Autoglass,auto repair shop,North Vancouver BC,(604) 998-2650,"183 Pemberton Ave, North Vancouver, BC V7P 2R4, Canada",4.7,254,https://kirmac.com/locations/north-vancouver/,real,https://maps.google.com/?cid=13199012504520287071&g_mp=Cidnb29nbGUubWFwcy5wbGFjZXMudjEuUGxhY2VzLlNlYXJjaFRleHQQAhgEIAA,yes,yes,https://kirmac.com/locations/north-vancouver/,yes,2026,43,1199,,50
Fountain Tire,auto repair shop,North Vancouver BC,(604) 985-9131,"961 W 1st St, North Vancouver, BC V7P 1A4, Canada",4.3,222,https://www.fountaintire.com/stores/north-vancouver-bc,real,https://maps.google.com/?cid=5379313519455040890&g_mp=Cidnb29nbGUubWFwcy5wbGFjZXMudjEuUGxhY2VzLlNlYXJjaFRleHQQAhgEIAA,yes,yes,https://www.fountaintire.com/stores/north-vancouver-bc,yes,,16,60,,50
NAPA AUTOPRO - Westlynn Service,auto repair shop,North Vancouver BC,(604) 985-8811,"1270 Lynn Valley Rd, North Vancouver, BC V7J 2A3, Canada",4.7,260,https://www.napaautopro.com/en/auto-repair/british-columbia/north-vancouver-westlynn-service/?utm_source=G&utm_medium=local&utm_campaign=google-local,real,https://maps.google.com/?cid=10927887696363893389&g_mp=Cidnb29nbGUubWFwcy5wbGFjZXMudjEuUGxhY2VzLlNlYXJjaFRleHQQAhgEIAA,yes,yes,https://www.napaautopro.com/en/auto-repair/british-columbia/north-vancouver-westlynn-service/?utm_source=G&utm_medium=local&utm_campaign=google-local,yes,,117,445,,50
Jim's Mowing - Head Office,landscaping company,Delta BC,(833) 999-5467,"7198 Vantage Wy Unit 216, Delta, BC V4M 2G4, Canada",4.8,416,http://www.jimsmowing.ca/,real,https://maps.google.com/?cid=1245166815453076&g_mp=Cidnb29nbGUubWFwcy5wbGFjZXMudjEuUGxhY2VzLlNlYXJjaFRleHQQAhgEIAA,yes,yes,https://jimsmowingbc.ca/,yes,,287,898,,50
Turn3 Autosport Inc,auto repair shop,Langley BC,(888) 304-3953,"5947 206a St #101A, Langley, BC V3A 8M1, Canada",4.9,392,https://turn3autosport.com/,real,https://maps.google.com/?cid=2734375622868185242&g_mp=Cidnb29nbGUubWFwcy5wbGFjZXMudjEuUGxhY2VzLlNlYXJjaFRleHQQAhgEIAA,yes,yes,https://turn3autosport.com/,yes,,133,706,,50
On Line Collision Ltd - ICBC Auto Body Shop,auto repair shop,Langley BC,(604) 533-5504,"21650 Fraser Hwy #101, Langley Twp, BC V3A 4G9, Canada",4.9,381,http://www.onlinecollision.ca/,real,https://maps.google.com/?cid=16559749222561066850&g_mp=Cidnb29nbGUubWFwcy5wbGFjZXMudjEuUGxhY2VzLlNlYXJjaFRleHQQAhgEIAA,yes,yes,https://onlinecollision.ca/,yes,,172,2666,,50
Crompton Brothers Automotive,auto repair shop,Burnaby BC,(604) 540-0304,"7797 Edmonds St, Burnaby, BC V3N 3L2, Canada",4.7,345,https://cromptonbrothers.com/,real,https://maps.google.com/?cid=4076257926688849900&g_mp=Cidnb29nbGUubWFwcy5wbGFjZXMudjEuUGxhY2VzLlNlYXJjaFRleHQQAhgEIAA,yes,yes,https://cromptonbrothers.com/,yes,2026,252,5718,,50
Tsawwassen Collision Ltd,auto repair shop,Delta BC,(604) 943-6383,"1835 56 St, Delta, BC V4L 2B4, Canada",4.7,309,http://www.tsawwassencollision.com/,real,https://maps.google.com/?cid=2936178972494711911&g_mp=Cidnb29nbGUubWFwcy5wbGFjZXMudjEuUGxhY2VzLlNlYXJjaFRleHQQAhgEIAA,yes,yes,https://tsawwassencollision.com/,yes,,121,2714,,50
Integra Tire and Auto Service Centre North Vancouver,auto repair shop,North Vancouver BC,(604) 984-3551,"823 3rd St W, North Vancouver, BC V7P 3K7, Canada",4.8,225,https://integratirenorthvancouver.com/,real,https://maps.google.com/?cid=3709391432143577050&g_mp=Cidnb29nbGUubWFwcy5wbGFjZXMudjEuUGxhY2VzLlNlYXJjaFRleHQQAhgEIAA,yes,yes,https://integratirenorthvancouver.com/,yes,2026,194,412,,50
South Surrey Plumbing Ltd,plumber,Surrey BC,(604) 897-4989,"2940 King George Blvd #208, Surrey, BC V4P 0E4, Canada",4.9,47,http://www.southsurreyplumbing.com/,real,https://maps.google.com/?cid=9220578086458821343&g_mp=Cidnb29nbGUubWFwcy5wbGFjZXMudjEuUGxhY2VzLlNlYXJjaFRleHQQAhgEIAA,yes,yes,https://www.southsurreyplumbing.com/,yes,2004,232,2153,stale_copyright_2004,49
Mr. Fix It Plumbing & Heating Services,plumber,Surrey BC,(778) 889-4606,"12101 80 Ave #125, Surrey, BC V3W 5V6, Canada",4.8,42,http://www.mrfixit604.com/,real,https://maps.google.com/?cid=6290435749460488295&g_mp=Cidnb29nbGUubWFwcy5wbGFjZXMudjEuUGxhY2VzLlNlYXJjaFRleHQQAhgEIAA,yes,yes,https://mrfixit604.com/,yes,2023,225,302,stale_copyright_2023,49
Freestyle Plumbing and Heating Ltd.,plumber,Langley BC,(604) 644-3971,"19948 Willoughby Way, Langley, BC V2Y 1G2, Canada",5,96,https://www.freestyleplumbing.ca/,real,https://maps.google.com/?cid=7062877854293720966&g_mp=Cidnb29nbGUubWFwcy5wbGFjZXMudjEuUGxhY2VzLlNlYXJjaFRleHQQAhgEIAA,yes,yes,https://www.freestyleplumbing.ca/,yes,,37,239,,49
Tulip Plumbing And Heating,plumber,Langley BC,(604) 616-9871,"21722 49a Ave, Langley, BC V3A 5Z3, Canada",5,42,https://tulipplumbing.ca/,real,https://maps.google.com/?cid=5008542331472232943&g_mp=Cidnb29nbGUubWFwcy5wbGFjZXMudjEuUGxhY2VzLlNlYXJjaFRleHQQAhgEIAA,yes,yes,https://tulipplumbing.ca/,yes,2020,32,297,stale_copyright_2020,49
Mr. Rooter Plumbing of Langley,plumber,Langley BC,(604) 532-7706,"20627 Fraser Hwy, Langley, BC V3A 4G4, Canada",4.6,96,https://mrrooter.ca/langley/?utm_source=gmb&utm_campaign=local&utm_medium=organic,real,https://maps.google.com/?cid=10510099596761511873&g_mp=Cidnb29nbGUubWFwcy5wbGFjZXMudjEuUGxhY2VzLlNlYXJjaFRleHQQAhgEIAA,yes,yes,https://www.mrrooter.ca/langley/?utm_source=gmb&utm_campaign=local&utm_medium=organic,yes,,1103,1293,,49
Plumber Burnaby,plumber,Burnaby BC,(604) 445-7761,"4343 Dawson St, Burnaby, BC V5C 4B4, Canada",5,93,http://plumberburnaby.ca/,real,https://maps.google.com/?cid=13315394677116161145&g_mp=Cidnb29nbGUubWFwcy5wbGFjZXMudjEuUGxhY2VzLlNlYXJjaFRleHQQAhgEIAA,yes,yes,https://plumberburnaby.ca/,yes,,193,2467,,49
DJ Plumbing & Heating Service,plumber,Coquitlam BC,(778) 227-1119,"307 Begin St #4, Coquitlam, BC V3K 0C2, Canada",4.7,91,https://djplumbing.ca/,real,https://maps.google.com/?cid=12153763546389347531&g_mp=Cidnb29nbGUubWFwcy5wbGFjZXMudjEuUGxhY2VzLlNlYXJjaFRleHQQAhgEIAA,yes,yes,https://djplumbing.ca/,yes,2026,62,3707,,49
B. Johnston Plumbing,plumber,Coquitlam BC,(604) 690-6808,"2377 Scott Pl, Port Coquitlam, BC V3B 2E6, Canada",5,48,https://www.bjohnstonplumbing.com/,real,https://maps.google.com/?cid=103105530590249097&g_mp=Cidnb29nbGUubWFwcy5wbGFjZXMudjEuUGxhY2VzLlNlYXJjaFRleHQQAhgEIAA,yes,yes,https://www.bjohnstonplumbing.com/,yes,,1025,196,builder_wix,49
Bosco Plumbing & heating,plumber,Coquitlam BC,(778) 886-5721,"2950 Coyote Ct, Coquitlam, BC V3E 3A6, Canada",4.7,46,https://boscoplumbingheating.com/,real,https://maps.google.com/?cid=5013576177705726831&g_mp=Cidnb29nbGUubWFwcy5wbGFjZXMudjEuUGxhY2VzLlNlYXJjaFRleHQQAhgEIAA,yes,yes,https://boscoplumbingheating.com/,yes,2019,22,961,stale_copyright_2019,49
Westrim Plumbing & Heating Ltd.,plumber,Richmond BC,(604) 276-0887,"11800 River Rd #102, Richmond, BC V6X 1Z7, Canada",4.9,42,http://www.westrimplumbing.com/,real,https://maps.google.com/?cid=1387368362851465590&g_mp=Cidnb29nbGUubWFwcy5wbGFjZXMudjEuUGxhY2VzLlNlYXJjaFRleHQQAhgEIAA,yes,yes,https://www.westrimplumbing.com/,yes,,619,235,builder_wix,49
Kanaka Creek Plumbing Ltd.,plumber,Maple Ridge BC,(604) 229-9939,"23343 Kanaka Wy, Maple Ridge, BC V2W 2B6, Canada",5,99,https://kanakacreekplumbing.com/,real,https://maps.google.com/?cid=5853825222581091695&g_mp=Cidnb29nbGUubWFwcy5wbGFjZXMudjEuUGxhY2VzLlNlYXJjaFRleHQQAhgEIAA,yes,yes,https://kanakacreekplumbing.com/,yes,2026,196,394,,49
Meadow Ridge Plumbing & Gas,plumber,Maple Ridge BC,(604) 351-0874,"22001 124 Ave, Maple Ridge, BC V2X 4J1, Canada",4.8,94,http://www.meadowridgeplumbing.ca/,real,https://maps.google.com/?cid=3481966476716109971&g_mp=Cidnb29nbGUubWFwcy5wbGFjZXMudjEuUGxhY2VzLlNlYXJjaFRleHQQAhgEIAA,yes,yes,https://meadowridgeplumbing.ca/,yes,,94,2065,,49
JJ's Plumbing,plumber,Maple Ridge BC,(604) 479-2232,"10616 Jackson Rd, Maple Ridge, BC V2W 1G6, Canada",4.5,49,https://jjs.plumbing/,real,https://maps.google.com/?cid=4839448441682313343&g_mp=Cidnb29nbGUubWFwcy5wbGFjZXMudjEuUGxhY2VzLlNlYXJjaFRleHQQAhgEIAA,http_404,yes,https://jjs.plumbing/,no,,0,293,not_mobile_ready,49
Bakerview Heating and Cooling,hvac contractor,Surrey BC,(604) 371-4328,"18812 96 Ave Unit 4, Surrey, BC V4N 3R1, Canada",5,99,http://www.bvhc.ca/,real,https://maps.google.com/?cid=6660842259836302120&g_mp=Cidnb29nbGUubWFwcy5wbGFjZXMudjEuUGxhY2VzLlNlYXJjaFRleHQQAhgEIAA,yes,yes,https://www.bvhc.ca/,yes,2026,266,704,,49
Combined Comfort Systems,hvac contractor,Langley BC,(604) 514-1132,"8661 201 Street, Langley Twp, BC V3S 6J8, Canada",5,43,https://www.vancouverheatpumps.ca/,real,https://maps.google.com/?cid=1526764266114194620&g_mp=Cidnb29nbGUubWFwcy5wbGFjZXMudjEuUGxhY2VzLlNlYXJjaFRleHQQAhgEIAA,yes,yes,https://www.vancouverheatpumps.ca/,yes,2024,190,3465,stale_copyright_2024,49
ATMOSERRA Heating & Cooling,hvac contractor,Burnaby BC,(778) 200-9054,"1955 Alpha Wy., Burnaby, BC V5C 0K6, Canada",5,90,https://www.atmoserra.ca/,real,https://maps.google.com/?cid=6326748346677560096&g_mp=Cidnb29nbGUubWFwcy5wbGFjZXMudjEuUGxhY2VzLlNlYXJjaFRleHQQAhgEIAA,yes,yes,https://www.atmoserra.ca/,yes,,55,318,,49
Master Fix Building Ltd.,hvac contractor,Coquitlam BC,(604) 788-5158,"3328 Turner Ave, Coquitlam, BC V3E 3B9, Canada",5,98,https://masterfixbuilding.com/,real,https://maps.google.com/?cid=8758116082343225941&g_mp=Cidnb29nbGUubWFwcy5wbGFjZXMudjEuUGxhY2VzLlNlYXJjaFRleHQQAhgEIAA,yes,yes,https://masterfixbuilding.com/,yes,,143,518,,49
Sparkex Heating and Air Conditioning LTD,hvac contractor,North Vancouver BC,(778) 960-3010,"125 E 14th St, North Vancouver, BC V7M 2H8, Canada",5,48,https://sparkexheatingandairconditioning.com/,real,https://maps.google.com/?cid=8025975365280590187&g_mp=Cidnb29nbGUubWFwcy5wbGFjZXMudjEuUGxhY2VzLlNlYXJjaFRleHQQAhgEIAA,http_404,yes,https://sparkexheatingandairconditioning.com/,no,,3,397,not_mobile_ready,49
Eaton’s Furnace Heating & Air Conditioning HVAC,hvac contractor,North Vancouver BC,(604) 670-5799,"100 Park Royal S Unit 200, West Vancouver, BC V7T 1A2, Canada",4.9,92,https://www.eatonshomecare.com/location/west-vancouver-hvac-services,real,https://maps.google.com/?cid=12809463564926358190&g_mp=Cidnb29nbGUubWFwcy5wbGFjZXMudjEuUGxhY2VzLlNlYXJjaFRleHQQAhgEIAA,yes,yes,https://www.eatonshomecare.com/location/west-vancouver-hvac-services,yes,2026,50,70,,49
North Shore Air Duct Cleaning Services,hvac contractor,North Vancouver BC,(604) 982-9393,"224 Esplanade W #553, North Vancouver, BC V7M 1A4, Canada",5,43,https://northshoreductcleaning.ca/,real,https://maps.google.com/?cid=4156887166470637904&g_mp=Cidnb29nbGUubWFwcy5wbGFjZXMudjEuUGxhY2VzLlNlYXJjaFRleHQQAhgEIAA,yes,yes,https://www.northshoreductcleaning.ca/,yes,,1845,1913,builder_wix,49
Extra Mile Electric,electrician,Surrey BC,(604) 352-1560,"10090 152 St, Surrey, BC V3R 8X8, Canada",5,92,http://www.extramileelectric.com/,real,https://maps.google.com/?cid=7942331239795845876&g_mp=Cidnb29nbGUubWFwcy5wbGFjZXMudjEuUGxhY2VzLlNlYXJjaFRleHQQAhgEIAA,yes,yes,https://extramileelectric.com/,yes,2026,107,2940,,49
Wise Electric Systems Limited,electrician,Langley BC,(778) 551-5798,"19659 74 Ave, Langley Twp, BC V2Y 3R5, Canada",5,46,https://wiseelectricsystems.ca/,real,https://maps.google.com/?cid=18387667146350778853&g_mp=Cidnb29nbGUubWFwcy5wbGFjZXMudjEuUGxhY2VzLlNlYXJjaFRleHQQAhgEIAA,yes,yes,https://www.wiseelectricsystems.ca/,yes,,839,520,builder_wix,49
SJ Electrical Contracting Inc.,electrician,Coquitlam BC,(604) 786-4334,"953 Maywood Ave, Port Coquitlam, BC V3B 4X7, Canada",5,97,https://sjelectrical.ca/,real,https://maps.google.com/?cid=3919174403095027914&g_mp=Cidnb29nbGUubWFwcy5wbGFjZXMudjEuUGxhY2VzLlNlYXJjaFRleHQQAhgEIAA,http_500,yes,https://sjelectrical.ca/,yes,,2,5615,,49
Akai Electric Ltd,electrician,Delta BC,(604) 760-2524,"3845 Ortona Crescent, Vancouver, BC V6R 1X6, Canada",5,41,https://www.akaielectric.ca/,real,https://maps.google.com/?cid=9544958053670308546&g_mp=Cidnb29nbGUubWFwcy5wbGFjZXMudjEuUGxhY2VzLlNlYXJjaFRleHQQAhgEIAA,yes,yes,https://www.akaielectric.ca/,yes,,1780,249,builder_wix,49
DS CLAYTON ELECTRIC LTD.,electrician,Maple Ridge BC,(604) 394-2549,"12792 227a St, Maple Ridge, BC V2X 2V8, Canada",5,41,http://dsclaytonelectric.ca/,real,https://maps.google.com/?cid=12663976709068638503&g_mp=Cidnb29nbGUubWFwcy5wbGFjZXMudjEuUGxhY2VzLlNlYXJjaFRleHQQAhgEIAA,yes,yes,https://dsclaytonelectric.ca/,yes,,140,9918,slow_load,49
Eagle Power,electrician,North Vancouver BC,(778) 680-3535,"101 29th St E #104, North Vancouver, BC V7N 1C5, Canada",5,90,https://eaglepower.ca/,real,https://maps.google.com/?cid=13015718086910778304&g_mp=Cidnb29nbGUubWFwcy5wbGFjZXMudjEuUGxhY2VzLlNlYXJjaFRleHQQAhgEIAA,yes,yes,https://www.eaglepower.ca/,yes,2026,88,344,,49
Fromme Electric - Vancouver,electrician,North Vancouver BC,(604) 999-3293,"4483 Underwood Ave, North Vancouver, BC V7K 2S1, Canada",5,95,https://fromme-electric.com/,real,https://maps.google.com/?cid=6992250771806168946&g_mp=Cidnb29nbGUubWFwcy5wbGFjZXMudjEuUGxhY2VzLlNlYXJjaFRleHQQAhgEIAA,yes,yes,https://www.fromme-electric.com/,yes,2026,1431,1756,,49
KYBE Electrical Contracting Ltd.,electrician,North Vancouver BC,(604) 764-2019,"258 1st St E, North Vancouver, BC V7L 1B3, Canada",4.6,42,http://www.kybe.ca/,real,https://maps.google.com/?cid=6574851131465136065&g_mp=Cidnb29nbGUubWFwcy5wbGFjZXMudjEuUGxhY2VzLlNlYXJjaFRleHQQAhgEIAA,yes,no,http://www.kybe.ca/,yes,,192,701,no_ssl,49
Advance Pest Control Surrey/Langley,pest control,Surrey BC,(604) 786-4161,"15299 68 Ave #203, Surrey, BC V3S 2C1, Canada",4.7,197,https://www.advancepest.ca/,real,https://maps.google.com/?cid=2681043306958146880&g_mp=Cidnb29nbGUubWFwcy5wbGFjZXMudjEuUGxhY2VzLlNlYXJjaFRleHQQAhgEIAA,yes,yes,https://advancepest.ca/,yes,,253,1242,,49
H & A Service,auto repair shop,Langley BC,(604) 866-1967,"5669 199 St #2, Langley, BC V3A 7C7, Canada",4.9,98,http://www.haservice.ca/,real,https://maps.google.com/?cid=8094830397875541781&g_mp=Cidnb29nbGUubWFwcy5wbGFjZXMudjEuUGxhY2VzLlNlYXJjaFRleHQQAhgEIAA,yes,no,http://www.haservice.ca/,no,,15,296,not_mobile_ready;no_ssl,49
Bill & Walter's Garage,auto repair shop,Burnaby BC,(604) 298-3031,"4406 Dawson St, Burnaby, BC V5C 4B9, Canada",4.8,197,https://bw-garage.com/,real,https://maps.google.com/?cid=16591750815301042399&g_mp=Cidnb29nbGUubWFwcy5wbGFjZXMudjEuUGxhY2VzLlNlYXJjaFRleHQQAhgEIAA,yes,yes,https://bw-garage.com/,yes,2026,263,762,,49
Motor Mate Auto Service Ltd.,auto repair shop,Coquitlam BC,(604) 725-3324,"2639 Kingsway Ave, Port Coquitlam, BC V3C 1T5, Canada",4.8,146,http://motormate.ca/,real,https://maps.google.com/?cid=18000534412931860086&g_mp=Cidnb29nbGUubWFwcy5wbGFjZXMudjEuUGxhY2VzLlNlYXJjaFRleHQQAhgEIAA,yes,yes,https://www.motormate.ca/,yes,,80,541,builder_sitebuilder,49
Vancouver Fleet Services ltd,auto repair shop,Richmond BC,(604) 278-1701,"2820 Number 3 Rd, Richmond, BC V6X 2B3, Canada",4.6,190,https://vancouverfleetservices.ca/,real,https://maps.google.com/?cid=933601881062470251&g_mp=Cidnb29nbGUubWFwcy5wbGFjZXMudjEuUGxhY2VzLlNlYXJjaFRleHQQAhgEIAA,yes,yes,https://vancouverfleetservices.ca/,yes,2025,281,3940,,49
CSN Ladner Auto Body Ltd.,auto repair shop,Delta BC,(604) 946-0388,"3561 River Rd W, Delta, BC V4K 3N2, Canada",4.8,197,https://csncollision.com/location/ladner-collision-repair-centre-in-delta/,real,https://maps.google.com/?cid=571231333736403940&g_mp=Cidnb29nbGUubWFwcy5wbGFjZXMudjEuUGxhY2VzLlNlYXJjaFRleHQQAhgEIAA,yes,yes,https://csncollision.com/location/ladner-collision-repair-centre-in-delta/,yes,2026,323,225,,49
Westside Auto Repairs Ltd.,auto repair shop,Maple Ridge BC,(604) 463-8876,"#2, 20736 Lougheed Hwy #3, Maple Ridge, BC V2X 2R1, Canada",4.7,146,https://www.westsideautorepairs.ca/,real,https://maps.google.com/?cid=5105291399630609083&g_mp=Cidnb29nbGUubWFwcy5wbGFjZXMudjEuUGxhY2VzLlNlYXJjaFRleHQQAhgEIAA,yes,yes,https://westsideautorepairs.ca/,yes,2022,150,3090,stale_copyright_2022,49
G I B Motors Ltd,auto repair shop,Maple Ridge BC,(604) 465-6113,"20657 Lorne Ave, Maple Ridge, BC V2X 1H4, Canada",4.7,149,http://www.gibmotors.ca/,real,https://maps.google.com/?cid=16477462051115125268&g_mp=Cidnb29nbGUubWFwcy5wbGFjZXMudjEuUGxhY2VzLlNlYXJjaFRleHQQAhgEIAA,yes,yes,https://gibmotors.ca/,yes,2012,128,3187,stale_copyright_2012,49
Fountain Tire,auto repair shop,Maple Ridge BC,(604) 465-1933,"20610 Lougheed Hwy, Maple Ridge, BC V2X 2P7, Canada",4.3,192,https://www.fountaintire.com/stores/maple-ridge-bc,real,https://maps.google.com/?cid=705319478023454114&g_mp=Cidnb29nbGUubWFwcy5wbGFjZXMudjEuUGxhY2VzLlNlYXJjaFRleHQQAhgEIAA,yes,yes,https://www.fountaintire.com/stores/maple-ridge-bc,yes,,15,16,,49
Big O Tires Maple Ridge,auto repair shop,Maple Ridge BC,(604) 465-7822,"20214 Lougheed Hwy, Maple Ridge, BC V2X 2P7, Canada",4.5,197,https://bigotiresmapleridge.ca/?utm_source=MapForce&utm_medium=maps&utm_campaign=Maps&utm_id=maps,real,https://maps.google.com/?cid=10220892268082422641&g_mp=Cidnb29nbGUubWFwcy5wbGFjZXMudjEuUGxhY2VzLlNlYXJjaFRleHQQAhgEIAA,yes,yes,https://bigotiresmapleridge.ca/?utm_source=MapForce&utm_medium=maps&utm_campaign=Maps&utm_id=maps,yes,2026,75,1308,,49
Jensen Auto Glass,auto repair shop,Maple Ridge BC,(604) 466-4225,"22826 Dewdney Trunk Rd #1, Maple Ridge, BC V2X 7Y3, Canada",4.9,143,http://www.jensenglass.ca/,real,https://maps.google.com/?cid=7508926169094382288&g_mp=Cidnb29nbGUubWFwcy5wbGFjZXMudjEuUGxhY2VzLlNlYXJjaFRleHQQAhgEIAA,yes,yes,https://www.jensenglass.ca/,yes,,975,342,builder_wix,49
True Care Plumbing,plumber,Coquitlam BC,(604) 377-5094,"1336 Cooper Ct, Coquitlam, BC V3E 0K6, Canada",4.8,96,http://www.truecareplumbing.ca/,real,https://maps.google.com/?cid=3491217753093869042&g_mp=Cidnb29nbGUubWFwcy5wbGFjZXMudjEuUGxhY2VzLlNlYXJjaFRleHQQAhgEIAA,yes,yes,https://truecareplumbing.ca/,yes,2026,202,1719,,49
Tri-City Plumbing & Heating,plumber,Coquitlam BC,(604) 944-5595,"1515 Broadway St #406, Port Coquitlam, BC V3C 6P6, Canada",4.5,45,http://tri-cityplumbing.net/,real,https://maps.google.com/?cid=7928165747773552953&g_mp=Cidnb29nbGUubWFwcy5wbGFjZXMudjEuUGxhY2VzLlNlYXJjaFRleHQQAhgEIAA,yes,yes,https://www.tri-cityplumbing.net/,yes,2018,100,2822,stale_copyright_2018,49
The Garage Auto Repair - NAPA AUTOPRO,auto repair shop,Burnaby BC,(604) 733-1312,"5707 Beresford St., Burnaby, BC V5J 1J6, Canada",4.7,199,https://thegarage.ca/?utm_source=google&utm_medium=organic&utm_campaign=GBP_listing,real,https://maps.google.com/?cid=12271269885919841661&g_mp=Cidnb29nbGUubWFwcy5wbGFjZXMudjEuUGxhY2VzLlNlYXJjaFRleHQQAhgEIAA,yes,yes,https://thegarage.ca/?utm_source=google&utm_medium=organic&utm_campaign=GBP_listing,yes,,380,239,,49
NAPA AUTOPRO - Poco Automotive,auto repair shop,Coquitlam BC,(604) 941-7322,"1850 Kingsway Ave #20, Port Coquitlam, BC V3C 1S6, Canada",4.8,194,https://www.poconapaautopro.ca/?utm_source=G&utm_medium=local&utm_campaign=google-local,real,https://maps.google.com/?cid=518220817588704358&g_mp=Cidnb29nbGUubWFwcy5wbGFjZXMudjEuUGxhY2VzLlNlYXJjaFRleHQQAhgEIAA,yes,yes,https://www.poconapaautopro.ca/?utm_source=G&utm_medium=local&utm_campaign=google-local,yes,2026,103,138,,49
Coache Collision Ltd,auto repair shop,North Vancouver BC,(604) 987-2211,"1172 3rd St W, North Vancouver, BC V7P 1E6, Canada",4.8,193,https://www.raydarcollisiongroup.ca/locations/north-vancouver/,real,https://maps.google.com/?cid=12414646259076938216&g_mp=Cidnb29nbGUubWFwcy5wbGFjZXMudjEuUGxhY2VzLlNlYXJjaFRleHQQAhgEIAA,yes,yes,https://raydarcollisiongroup.ca/locations/british-columbia/north-vancouver,yes,2026,50,417,,49
Akal Plumbing & Heating Ltd,plumber,Surrey BC,(604) 594-1311,"13035 84 Ave, Surrey, BC V3W 1B3, Canada",4.4,83,https://www.akalplumbing.ca/,real,https://maps.google.com/?cid=15400859477984271272&g_mp=Cidnb29nbGUubWFwcy5wbGFjZXMudjEuUGxhY2VzLlNlYXJjaFRleHQQAhgEIAA,yes,yes,https://www.akalplumbing.ca/,yes,,26,499,,48
OSO Plumbing and Heating,plumber,Surrey BC,(778) 903-0204,"6698 124 St, Surrey, BC V3W 0Z7, Canada",5,34,https://osoplumbingandheating.ca/,real,https://maps.google.com/?cid=7426814532616409959&g_mp=Cidnb29nbGUubWFwcy5wbGFjZXMudjEuUGxhY2VzLlNlYXJjaFRleHQQAhgEIAA,dead,no,,no,,,,unreachable_ENOTFOUND,48
Prime Plumbers Of Richmond,plumber,Surrey BC,(250) 607-1378,"8571 Cook Rd, Richmond, BC V6Y 1V6, Canada",5,85,https://primeplumbers.ca/,real,https://maps.google.com/?cid=6547892125789644760&g_mp=Cidnb29nbGUubWFwcy5wbGFjZXMudjEuUGxhY2VzLlNlYXJjaFRleHQQAhgEIAA,yes,yes,https://primeplumbers.ca/,yes,2026,137,416,,48
"Guru Plumbing, Heating & Air Conditioning",plumber,Surrey BC,(778) 896-7252,"13308 76 Ave #206, Surrey, BC V3W 2W1, Canada",4.3,84,https://guruplumbing.ca/?utm_source=Google-Local&utm_medium=Maps&utm_campaign=Google-My-Business-Surrey,real,https://maps.google.com/?cid=10300408752830683662&g_mp=Cidnb29nbGUubWFwcy5wbGFjZXMudjEuUGxhY2VzLlNlYXJjaFRleHQQAhgEIAA,yes,yes,https://guruplumbing.ca/?utm_source=Google-Local&utm_medium=Maps&utm_campaign=Google-My-Business-Surrey,yes,,355,2242,,48
Langley Home Plumbing & Heating,plumber,Langley BC,(604) 868-6843,"20821 Fraser Hwy #47, Langley, BC V3A 0B6, Canada",5,89,https://langleyhomeplumbing.ca/,real,https://maps.google.com/?cid=12031648614400234335&g_mp=Cidnb29nbGUubWFwcy5wbGFjZXMudjEuUGxhY2VzLlNlYXJjaFRleHQQAhgEIAA,yes,yes,https://www.langleyhomeplumbing.ca/,yes,,112,2492,,48
Garrett Davis Plumbing,plumber,Langley BC,(604) 977-7752,"754 Cottonwood Ave, Coquitlam, BC V3J 2S7, Canada",4.9,39,https://www.garrettdavisplumbing.com/,real,https://maps.google.com/?cid=3692340791705721453&g_mp=Cidnb29nbGUubWFwcy5wbGFjZXMudjEuUGxhY2VzLlNlYXJjaFRleHQQAhgEIAA,yes,yes,https://www.garrettdavisplumbing.com/,yes,2025,612,247,builder_wix,48
Urban Plumbing & Heating Ltd.,plumber,Burnaby BC,(604) 729-7519,"3191 Thunderbird Crescent #108, Burnaby, BC V5A 3G1, Canada",4.6,36,https://urbanph.com/contact/,real,https://maps.google.com/?cid=2027657436218228057&g_mp=Cidnb29nbGUubWFwcy5wbGFjZXMudjEuUGxhY2VzLlNlYXJjaFRleHQQAhgEIAA,ssl_error,no,,no,,,,broken_ssl,48
Lew Plumbing & Heating Ltd,plumber,Burnaby BC,(604) 205-9436,"2323 Boundary Rd Unit #127, Vancouver, BC V5M 4V8, Canada",4.3,87,https://www.lewplumbing.com/?utm_source=GMB&utm_medium=organic,real,https://maps.google.com/?cid=11777348346736361313&g_mp=Cidnb29nbGUubWFwcy5wbGFjZXMudjEuUGxhY2VzLlNlYXJjaFRleHQQAhgEIAA,yes,yes,https://lewplumbing.com/?utm_source=GMB&utm_medium=organic,yes,,70,1118,,48
"KCs Plumbing, Heating & Drain Services",plumber,Coquitlam BC,(604) 873-3753,"17 Fawcett Rd #115, Coquitlam, BC V3K 6V2, Canada",4,82,https://www.kcplumb.ca/,real,https://maps.google.com/?cid=3152359940362606033&g_mp=Cidnb29nbGUubWFwcy5wbGFjZXMudjEuUGxhY2VzLlNlYXJjaFRleHQQAhgEIAA,yes,yes,https://www.kcplumb.ca/,yes,,203,258,,48
Sierra Mechanical Limited,plumber,Richmond BC,(604) 943-1234,"5133 Jaskow Dr, Richmond, BC V7E 5H8, Canada",4.9,33,http://www.sierramechanical.ca/,real,https://maps.google.com/?cid=12241790709802123940&g_mp=Cidnb29nbGUubWFwcy5wbGFjZXMudjEuUGxhY2VzLlNlYXJjaFRleHQQAhgEIAA,yes,yes,https://www.sierramechanical.ca/,yes,,590,382,builder_wix,48
Upper Level Plumbing Ltd.,plumber,North Vancouver BC,(604) 971-2515,"145 Chadwick Ct #220, North Vancouver, BC V7M 3K2, Canada",4.9,38,http://www.upperlevelplumbing.ca/,real,https://maps.google.com/?cid=7428188139910920859&g_mp=Cidnb29nbGUubWFwcy5wbGFjZXMudjEuUGxhY2VzLlNlYXJjaFRleHQQAhgEIAA,yes,yes,https://www.upperlevelplumbing.ca/,yes,,653,350,builder_wix,48
Realistic Heating & Cooling,hvac contractor,Surrey BC,(778) 240-3118,"14936 90 Ave, Surrey, BC V3R 6W3, Canada",5,85,https://realisticheating.ca/,real,https://maps.google.com/?cid=10612811191816660919&g_mp=Cidnb29nbGUubWFwcy5wbGFjZXMudjEuUGxhY2VzLlNlYXJjaFRleHQQAhgEIAA,http_403,yes,https://realisticheating.ca/,yes,,5,129,,48
Fast Frost Heating & Air Conditioning Ltd,hvac contractor,Surrey BC,(236) 888-8673,"8528 123 St., Surrey, BC V3W 3V6, Canada",4.5,32,http://fastfrost.ca/,real,https://maps.google.com/?cid=9723819789250812732&g_mp=Cidnb29nbGUubWFwcy5wbGFjZXMudjEuUGxhY2VzLlNlYXJjaFRleHQQAhgEIAA,yes,yes,https://www.fastfrost.ca/,yes,2024,280,1774,stale_copyright_2024,48
Accolade Heating and Air Conditioning,hvac contractor,Surrey BC,(778) 689-7287,"11460 73 Ave, Delta, BC V4C 1B7, Canada",4.7,80,https://accoladeheating.com/,real,https://maps.google.com/?cid=3419854217779105124&g_mp=Cidnb29nbGUubWFwcy5wbGFjZXMudjEuUGxhY2VzLlNlYXJjaFRleHQQAhgEIAA,yes,yes,https://accoladeheating.com/,yes,2026,145,734,,48
PACIFIC CHOICE HOME COMFORT,hvac contractor,Coquitlam BC,(778) 300-1812,"1833 Coast Meridian Rd #64, Port Coquitlam, BC V3C 6R8, Canada",4.9,36,https://pacificchoicehomecomfort.ca/,real,https://maps.google.com/?cid=13916756939813276179&g_mp=Cidnb29nbGUubWFwcy5wbGFjZXMudjEuUGxhY2VzLlNlYXJjaFRleHQQAhgEIAA,yes,yes,https://pacificchoicehomecomfort.ca/,yes,2024,203,1253,stale_copyright_2024,48
Hans Radiator Repair Shop,hvac contractor,Richmond BC,(604) 278-5232,"2651A Number 3 Rd, Richmond, BC V6X 2B2, Canada",4.6,32,http://hansradiators.com/,real,https://maps.google.com/?cid=12091519438376014268&g_mp=Cidnb29nbGUubWFwcy5wbGFjZXMudjEuUGxhY2VzLlNlYXJjaFRleHQQAhgEIAA,yes,yes,https://www.hansradiators.com/,yes,,660,400,builder_wix,48
Multitech Mechanical,hvac contractor,Maple Ridge BC,(604) 781-7427,"12172 220 St, Maple Ridge, BC V2X 5R5, Canada",5,33,http://multitechmechanical.com/,real,https://maps.google.com/?cid=5634966740440339196&g_mp=Cidnb29nbGUubWFwcy5wbGFjZXMudjEuUGxhY2VzLlNlYXJjaFRleHQQAhgEIAA,yes,no,http://multitechmechanical.com/,yes,2026,69,2585,no_ssl,48
Cool Guyz Custom AC Panels,hvac contractor,Maple Ridge BC,(604) 360-7334,"11991 Hawthorne St, Maple Ridge, BC V2X 6V5, Canada",5,35,https://coolguyz.ca/,real,https://maps.google.com/?cid=2617221304318765376&g_mp=Cidnb29nbGUubWFwcy5wbGFjZXMudjEuUGxhY2VzLlNlYXJjaFRleHQQAhgEIAA,dead,no,,no,,,,unreachable_TimeoutError,48
PowerX Electrical Ltd.,electrician,Surrey BC,(778) 823-1575,"12491 68 Ave, Surrey, BC V3W 2C9, Canada",5,87,http://powerxelectrical.ca/,real,https://maps.google.com/?cid=16416532100927755651&g_mp=Cidnb29nbGUubWFwcy5wbGFjZXMudjEuUGxhY2VzLlNlYXJjaFRleHQQAhgEIAA,yes,yes,https://powerxelectrical.ca/,yes,2026,72,671,,48
Oakwest Electric,electrician,Langley BC,(778) 886-9594,"3854 196a St, Langley, BC V3A 1A6, Canada",5,82,https://oakwestelectric.com/,real,https://maps.google.com/?cid=12721096584530674627&g_mp=Cidnb29nbGUubWFwcy5wbGFjZXMudjEuUGxhY2VzLlNlYXJjaFRleHQQAhgEIAA,yes,yes,https://oakwestelectric.com/,yes,2026,233,199,,48
A1 Arc Electric,electrician,Burnaby BC,(604) 351-2753,"2008 Rosser Ave, Burnaby, BC V5C 0H8, Canada",5,36,https://a1arcelectric.ca/,real,https://maps.google.com/?cid=538789867497488176&g_mp=Cidnb29nbGUubWFwcy5wbGFjZXMudjEuUGxhY2VzLlNlYXJjaFRleHQQAhgEIAA,yes,yes,https://a1arcelectric.ca/,yes,2024,265,255,stale_copyright_2024,48
Fina Electrical,electrician,Burnaby BC,(604) 299-9211,"4055 1st Ave, Burnaby, BC V5C 3W5, Canada",4.8,37,http://finaelectrical.ca/,real,https://maps.google.com/?cid=2702750560833173355&g_mp=Cidnb29nbGUubWFwcy5wbGFjZXMudjEuUGxhY2VzLlNlYXJjaFRleHQQAhgEIAA,yes,no,http://www.finaelectrical.ca/,yes,2025,80,1236,no_ssl,48
Fusion Point Electric Ltd.,electrician,Coquitlam BC,(604) 764-6048,"Southview St, Port Coquitlam, BC V3E 0L3, Canada",5,83,https://coquitlamelectric.ca/,real,https://maps.google.com/?cid=14950531203864889372&g_mp=Cidnb29nbGUubWFwcy5wbGFjZXMudjEuUGxhY2VzLlNlYXJjaFRleHQQAhgEIAA,yes,yes,https://coquitlamelectric.ca/,yes,2026,32,141,,48
Artenix Electric LTD,electrician,Richmond BC,(604) 802-9649,"6187 Tisdall St, Vancouver, BC V5Z 3M9, Canada",5,38,https://www.artenixelectric.ca/,real,https://maps.google.com/?cid=17806152403707831390&g_mp=Cidnb29nbGUubWFwcy5wbGFjZXMudjEuUGxhY2VzLlNlYXJjaFRleHQQAhgEIAA,yes,yes,https://www.artenixelectric.ca/,yes,,1004,1433,builder_wix,48
R Raven Electric,electrician,Maple Ridge BC,(604) 834-2635,"22737 126b Ave, Maple Ridge, BC V2X 2N7, Canada",4.8,33,https://ravenelectric.ca/,real,https://maps.google.com/?cid=9857211895566622878&g_mp=Cidnb29nbGUubWFwcy5wbGFjZXMudjEuUGxhY2VzLlNlYXJjaFRleHQQAhgEIAA,yes,yes,https://www.ravenelectric.ca/,yes,2021,32,485,stale_copyright_2021,48
Connect Electrical Installations Ltd,electrician,North Vancouver BC,(604) 710-6714,"2236 Jones Ave, North Vancouver, BC V7M 3E4, Canada",5,82,http://www.connectelectric.ca/,real,https://maps.google.com/?cid=8920042293418899438&g_mp=Cidnb29nbGUubWFwcy5wbGFjZXMudjEuUGxhY2VzLlNlYXJjaFRleHQQAhgEIAA,yes,yes,https://www.connectelectric.ca/,yes,,185,2380,,48
Fast Service Auto Repairs Ltd,auto repair shop,Surrey BC,(604) 543-4655,"12772 82 Ave, Surrey, BC V3W 0R1, Canada",4.1,134,http://fastserviceauto.com/,real,https://maps.google.com/?cid=16994913279558307415&g_mp=Cidnb29nbGUubWFwcy5wbGFjZXMudjEuUGxhY2VzLlNlYXJjaFRleHQQAhgEIAA,yes,yes,https://www.fastserviceauto.com/,yes,,626,553,builder_wix,48
Dypty Auto Muffler and Exhaust Services,auto repair shop,Surrey BC,(778) 957-4678,"13140 88 Ave Unit 4, Surrey, BC V3W 3K3, Canada",4.8,139,https://www.dyptyauto.com/,real,https://maps.google.com/?cid=15674129213867137784&g_mp=Cidnb29nbGUubWFwcy5wbGFjZXMudjEuUGxhY2VzLlNlYXJjaFRleHQQAhgEIAA,yes,yes,https://www.dyptyauto.com/,yes,,1247,221,builder_wix,48
L&S Automotive | Langley | Surrey,auto repair shop,Langley BC,(604) 575-2224,"19585 56 Ave #101, Surrey, BC V3S 6K3, Canada",4.7,138,https://www.lsautocenters.ca/,real,https://maps.google.com/?cid=15147241827826090446&g_mp=Cidnb29nbGUubWFwcy5wbGFjZXMudjEuUGxhY2VzLlNlYXJjaFRleHQQAhgEIAA,yes,yes,https://lsautocenters.ca/,yes,2012,96,2411,stale_copyright_2012,48
Lang City Brake & Muffler Ltd,auto repair shop,Langley BC,(604) 510-5225,"5950 200 St, Langley, BC V3A 1N3, Canada",4.1,184,https://langcity.ca/,real,https://maps.google.com/?cid=17338552069376816118&g_mp=Cidnb29nbGUubWFwcy5wbGFjZXMudjEuUGxhY2VzLlNlYXJjaFRleHQQAhgEIAA,yes,yes,https://langcity.ca/,yes,,107,811,,48
Sardaar G Automotive Ltd.,auto repair shop,Langley BC,(778) 694-0876,"20445 62 Ave Unit 201, Langley, BC V3A 5E6, Canada",4.7,131,https://www.sardaargautomotive.com/,real,https://maps.google.com/?cid=2090338541056868549&g_mp=Cidnb29nbGUubWFwcy5wbGFjZXMudjEuUGxhY2VzLlNlYXJjaFRleHQQAhgEIAA,http_404,yes,https://www.sardaargautomotive.com/,yes,,2,200,builder_wix,48
Coquitlam Express Auto Body,auto repair shop,Coquitlam BC,(778) 398-1777,"930 Tupper Ave Unit 4, Coquitlam, BC V3K 1A5, Canada",4.6,185,http://coquitlamexpressautobody.com/,real,https://maps.google.com/?cid=10816851819226731553&g_mp=Cidnb29nbGUubWFwcy5wbGFjZXMudjEuUGxhY2VzLlNlYXJjaFRleHQQAhgEIAA,yes,yes,https://www.nealcaine.com/,yes,,349,3888,,48
Intune Auto Repairs Ltd,auto repair shop,Coquitlam BC,(604) 554-0142,"1865 McLean Ave, Port Coquitlam, BC V3C 1N1, Canada",4.8,134,http://www.intuneautorepairs.com/,real,https://maps.google.com/?cid=3459662365111705237&g_mp=Cidnb29nbGUubWFwcy5wbGFjZXMudjEuUGxhY2VzLlNlYXJjaFRleHQQAhgEIAA,yes,yes,https://www.intuneautorepairs.com/,yes,,646,403,builder_wix,48
Lex Auto Solutions,auto repair shop,Richmond BC,(604) 303-9020,"11220 Voyageur Way #5, Richmond, BC V6X 3E1, Canada",4.8,88,http://www.lexauto.org/,real,https://maps.google.com/?cid=9051419445342178166&g_mp=Cidnb29nbGUubWFwcy5wbGFjZXMudjEuUGxhY2VzLlNlYXJjaFRleHQQAhgEIAA,yes,yes,https://lexauto.org/,yes,2021,138,8757,stale_copyright_2021;slow_load,48
Automind Richmond,auto repair shop,Richmond BC,(604) 244-0092,"12260 Vulcan Wy, Richmond, BC V6V 1J8, Canada",4.5,187,http://automindrichmond.ca/,real,https://maps.google.com/?cid=5970371646519336050&g_mp=Cidnb29nbGUubWFwcy5wbGFjZXMudjEuUGxhY2VzLlNlYXJjaFRleHQQAhgEIAA,yes,yes,https://www.automindrichmond.ca/,yes,,258,1160,,48
North Fraser Automotive Repair LTD,auto repair shop,Maple Ridge BC,(604) 463-9816,"11740 223 St, Maple Ridge, BC V2X 5X7, Canada",4.6,87,http://www.northfraserauto.com/,real,https://maps.google.com/?cid=2001952183122000464&g_mp=Cidnb29nbGUubWFwcy5wbGFjZXMudjEuUGxhY2VzLlNlYXJjaFRleHQQAhgEIAA,yes,no,http://www.northfraserauto.com/,yes,,25,203,no_ssl;builder_weebly,48
Scandia Motors,auto repair shop,Maple Ridge BC,(604) 467-4817,"20726 Lougheed Hwy, Maple Ridge, BC V2X 2R1, Canada",5,135,https://www.scandiamotors.ca/,real,https://maps.google.com/?cid=821139166303669047&g_mp=Cidnb29nbGUubWFwcy5wbGFjZXMudjEuUGxhY2VzLlNlYXJjaFRleHQQAhgEIAA,yes,yes,https://www.scandiamotors.ca/,yes,2015,43,1921,stale_copyright_2015,48
Kirmac Collision & Autoglass,auto repair shop,Maple Ridge BC,(604) 466-6066,"22814 Dewdney Trunk Rd, Maple Ridge, BC V2X 7Y3, Canada",4.8,183,https://kirmac.com/locations/maple-ridge/,real,https://maps.google.com/?cid=18150313687125228630&g_mp=Cidnb29nbGUubWFwcy5wbGFjZXMudjEuUGxhY2VzLlNlYXJjaFRleHQQAhgEIAA,yes,yes,https://kirmac.com/locations/maple-ridge/,yes,2026,43,1494,,48
Expert Plumber Surrey,plumber,Surrey BC,(604) 337-5393,"10065 129 St Unit B, Surrey, BC V3T 3G6, Canada",4.7,72,https://www.plumbingsurreybc.com/,real,https://maps.google.com/?cid=1106200594915152274&g_mp=Cidnb29nbGUubWFwcy5wbGFjZXMudjEuUGxhY2VzLlNlYXJjaFRleHQQAhgEIAA,yes,yes,https://www.plumbingsurreybc.com/,yes,,216,377,,47
AP Plumbing and Heating Ltd,plumber,Surrey BC,(778) 245-9477,"12421 95a Ave, Surrey, BC V3V 1R2, Canada",4.8,70,http://www.applumbingandheating.ca/,real,https://maps.google.com/?cid=5543189754305539399&g_mp=Cidnb29nbGUubWFwcy5wbGFjZXMudjEuUGxhY2VzLlNlYXJjaFRleHQQAhgEIAA,yes,yes,https://applumbingandheating.ca/,yes,,164,2584,,47
Real Deal Plumbing & Drainage,plumber,Langley BC,(604) 671-7039,"22224 48 Ave, Langley, BC V3A 3N9, Canada",5,77,https://realdealplumbing.ca/,real,https://maps.google.com/?cid=16011624795658824097&g_mp=Cidnb29nbGUubWFwcy5wbGFjZXMudjEuUGxhY2VzLlNlYXJjaFRleHQQAhgEIAA,yes,yes,https://realdealplumbing.ca/,yes,2026,160,3293,,47
POCO Plumbing and Heating ltd.,plumber,Coquitlam BC,(778) 835-8280,"1527 Eastern Dr, Port Coquitlam, BC V3C 2S5, Canada",4.9,25,http://pocoplumbingandheating.com/,real,https://maps.google.com/?cid=5769113879496063273&g_mp=Cidnb29nbGUubWFwcy5wbGFjZXMudjEuUGxhY2VzLlNlYXJjaFRleHQQAhgEIAA,yes,yes,https://pocoplumbingandheating.com/,yes,2019,187,196,stale_copyright_2019,47
"Gregori Plumbing, Heating & Air Conditioning Ltd",plumber,Coquitlam BC,(778) 814-2636,"2878 Norman Ave, Coquitlam, BC V3C 2L8, Canada",5,70,http://www.gregoriplumbing.ca/,real,https://maps.google.com/?cid=17928520860342053257&g_mp=Cidnb29nbGUubWFwcy5wbGFjZXMudjEuUGxhY2VzLlNlYXJjaFRleHQQAhgEIAA,yes,yes,https://www.gregoriplumbing.ca/,yes,,434,615,,47
Mainland Plumbing & Heating Ltd.,plumber,Coquitlam BC,(604) 553-4292,"145 Schoolhouse St #34, Coquitlam, BC V3K 4X8, Canada",4.6,75,https://www.plumbingvancouver.com/,real,https://maps.google.com/?cid=16745971325800705245&g_mp=Cidnb29nbGUubWFwcy5wbGFjZXMudjEuUGxhY2VzLlNlYXJjaFRleHQQAhgEIAA,yes,yes,https://plumbingvancouver.com/,yes,2025,152,893,,47
Alba Plumbing and Heating,plumber,Coquitlam BC,(604) 942-4510,"1155 Dufferin St #302, Coquitlam, BC V3B 7K2, Canada",4.8,24,http://www.albaph.com/,real,https://maps.google.com/?cid=15795977090004680066&g_mp=Cidnb29nbGUubWFwcy5wbGFjZXMudjEuUGxhY2VzLlNlYXJjaFRleHQQAhgEIAA,http_404,yes,https://www.albaph.com/,yes,,2,301,builder_wix,47
Wonderflow Plumbing Solutions,plumber,Coquitlam BC,(604) 719-2454,"1266 Ricard Pl, Port Coquitlam, BC V3C 5H3, Canada",4.8,79,https://wonderflowplumbing.com/,real,https://maps.google.com/?cid=4415808967774094211&g_mp=Cidnb29nbGUubWFwcy5wbGFjZXMudjEuUGxhY2VzLlNlYXJjaFRleHQQAhgEIAA,yes,yes,https://wonderflowplumbing.com/,yes,,177,137,,47
HoneyCrisp Plumbing and Heating Ltd.,plumber,Richmond BC,(604) 618-4786,"9151 Chapmond Crescent, Richmond, BC V7E 1M6, Canada",4.9,29,http://www.honeycrispltd.ca/,real,https://maps.google.com/?cid=15655823405984303569&g_mp=Cidnb29nbGUubWFwcy5wbGFjZXMudjEuUGxhY2VzLlNlYXJjaFRleHQQAhgEIAA,yes,yes,https://www.honeycrispltd.ca/,yes,2025,534,322,builder_wix,47
Mr. Plunger Plumbing and Drainage,plumber,Delta BC,(604) 870-1442,"11410 89 Ave, Delta, BC V4C 3G3, Canada",5,72,https://mrplunger.ca/,real,https://maps.google.com/?cid=11100625398134976750&g_mp=Cidnb29nbGUubWFwcy5wbGFjZXMudjEuUGxhY2VzLlNlYXJjaFRleHQQAhgEIAA,yes,yes,https://mrplunger.ca/,yes,,269,359,,47
Brayton Plumbing Ltd.,plumber,Delta BC,(604) 200-1851,"1428 56 St #408, Delta, BC V4L 2A7, Canada",4.8,25,http://braytonplumbing.ca/,real,https://maps.google.com/?cid=10905176930084053118&g_mp=Cidnb29nbGUubWFwcy5wbGFjZXMudjEuUGxhY2VzLlNlYXJjaFRleHQQAhgEIAA,yes,yes,https://www.braytonplumbing.ca/,yes,,739,566,builder_wix,47
Pipes Plumbing Inc.,plumber,North Vancouver BC,(604) 506-5359,"2944 Dresden Way, North Vancouver, BC V7H 1P6, Canada",5,26,https://pipesplumbinginc.ca/,real,https://maps.google.com/?cid=4250096378608827589&g_mp=Cidnb29nbGUubWFwcy5wbGFjZXMudjEuUGxhY2VzLlNlYXJjaFRleHQQAhgEIAA,yes,yes,https://pipesplumbinginc.ca/,yes,2012,119,267,stale_copyright_2012,47
Reactive Plumbing & Heating,plumber,North Vancouver BC,(778) 682-6964,"1795 Rufus Dr, North Vancouver, BC V7J 3L8, Canada",4.9,79,https://reactiveplumbing.ca/,real,https://maps.google.com/?cid=7801366032108940428&g_mp=Cidnb29nbGUubWFwcy5wbGFjZXMudjEuUGxhY2VzLlNlYXJjaFRleHQQAhgEIAA,yes,yes,https://reactiveplumbing.ca/,yes,,256,169,,47
"Northwind Heating, Cooling & Fireplace Showroom",hvac contractor,Surrey BC,(604) 265-9783,"14772 64 Ave #105, Surrey, BC V3S 1X7, Canada",4.7,70,https://www.northwindheating.com/?utm_source=google&utm_medium=organic&utm_campaign=gbp,real,https://maps.google.com/?cid=7531277483502896438&g_mp=Cidnb29nbGUubWFwcy5wbGFjZXMudjEuUGxhY2VzLlNlYXJjaFRleHQQAhgEIAA,yes,yes,https://northwindheating.com/?utm_source=google&utm_medium=organic&utm_campaign=gbp,yes,2025,94,1240,,47
Green Air Home Solution,hvac contractor,Langley BC,(604) 227-0595,"6851 Sellers Ave, Burnaby, BC V5J 4R2, Canada",4.9,70,https://greenairhomesolution.ca/?utm_source=google&utm_medium=organic&utm_campaign=gbp,real,https://maps.google.com/?cid=14014647487236313081&g_mp=Cidnb29nbGUubWFwcy5wbGFjZXMudjEuUGxhY2VzLlNlYXJjaFRleHQQAhgEIAA,yes,yes,https://greenairhomesolution.ca/?utm_source=google&utm_medium=organic&utm_campaign=gbp,yes,2026,307,3294,,47
Al's Home Comfort,hvac contractor,Langley BC,(604) 532-9097,"21770 Smith Crescent, Langley Twp, BC V2Y 1X9, Canada",4.2,21,https://www.alshomecomfort.ca/,real,https://maps.google.com/?cid=15376616913544459274&g_mp=Cidnb29nbGUubWFwcy5wbGFjZXMudjEuUGxhY2VzLlNlYXJjaFRleHQQAhgEIAA,yes,yes,https://www.alshomecomfort.ca/,yes,,465,472,builder_wix,47
AireEnergy,hvac contractor,Langley BC,(855) 847-7892,"13980 Maycrest Way #113, Richmond, BC V6V 3C2, Canada",4.8,76,http://www.aireenergy.com/,real,https://maps.google.com/?cid=10086049740798719995&g_mp=Cidnb29nbGUubWFwcy5wbGFjZXMudjEuUGxhY2VzLlNlYXJjaFRleHQQAhgEIAA,yes,yes,https://aireenergy.com/,yes,,161,1021,,47
Aquatech Vancouver Heating & Air Conditioning,hvac contractor,Burnaby BC,(778) 562-8195,"3191 Thunderbird Crescent #115, Burnaby, BC V5A 3G1, Canada",5,73,https://aquatechmechanical.ca/,real,https://maps.google.com/?cid=14269399813577562134&g_mp=Cidnb29nbGUubWFwcy5wbGFjZXMudjEuUGxhY2VzLlNlYXJjaFRleHQQAhgEIAA,yes,yes,https://aquatechmechanical.ca/,yes,,166,376,,47
Royal Pro Heating LTD,hvac contractor,Coquitlam BC,(604) 474-4700,"1743 Chalmers Ave, Port Coquitlam, BC V3B 2T3, Canada",4.9,78,http://royal-heating.com/,real,https://maps.google.com/?cid=15145506142043816255&g_mp=Cidnb29nbGUubWFwcy5wbGFjZXMudjEuUGxhY2VzLlNlYXJjaFRleHQQAhgEIAA,yes,yes,https://royal-heating.com/,yes,2026,132,70,,47
Tidal Mechanical,hvac contractor,Coquitlam BC,(604) 351-8380,"1325 Glenbrook St, Coquitlam, BC V3E 3G8, Canada",5,79,https://www.tidalmechanical.com/,real,https://maps.google.com/?cid=2717381544417112519&g_mp=Cidnb29nbGUubWFwcy5wbGFjZXMudjEuUGxhY2VzLlNlYXJjaFRleHQQAhgEIAA,yes,yes,https://tidalmechanical.com/,yes,,521,521,,47
Eco Expert HVAC: Heating and Air Conditioning,hvac contractor,Coquitlam BC,(604) 716-1847,"1789 Dorset Ave, Port Coquitlam, BC V3B 2A3, Canada",4.7,26,http://www.igniteflameservices.com/,real,https://maps.google.com/?cid=11112491750185229752&g_mp=Cidnb29nbGUubWFwcy5wbGFjZXMudjEuUGxhY2VzLlNlYXJjaFRleHQQAhgEIAA,yes,yes,https://www.igniteflameservices.com/,yes,,593,272,builder_wix,47
Star Heating and cooling Ltd,hvac contractor,Coquitlam BC,(604) 354-6122,"1623 Prairie Ave, Port Coquitlam, BC V3B 1T8, Canada",4.8,23,https://www.starheating.ca/,real,https://maps.google.com/?cid=4709100762241162362&g_mp=Cidnb29nbGUubWFwcy5wbGFjZXMudjEuUGxhY2VzLlNlYXJjaFRleHQQAhgEIAA,yes,yes,https://www.starheating.ca/,yes,2024,144,557,stale_copyright_2024,47
ComfortKnox Heating and Cooling,hvac contractor,Richmond BC,(604) 834-9975,"1239 W 67th Ave, Vancouver, BC V6P 2T2, Canada",5,28,https://comfortknox.ca/,real,https://maps.google.com/?cid=16180578011005087632&g_mp=Cidnb29nbGUubWFwcy5wbGFjZXMudjEuUGxhY2VzLlNlYXJjaFRleHQQAhgEIAA,yes,yes,https://comfortknox.ca/,yes,2023,82,2790,stale_copyright_2023,47
优康冷暖 UComfort,hvac contractor,Richmond BC,(236) 999-2222,"8623 Granville St #328, Vancouver, BC V6P 5A2, Canada",5,27,http://www.ucomfort.ca/,real,https://maps.google.com/?cid=1277363966563796553&g_mp=Cidnb29nbGUubWFwcy5wbGFjZXMudjEuUGxhY2VzLlNlYXJjaFRleHQQAhgEIAA,yes,yes,https://ucomfort.ca/,yes,2024,131,2946,stale_copyright_2024,47
Delta T Energy Services Ltd,hvac contractor,Delta BC,(604) 908-4328,"4930 59 St, Delta, BC V4K 3J7, Canada",4.7,24,http://www.deltatenergy.com/,real,https://maps.google.com/?cid=9777570780087730494&g_mp=Cidnb29nbGUubWFwcy5wbGFjZXMudjEuUGxhY2VzLlNlYXJjaFRleHQQAhgEIAA,yes,no,http://deltatenergy.com/,yes,2026,121,2773,no_ssl,47
Meadow Ridge Custom Heating,hvac contractor,Maple Ridge BC,(604) 463-0652,"9770 280 St, Maple Ridge, BC V2W 1L3, Canada",4.9,78,http://www.meadowridgecustomheating.com/,real,https://maps.google.com/?cid=5281273324323542821&g_mp=Cidnb29nbGUubWFwcy5wbGFjZXMudjEuUGxhY2VzLlNlYXJjaFRleHQQAhgEIAA,yes,yes,https://meadowridgecustomheating.com/,yes,2026,113,640,,47
Eaton's Furnace Heating & Air Conditioning HVAC,hvac contractor,Maple Ridge BC,(604) 243-6269,"22420 Dewdney Trunk Rd #300, Maple Ridge, BC V2X 3J5, Canada",5,77,https://www.eatonshomecare.com/location/maple-ridge-hvac-services,real,https://maps.google.com/?cid=3619065699871781779&g_mp=Cidnb29nbGUubWFwcy5wbGFjZXMudjEuUGxhY2VzLlNlYXJjaFRleHQQAhgEIAA,yes,yes,https://www.eatonshomecare.com/location/maple-ridge-hvac-services,yes,2026,53,735,,47
Davison Heating and Air Conditioning,hvac contractor,Maple Ridge BC,(604) 753-7890,"23697 128 Ave, Maple Ridge, BC V2X 0V7, Canada",4.8,24,http://davisonheating.ca/,real,https://maps.google.com/?cid=15238069155621417869&g_mp=Cidnb29nbGUubWFwcy5wbGFjZXMudjEuUGxhY2VzLlNlYXJjaFRleHQQAhgEIAA,yes,no,http://davisonheating.ca/,yes,2026,44,1697,no_ssl,47
ComfortKnox Heating and Cooling,hvac contractor,Maple Ridge BC,(604) 834-9975,"19054 80 Ave, Surrey, BC V4N 4J1, Canada",4.8,23,https://comfortknox.ca/,real,https://maps.google.com/?cid=1360481103761016194&g_mp=Cidnb29nbGUubWFwcy5wbGFjZXMudjEuUGxhY2VzLlNlYXJjaFRleHQQAhgEIAA,yes,yes,https://comfortknox.ca/,yes,2023,82,384,stale_copyright_2023,47
General Heating & Air Conditioning,hvac contractor,North Vancouver BC,(604) 352-9999,"2280 E Hastings St #212, Vancouver, BC V5L 1V4, Canada",4.4,76,https://generalheatingltd.com/,real,https://maps.google.com/?cid=4856397885622377958&g_mp=Cidnb29nbGUubWFwcy5wbGFjZXMudjEuUGxhY2VzLlNlYXJjaFRleHQQAhgEIAA,yes,yes,https://generalheatingltd.com/,yes,,6,711,,47
AS Electrical Ltd,electrician,Surrey BC,(604) 729-4700,"15068 86a Ave, Surrey, BC V3S 4V1, Canada",4.9,70,https://aselectricalltd.com/,real,https://maps.google.com/?cid=15372960200464048484&g_mp=Cidnb29nbGUubWFwcy5wbGFjZXMudjEuUGxhY2VzLlNlYXJjaFRleHQQAhgEIAA,yes,yes,https://aselectricalltd.com/,yes,2026,97,1521,,47
"West End Electric Ltd - Residential Electrical Work Contractor, Home Renovation Electrical Wiring Service in Surrey, BC",electrician,Surrey BC,(778) 237-0403,"1830 E Southmere Crois. #209, Surrey, BC V4A 9C2, Canada",4.8,25,http://westendelectricltd.ca/,real,https://maps.google.com/?cid=526163994854925831&g_mp=Cidnb29nbGUubWFwcy5wbGFjZXMudjEuUGxhY2VzLlNlYXJjaFRleHQQAhgEIAA,yes,yes,https://www.westendelectricltd.ca/,yes,,1115,1884,builder_wix,47
Zelionka Electrical Solutions Ltd.,electrician,Surrey BC,(604) 218-2151,"15213 Pacific Ave, White Rock, BC V4B 1P8, Canada",5,77,http://zelionkaelectricalsolutions.com/,real,https://maps.google.com/?cid=2876097063029870563&g_mp=Cidnb29nbGUubWFwcy5wbGFjZXMudjEuUGxhY2VzLlNlYXJjaFRleHQQAhgEIAA,yes,yes,https://www.zelionkaelectricalsolutions.com/,yes,,311,770,,47
Vaulted Electric,electrician,Langley BC,(604) 828-3299,"8258 207A St., Langley Twp, BC V2Y 0N4, Canada",4.8,71,https://vaultedelectric.com/,real,https://maps.google.com/?cid=5918091911912215275&g_mp=Cidnb29nbGUubWFwcy5wbGFjZXMudjEuUGxhY2VzLlNlYXJjaFRleHQQAhgEIAA,yes,yes,https://www.vaultedelectric.com/,yes,2026,203,538,,47
Lux Electric Group,electrician,Burnaby BC,(604) 369-3820,"4026 1st Ave, Burnaby, BC V5C 3W4, Canada",4.3,25,https://www.luxelectricgroup.ca/,real,https://maps.google.com/?cid=5573155790853428986&g_mp=Cidnb29nbGUubWFwcy5wbGFjZXMudjEuUGxhY2VzLlNlYXJjaFRleHQQAhgEIAA,yes,yes,https://www.luxelectricgroup.ca/,yes,,890,241,builder_wix,47
Re-Charge Electrical Solutions Inc.,electrician,Burnaby BC,(604) 337-6267,"3051 Underhill Ave #6, Burnaby, BC V5A 3C2, Canada",5,71,http://www.rechargelectrical.com/,real,https://maps.google.com/?cid=9338433500747910901&g_mp=Cidnb29nbGUubWFwcy5wbGFjZXMudjEuUGxhY2VzLlNlYXJjaFRleHQQAhgEIAA,yes,yes,https://www.rechargelectrical.com/,yes,,150,518,,47
Houle Electric (Head Office),electrician,Burnaby BC,(604) 434-2681,"5050 N Fraser Wy, Burnaby, BC V5J 0H1, Canada",4.1,70,https://www.houle.ca/,real,https://maps.google.com/?cid=4974898007224558899&g_mp=Cidnb29nbGUubWFwcy5wbGFjZXMudjEuUGxhY2VzLlNlYXJjaFRleHQQAhgEIAA,yes,yes,https://www.houle.ca/,yes,2026,134,106,,47
TJ Electric. Electrician Coquitlam,electrician,Coquitlam BC,(778) 561-4671,"3523 Oxford St, Port Coquitlam, BC V3B 4E3, Canada",5,29,http://tjelectrical.ca/,real,https://maps.google.com/?cid=11209965137512058183&g_mp=Cidnb29nbGUubWFwcy5wbGFjZXMudjEuUGxhY2VzLlNlYXJjaFRleHQQAhgEIAA,yes,yes,https://www.tjelectrical.ca/,yes,2026,392,6480,slow_load,47
Tesla Electrical Services LTD,electrician,Coquitlam BC,(604) 704-8040,"390 Montgomery St, Coquitlam, BC V3K 5G3, Canada",5,23,https://www.tslelectric.ca/,real,https://maps.google.com/?cid=3688843245960442978&g_mp=Cidnb29nbGUubWFwcy5wbGFjZXMudjEuUGxhY2VzLlNlYXJjaFRleHQQAhgEIAA,yes,yes,https://tslelectric.ca/,yes,2024,166,2663,stale_copyright_2024,47
Northside Electrical Services,electrician,Coquitlam BC,(778) 320-4773,"3452 Flint St, Port Coquitlam, BC V3B 4J5, Canada",4.8,24,http://www.northsideelectrical.ca/,real,https://maps.google.com/?cid=13400326692487153227&g_mp=Cidnb29nbGUubWFwcy5wbGFjZXMudjEuUGxhY2VzLlNlYXJjaFRleHQQAhgEIAA,yes,no,http://northsideelectrical.ca/,yes,,144,2708,no_ssl,47
Rigid Electric,electrician,Richmond BC,(604) 670-5431,"366 E 43rd Ave, Vancouver, BC V5W 1T3, Canada",5,29,http://rigidelectric.ca/,real,https://maps.google.com/?cid=18272945763132588644&g_mp=Cidnb29nbGUubWFwcy5wbGFjZXMudjEuUGxhY2VzLlNlYXJjaFRleHQQAhgEIAA,yes,yes,https://rigidelectric.ca/,yes,2024,431,490,stale_copyright_2024,47
Frank and Sons Electrical LTD,electrician,Richmond BC,(604) 428-6760,"1634 W 75th Ave, Vancouver, BC V6P 6G2, Canada",4.8,26,http://www.frankandsonselectric.com/,real,https://maps.google.com/?cid=5978764931611725537&g_mp=Cidnb29nbGUubWFwcy5wbGFjZXMudjEuUGxhY2VzLlNlYXJjaFRleHQQAhgEIAA,yes,yes,https://www.frankandsonselectric.com/,yes,,541,361,builder_wix,47
CF Electrical Services,electrician,Richmond BC,(778) 910-4772,"526 Clark Dr, Vancouver, BC V5L 3H7, Canada",4.9,77,https://cfelectrical.ca/,real,https://maps.google.com/?cid=10101799205054652825&g_mp=Cidnb29nbGUubWFwcy5wbGFjZXMudjEuUGxhY2VzLlNlYXJjaFRleHQQAhgEIAA,yes,yes,https://cfelectrical.ca/,yes,2026,124,133,,47
Fitz Electric LTD,electrician,Delta BC,(604) 690-1968,"1110 53a St, Delta, BC V4M 3E3, Canada",4.7,29,http://www.fitzelectric.ca/,real,https://maps.google.com/?cid=17345538758493141243&g_mp=Cidnb29nbGUubWFwcy5wbGFjZXMudjEuUGxhY2VzLlNlYXJjaFRleHQQAhgEIAA,yes,yes,https://www.fitzelectric.ca/,yes,,2610,472,builder_wix,47
Santec Electric Inc,electrician,Delta BC,(604) 685-7681,"1087 E Kent Avenue N, Vancouver, BC V5X 4W1, Canada",4.8,20,https://santecelectric.com/,real,https://maps.google.com/?cid=17485450114603086264&g_mp=Cidnb29nbGUubWFwcy5wbGFjZXMudjEuUGxhY2VzLlNlYXJjaFRleHQQAhgEIAA,yes,yes,https://santecelectric.com/,yes,2020,18,373,stale_copyright_2020,47
"Elpro Electric - Electrician, Electrical Service Upgrade, Complete Home Electrical Services",electrician,Maple Ridge BC,(604) 512-2207,"12193 Makinson St, Maple Ridge, BC V2X 9B3, Canada",4.9,70,http://www.elproelectric.ca/,real,https://maps.google.com/?cid=10267899799736228446&g_mp=Cidnb29nbGUubWFwcy5wbGFjZXMudjEuUGxhY2VzLlNlYXJjaFRleHQQAhgEIAA,yes,yes,https://elproelectric.ca/,yes,,132,1300,,47
Prowatt Electric Inc.,electrician,Maple Ridge BC,(604) 394-2064,"11062 240 St, Maple Ridge, BC V2W 1H7, Canada",5,25,http://www.prowattelectric.com/,real,https://maps.google.com/?cid=8530670928649140969&g_mp=Cidnb29nbGUubWFwcy5wbGFjZXMudjEuUGxhY2VzLlNlYXJjaFRleHQQAhgEIAA,yes,yes,https://prowattelectric.com/,yes,2021,146,686,stale_copyright_2021,47
Freeman Electric - Vancouver,electrician,North Vancouver BC,(604) 901-5075,"336 E 1st Ave #105, Vancouver, BC V5T 1A9, Canada",4.9,70,http://www.freemanelectric.ca/,real,https://maps.google.com/?cid=7541459265159944666&g_mp=Cidnb29nbGUubWFwcy5wbGFjZXMudjEuUGxhY2VzLlNlYXJjaFRleHQQAhgEIAA,yes,yes,https://freemanelectric.ca/,yes,2025,187,3093,,47
Zero plus electric,electrician,North Vancouver BC,(236) 877-1232,"1633 MacKay Ave, North Vancouver, BC V7P 0A2, Canada",4.8,22,https://www.zeropluselectric.com/,real,https://maps.google.com/?cid=378358641891858219&g_mp=Cidnb29nbGUubWFwcy5wbGFjZXMudjEuUGxhY2VzLlNlYXJjaFRleHQQAhgEIAA,yes,yes,https://www.zeropluselectric.com/,yes,2024,153,718,stale_copyright_2024,47
Canadast RepairHall,electrician,North Vancouver BC,(778) 990-4411,"122 E 14th St #203, North Vancouver, BC V7L 2N3, Canada",4.9,22,https://repairhall.canadast.com/,real,https://maps.google.com/?cid=14092777659358148068&g_mp=Cidnb29nbGUubWFwcy5wbGFjZXMudjEuUGxhY2VzLlNlYXJjaFRleHQQAhgEIAA,dead,no,,no,,,,unreachable_ENOTFOUND,47
Brighter Electric Ltd.,electrician,North Vancouver BC,(604) 773-1642,"923 Brooksbank Ave, North Vancouver, BC V7L 4H6, Canada",5,21,https://brighterelectricltd.com/,real,https://maps.google.com/?cid=4329253142628919458&g_mp=Cidnb29nbGUubWFwcy5wbGFjZXMudjEuUGxhY2VzLlNlYXJjaFRleHQQAhgEIAA,yes,yes,https://brighterelectricltd.com/,yes,2023,100,149,stale_copyright_2023,47
EZ-EV,electrician,North Vancouver BC,(604) 366-1166,"901 3rd St W #346, North Vancouver, BC V7P 3P9, Canada",5,21,https://ez-ev.ca/,real,https://maps.google.com/?cid=2944845176716817790&g_mp=Cidnb29nbGUubWFwcy5wbGFjZXMudjEuUGxhY2VzLlNlYXJjaFRleHQQAhgEIAA,dead,no,,no,,,,unreachable_ENOTFOUND,47
Fast Wheels Auto Repair | Mechanic Shop,auto repair shop,Burnaby BC,(604) 441-1357,"6869 Canada Wy, Burnaby, BC V5E 1L9, Canada",4.7,172,https://fastwheelsautorepair.ca/,real,https://maps.google.com/?cid=1701105244597997581&g_mp=Cidnb29nbGUubWFwcy5wbGFjZXMudjEuUGxhY2VzLlNlYXJjaFRleHQQAhgEIAA,yes,yes,https://fastwheelsautorepair.ca/,yes,2026,263,1875,,47
Velocity Auto Works,auto repair shop,Burnaby BC,(604) 298-6436,"4511 Dawson St, Burnaby, BC V5C 5T8, Canada",4.9,124,https://velocityautoworks.replit.app/,real,https://maps.google.com/?cid=11977151695839365706&g_mp=Cidnb29nbGUubWFwcy5wbGFjZXMudjEuUGxhY2VzLlNlYXJjaFRleHQQAhgEIAA,http_404,yes,https://velocityautoworks.replit.app/,no,,7,193,not_mobile_ready,47
Pitt River Auto Service Ltd,auto repair shop,Coquitlam BC,(604) 472-0066,"1971 McLean Ave #3, Port Coquitlam, BC V3C 1N1, Canada",4.6,123,http://www.pittriverauto.ca/,real,https://maps.google.com/?cid=11431960511652782821&g_mp=Cidnb29nbGUubWFwcy5wbGFjZXMudjEuUGxhY2VzLlNlYXJjaFRleHQQAhgEIAA,yes,yes,https://www.pittriverauto.ca/,yes,,490,363,builder_wix,47
Werner's Auto Klinik,auto repair shop,Delta BC,(604) 946-1711,"7157 Honeyman St #6, Delta, BC V4G 1E2, Canada",4.9,76,http://wernersautoklinik.com/contact.html,real,https://maps.google.com/?cid=16370982610745160027&g_mp=Cidnb29nbGUubWFwcy5wbGFjZXMudjEuUGxhY2VzLlNlYXJjaFRleHQQAhgEIAA,yes,no,http://wernersautoklinik.com/contact.html,no,,2,679,not_mobile_ready;no_ssl,47
Sterling Auto Body,auto repair shop,Delta BC,(604) 946-1722,"4908 Elliott St, Delta, BC V4K 2Y1, Canada",4.9,70,http://www.sterlingautobodyladner.com/,real,https://maps.google.com/?cid=123251984087408857&g_mp=Cidnb29nbGUubWFwcy5wbGFjZXMudjEuUGxhY2VzLlNlYXJjaFRleHQQAhgEIAA,yes,no,http://www.sterlingautobodyladner.com/,yes,,21,255,no_ssl;builder_weebly,47
Start Automotive Inc.,auto repair shop,Maple Ridge BC,(604) 467-2944,"11876 227 St, Maple Ridge, BC V2X 6J1, Canada",4.1,123,http://www.startautomotive.ca/,real,https://maps.google.com/?cid=15979184278693700807&g_mp=Cidnb29nbGUubWFwcy5wbGFjZXMudjEuUGxhY2VzLlNlYXJjaFRleHQQAhgEIAA,yes,no,http://www.startautomotive.ca/,yes,,81,1469,no_ssl,47
P. Larsen Auto Service,auto repair shop,North Vancouver BC,(604) 987-7311,"1441 Rupert St, North Vancouver, BC V7J 1G1, Canada",4.9,78,http://larsenauto.ca/,real,https://maps.google.com/?cid=2112519863876104480&g_mp=Cidnb29nbGUubWFwcy5wbGFjZXMudjEuUGxhY2VzLlNlYXJjaFRleHQQAhgEIAA,yes,no,http://larsenauto.ca/,no,,8,293,not_mobile_ready;no_ssl,47
Milano Works Auto Repair North Vancouver,auto repair shop,North Vancouver BC,(604) 354-6062,"1422 Crown St, North Vancouver, BC V7J 1G5, Canada",4.9,73,http://www.milanoworks.ca/,real,https://maps.google.com/?cid=14400037329345343203&g_mp=Cidnb29nbGUubWFwcy5wbGFjZXMudjEuUGxhY2VzLlNlYXJjaFRleHQQAhgEIAA,yes,yes,https://www.milanoworks.ca/,yes,2021,423,332,stale_copyright_2021;builder_wix,47
Montalbano Plumbing Services Ltd.,plumber,Burnaby BC,(604) 444-0222,"6946 Hastings St, Burnaby, BC V5B 1T1, Canada",4.1,23,http://montalbano.ca/,real,https://maps.google.com/?cid=11697720195238703184&g_mp=Cidnb29nbGUubWFwcy5wbGFjZXMudjEuUGxhY2VzLlNlYXJjaFRleHQQAhgEIAA,ssl_error,no,,no,,,,broken_ssl,47
Easy Fix Plumbing & Heating,plumber,Delta BC,(778) 891-3472,"11252 87a Ave, Delta, BC V4C 3A6, Canada",5,70,https://easyfixplumbing.com/,real,https://maps.google.com/?cid=6970403374490654505&g_mp=Cidnb29nbGUubWFwcy5wbGFjZXMudjEuUGxhY2VzLlNlYXJjaFRleHQQAhgEIAA,yes,yes,https://easyfixplumbing.com/,yes,,54,1148,,47
Airstream Heating & Air Conditioning Inc.,hvac contractor,Burnaby BC,(604) 436-0099,"7224 Curragh Ave, Burnaby, BC V5J 4V9, Canada",4.4,25,https://www.airstreamheating.com/,real,https://maps.google.com/?cid=4330528935847569584&g_mp=Cidnb29nbGUubWFwcy5wbGFjZXMudjEuUGxhY2VzLlNlYXJjaFRleHQQAhgEIAA,yes,yes,https://www.airstreamheating.com/,yes,,1206,261,builder_wix,47
Just Mechanical Ltd,hvac contractor,Burnaby BC,(604) 291-0090,"6200 Darnley St #108, Burnaby, BC V5B 3B1, Canada",4.4,21,http://justmechanical.com/,real,https://maps.google.com/?cid=9192069627762242078&g_mp=Cidnb29nbGUubWFwcy5wbGFjZXMudjEuUGxhY2VzLlNlYXJjaFRleHQQAhgEIAA,yes,yes,https://justmechanical.com/,yes,,172,928,builder_web,47
Novawest Electrical Services Ltd,electrician,Coquitlam BC,(778) 397-0805,"1515 Broadway St #101, Port Coquitlam, BC V3C 6P6, Canada",4.7,27,http://www.novawestelectrical.ca/,real,https://maps.google.com/?cid=10814545067299516177&g_mp=Cidnb29nbGUubWFwcy5wbGFjZXMudjEuUGxhY2VzLlNlYXJjaFRleHQQAhgEIAA,yes,yes,https://www.novawestelectrical.ca/,yes,,438,216,builder_wix,47
City Electric Supply Richmond,electrician,Richmond BC,(604) 303-8855,"3840 Jacombs Rd #107, Richmond, BC V6V 1Y6, Canada",4.6,71,https://www.cityelectricsupply.ca/branches/bc/richmond/richmond,real,https://maps.google.com/?cid=18337397865887098506&g_mp=Cidnb29nbGUubWFwcy5wbGFjZXMudjEuUGxhY2VzLlNlYXJjaFRleHQQAhgEIAA,yes,yes,https://www.cityelectricsupply.ca/branches/bc/richmond/richmond,yes,2026,193,621,,47
B.C. Brick Supplies Ltd.,landscaping company,Richmond BC,(604) 270-1947,"3100 No 5 Rd, Richmond, BC V6X 2T5, Canada",4.5,171,https://www.bcbrick.com/?utm_source=GMB&utm_medium=website&utm_campaign=gmb,real,https://maps.google.com/?cid=16732942698691129899&g_mp=Cidnb29nbGUubWFwcy5wbGFjZXMudjEuUGxhY2VzLlNlYXJjaFRleHQQAhgEIAA,yes,yes,https://www.bcbrick.com/?utm_source=GMB&utm_medium=website&utm_campaign=gmb,yes,,125,486,,47
Crescent Plumbing Heating & Drainage,plumber,Surrey BC,(778) 862-0560,"9655 Salal Pl, Surrey, BC V3T 3Z7, Canada",5,69,http://crescentplumbing.ca/,real,https://maps.google.com/?cid=12813622247808847607&g_mp=Cidnb29nbGUubWFwcy5wbGFjZXMudjEuUGxhY2VzLlNlYXJjaFRleHQQAhgEIAA,yes,yes,https://crescentplumbing.ca/,yes,,294,875,,46
Rahelu Plumbing & Heating,plumber,Surrey BC,(604) 597-0004,"8299 129 St Unit 111, Surrey, BC V3W 0A6, Canada",4,68,https://rahelu.ca/,real,https://maps.google.com/?cid=1859417902898929776&g_mp=Cidnb29nbGUubWFwcy5wbGFjZXMudjEuUGxhY2VzLlNlYXJjaFRleHQQAhgEIAA,yes,yes,https://rahelu.ca/,yes,,114,2569,,46
Plumbing,plumber,Surrey BC,(778) 228-9600,"15175 73b Ave, Surrey, BC V3S 8B7, Canada",4.8,16,http://www.plumbingprosbc.com/,real,https://maps.google.com/?cid=10235696323367284985&g_mp=Cidnb29nbGUubWFwcy5wbGFjZXMudjEuUGxhY2VzLlNlYXJjaFRleHQQAhgEIAA,http_409,no,http://www.plumbingprosbc.com/,yes,,6,75,no_ssl,46
Langley Plumbing Company,plumber,Langley BC,(778) 800-2732,"20420 Douglas Cres #206, Langley, BC V3A 4B6, Canada",4.2,19,https://www.langleyplumbingcompany.com/,real,https://maps.google.com/?cid=7168503368512397434&g_mp=Cidnb29nbGUubWFwcy5wbGFjZXMudjEuUGxhY2VzLlNlYXJjaFRleHQQAhgEIAA,yes,yes,https://www.langleyplumbingcompany.com/,no,,0,108,not_mobile_ready,46
KPM Plumbing & Heating LTD,plumber,Burnaby BC,(778) 707-7946,"3731Elmwood st, Burnaby, BC V5G 1R8, Canada",4.9,65,http://kpmservicegroup.ca/,real,https://maps.google.com/?cid=14337470926149344455&g_mp=Cidnb29nbGUubWFwcy5wbGFjZXMudjEuUGxhY2VzLlNlYXJjaFRleHQQAhgEIAA,yes,yes,https://www.kpmservicegroup.ca/,yes,,7,550,,46
City Boys Plumbing & Heating LTD,plumber,Burnaby BC,(778) 558-8049,"7220 Edmonds St #3, Burnaby, BC V3N 4T9, Canada",5,18,http://www.cityboysplumbing.ca/,real,https://maps.google.com/?cid=15583178708651995654&g_mp=Cidnb29nbGUubWFwcy5wbGFjZXMudjEuUGxhY2VzLlNlYXJjaFRleHQQAhgEIAA,yes,yes,https://www.cityboysplumbing.ca/,yes,,1105,2030,builder_wix,46
ATA Plumbing & Drain Cleaning,plumber,Coquitlam BC,(604) 992-2662,"2939 Cord Ave, Coquitlam, BC V3B 6X5, Canada",4.7,69,http://www.ataplumbing.ca/,real,https://maps.google.com/?cid=1317573701188508621&g_mp=Cidnb29nbGUubWFwcy5wbGFjZXMudjEuUGxhY2VzLlNlYXJjaFRleHQQAhgEIAA,yes,yes,https://www.ataplumbing.ca/,yes,2026,84,298,,46
Flex Plumbing,plumber,Richmond BC,(236) 235-0083,"7362 Elmbridge Way Unit 1006, Richmond, BC V6X 0A6, Canada",5,67,https://www.flex-plumbing.ca/,real,https://maps.google.com/?cid=7916629230329177275&g_mp=Cidnb29nbGUubWFwcy5wbGFjZXMudjEuUGxhY2VzLlNlYXJjaFRleHQQAhgEIAA,yes,yes,https://www.flex-plumbing.ca/,yes,2026,137,687,,46
BlueTap Plumbing &Heating,plumber,North Vancouver BC,(778) 242-4440,"1500 Fern St, North Vancouver, BC V7J 0E6, Canada",4.9,64,https://bluetap.ca/,real,https://maps.google.com/?cid=9776912823254514672&g_mp=Cidnb29nbGUubWFwcy5wbGFjZXMudjEuUGxhY2VzLlNlYXJjaFRleHQQAhgEIAA,http_403,yes,https://bluetap.ca/,yes,,5,139,,46
Rocky Mountain Rooter Plumbing & Heating,plumber,North Vancouver BC,(604) 908-9887,"219 MacKay Rd #158, North Vancouver, BC V7P 3N6, Canada",4.7,15,http://rockymountainrooter.ca/,real,https://maps.google.com/?cid=15333083540420678968&g_mp=Cidnb29nbGUubWFwcy5wbGFjZXMudjEuUGxhY2VzLlNlYXJjaFRleHQQAhgEIAA,yes,yes,https://www.rockymountainrooter.ca/,yes,,766,612,builder_wix,46
Comfortpro Heat & AC,hvac contractor,Surrey BC,(778) 636-6001,"9592 162 St, Surrey, BC V4N 2B6, Canada",4.9,18,https://comfortprohvac.ca/,real,https://maps.google.com/?cid=186112045234848703&g_mp=Cidnb29nbGUubWFwcy5wbGFjZXMudjEuUGxhY2VzLlNlYXJjaFRleHQQAhgEIAA,yes,yes,https://comfortprohvac.ca/,yes,2024,398,1540,stale_copyright_2024,46
The Cool Guys,hvac contractor,Surrey BC,(604) 306-2419,"15268 100 Ave, Surrey, BC V3R 7T9, Canada",4.9,65,http://www.thecoolguys.ca/,real,https://maps.google.com/?cid=3141142824605592062&g_mp=Cidnb29nbGUubWFwcy5wbGFjZXMudjEuUGxhY2VzLlNlYXJjaFRleHQQAhgEIAA,yes,yes,https://thecoolguys.ca/,yes,2025,398,3345,,46
Pro-West Refrigeration Ltd.,hvac contractor,Langley BC,(866) 513-2511,"19840B 96 Ave Unit 2, Langley Twp, BC V1M 3B9, Canada",4.8,16,http://www.pro-west.ca/,real,https://maps.google.com/?cid=6333205812782658382&g_mp=Cidnb29nbGUubWFwcy5wbGFjZXMudjEuUGxhY2VzLlNlYXJjaFRleHQQAhgEIAA,yes,yes,https://www.pro-west.ca/,yes,2022,196,426,stale_copyright_2022,46
Mountain Ridge Heating and Gas,hvac contractor,Maple Ridge BC,(604) 808-8311,"12960 Lilley Dr, Maple Ridge, BC V2W 0G6, Canada",4.9,61,http://www.mountainridgeheating.com/,real,https://maps.google.com/?cid=9663447912973663665&g_mp=Cidnb29nbGUubWFwcy5wbGFjZXMudjEuUGxhY2VzLlNlYXJjaFRleHQQAhgEIAA,yes,yes,https://www.mountainridgeheating.com/,yes,,57,194,,46
A&R Electric Ltd.,electrician,Surrey BC,(604) 597-7088,"7889 132 St #311, Surrey, BC V3W 4N2, Canada",5,18,https://www.ar-electrical.ca/,real,https://maps.google.com/?cid=5436830653839402713&g_mp=Cidnb29nbGUubWFwcy5wbGFjZXMudjEuUGxhY2VzLlNlYXJjaFRleHQQAhgEIAA,yes,yes,https://www.arelectricltd.com/,yes,,917,476,builder_wix,46
Landmark Electrical,electrician,Surrey BC,(604) 243-3134,"1959 152 St #130, Surrey, BC V4A 0C4, Canada",5,67,https://landmarkelectrical.ca/,real,https://maps.google.com/?cid=6537472398260128007&g_mp=Cidnb29nbGUubWFwcy5wbGFjZXMudjEuUGxhY2VzLlNlYXJjaFRleHQQAhgEIAA,yes,yes,https://landmarkelectrical.ca/,yes,2026,183,106,,46
Meganet Electric,electrician,Langley BC,(604) 791-1473,"209 St, Langley Twp, BC V2Y 1T6, Canada",5,16,https://meganetelectric.ca/,real,https://maps.google.com/?cid=9950565940000095468&g_mp=Cidnb29nbGUubWFwcy5wbGFjZXMudjEuUGxhY2VzLlNlYXJjaFRleHQQAhgEIAA,yes,yes,https://meganetelectric.ca/,yes,2024,301,482,stale_copyright_2024,46
Lougheed Electric - Electrical Contractors Vancouver,electrician,Burnaby BC,(778) 939-9970,"3970 Carrigan Ct, Burnaby, BC V3N 4J1, Canada",5,19,https://www.lougheedelectric.com/,real,https://maps.google.com/?cid=11189724095823868542&g_mp=Cidnb29nbGUubWFwcy5wbGFjZXMudjEuUGxhY2VzLlNlYXJjaFRleHQQAhgEIAA,yes,yes,https://www.lougheedelectric.com/,no,,689,3956,not_mobile_ready,46
High Mark Electrical,electrician,Coquitlam BC,(604) 945-8060,"1515 Broadway St Unit 110, Port Coquitlam, BC V3C 6P6, Canada",4.6,69,http://www.highmarkelectrical.com/,real,https://maps.google.com/?cid=15284795270070774758&g_mp=Cidnb29nbGUubWFwcy5wbGFjZXMudjEuUGxhY2VzLlNlYXJjaFRleHQQAhgEIAA,yes,yes,https://highmarkelectrical.com/,yes,,122,1121,,46
Ampereus Electrical,electrician,Richmond BC,(604) 704-0701,"8491 Cook Rd Unit 20, Richmond, BC V6Y 1V6, Canada",5,62,https://www.ampereus.ca/,real,https://maps.google.com/?cid=14874429995922267144&g_mp=Cidnb29nbGUubWFwcy5wbGFjZXMudjEuUGxhY2VzLlNlYXJjaFRleHQQAhgEIAA,yes,yes,https://ampereus.ca/,yes,2026,137,238,,46
JMEC Electric Ltd.,electrician,Richmond BC,(778) 892-8769,"186, 8120 No 2 Rd #340, Richmond, BC V7C 5J8, Canada",4.9,68,http://jmec.ca/?utm_source=gmb&utm_medium=referral,real,https://maps.google.com/?cid=796443067529199180&g_mp=Cidnb29nbGUubWFwcy5wbGFjZXMudjEuUGxhY2VzLlNlYXJjaFRleHQQAhgEIAA,yes,yes,https://jmec.ca/?utm_source=gmb&utm_medium=referral,yes,,156,393,,46
Nightingale Electrical Ltd,electrician,Richmond BC,(604) 275-0500,"11121 Horseshoe Wy Unit 143, Richmond, BC V7A 5G7, Canada",4.2,60,http://www.nightelect.com/,real,https://maps.google.com/?cid=15471531923313377951&g_mp=Cidnb29nbGUubWFwcy5wbGFjZXMudjEuUGxhY2VzLlNlYXJjaFRleHQQAhgEIAA,yes,yes,https://www.nightelect.com/,yes,2026,80,678,,46
Hall Electrical Ltd.,electrician,Richmond BC,(604) 836-0181,"2055 Commercial Dr #120, Vancouver, BC V5N 0C7, Canada",4.5,63,http://hallelectrical.ca/,real,https://maps.google.com/?cid=2736716755350030812&g_mp=Cidnb29nbGUubWFwcy5wbGFjZXMudjEuUGxhY2VzLlNlYXJjaFRleHQQAhgEIAA,yes,yes,https://www.hallelectrical.ca/,yes,2026,86,350,,46
Expert Electric,electrician,Maple Ridge BC,(604) 465-9560,"24384 102a Ave, Maple Ridge, BC V2W 2E3, Canada",4.8,68,https://www.expertelectric.ca/,real,https://maps.google.com/?cid=447970858690120577&g_mp=Cidnb29nbGUubWFwcy5wbGFjZXMudjEuUGxhY2VzLlNlYXJjaFRleHQQAhgEIAA,http_500,yes,https://www.expertelectric.ca/,yes,,2,1434,,46
"Pirouz Electric Ltd - Best Electrician, Electrical Contractor Services",electrician,North Vancouver BC,(604) 765-3329,"2391 Berkley Ave #2391, North Vancouver, BC V7H 1Z6, Canada",4.3,16,http://www.pirouzelectric.com/?utm_source=google&utm_medium=wix_google_business_profile&utm_campaign=17710995550484104946,real,https://maps.google.com/?cid=9480006779440569367&g_mp=Cidnb29nbGUubWFwcy5wbGFjZXMudjEuUGxhY2VzLlNlYXJjaFRleHQQAhgEIAA,yes,yes,https://www.pirouzelectric.com/?utm_source=google&utm_medium=wix_google_business_profile&utm_campaign=17710995550484104946,yes,,870,1894,builder_wix,46
Green Bamboo Landscaping,landscaping company,Surrey BC,(778) 960-6884,"6200 Kalamalka Crescent #201, Richmond, BC V7C 2R5, Canada",4.9,115,http://www.greenbamboolandscaping.com/,real,https://maps.google.com/?cid=1148865919214012274&g_mp=Cidnb29nbGUubWFwcy5wbGFjZXMudjEuUGxhY2VzLlNlYXJjaFRleHQQAhgEIAA,yes,yes,https://www.greenbamboolandscaping.com/,yes,,503,534,builder_wix,46
Newton Pest Control,pest control,Surrey BC,(604) 862-1414,"12263 72a Ave, Surrey, BC V3W 9J2, Canada",4.9,163,https://newtonpestcontrol.ca/,real,https://maps.google.com/?cid=16992140141085809431&g_mp=Cidnb29nbGUubWFwcy5wbGFjZXMudjEuUGxhY2VzLlNlYXJjaFRleHQQAhgEIAA,yes,yes,https://www.newtonpestcontrol.ca/,yes,,82,2409,,46
Express Pest Canada - Delta / Richmond,pest control,Surrey BC,(604) 499-6530,"7810 118 St, Delta, BC V4C 6G9, Canada",5,60,http://www.expresspestcontrol.ca/,real,https://maps.google.com/?cid=17936569370929630695&g_mp=Cidnb29nbGUubWFwcy5wbGFjZXMudjEuUGxhY2VzLlNlYXJjaFRleHQQAhgEIAA,yes,no,http://expresspestcontrol.ca/,yes,2026,243,8830,no_ssl;slow_load,46
Areeba Pest Control,pest control,Langley BC,(778) 956-5621,"5388 201A St #12, Langley, BC V3A 1S6, Canada",5,161,http://areebapestcontrol.ca/,real,https://maps.google.com/?cid=11977504970943445797&g_mp=Cidnb29nbGUubWFwcy5wbGFjZXMudjEuUGxhY2VzLlNlYXJjaFRleHQQAhgEIAA,yes,yes,https://areebapestcontrol.ca/,yes,,78,206,,46
Express Pest Canada - Port Moody / Coquitlam,pest control,Coquitlam BC,(604) 499-6530,"2000 Panorama Dr, Port Moody, BC V3H 5J5, Canada",5,17,http://www.expresspestcontrol.ca/,real,https://maps.google.com/?cid=135472937340050001&g_mp=Cidnb29nbGUubWFwcy5wbGFjZXMudjEuUGxhY2VzLlNlYXJjaFRleHQQAhgEIAA,http_503,no,http://www.expresspestcontrol.ca/,no,,0,10734,not_mobile_ready;no_ssl;slow_load,46
Best Transmission & Auto Repairs,auto repair shop,Surrey BC,(604) 597-3700,"7711 128 St #19, Surrey, BC V3W 4E6, Canada",4.6,110,https://www.besttransmission.ca/,real,https://maps.google.com/?cid=760003686899296745&g_mp=Cidnb29nbGUubWFwcy5wbGFjZXMudjEuUGxhY2VzLlNlYXJjaFRleHQQAhgEIAA,yes,yes,https://www.besttransmission.ca/,no,,16,3573,not_mobile_ready,46
Proshine AutoBody-ICBC AUTOBODY SHOP,auto repair shop,Langley BC,(778) 878-9261,"5700 198 St Unit 3, Langley, BC V3A 7C7, Canada",4.9,163,https://proshineautobody.ca/,real,https://maps.google.com/?cid=17576240724489154237&g_mp=Cidnb29nbGUubWFwcy5wbGFjZXMudjEuUGxhY2VzLlNlYXJjaFRleHQQAhgEIAA,yes,yes,https://proshineautobody.ca/,yes,2026,220,1997,,46
Autoworx Cheap Autobody,auto repair shop,Langley BC,(604) 341-7738,"20785 Langley Bypass #102, Langley, BC V3A 6K8, Canada",4.7,164,http://cheapautobody.ca/,real,https://maps.google.com/?cid=2626051523277653939&g_mp=Cidnb29nbGUubWFwcy5wbGFjZXMudjEuUGxhY2VzLlNlYXJjaFRleHQQAhgEIAA,yes,yes,https://cheapautobody.ca/,yes,2025,73,197,,46
Minit-Tune & Brake Auto Centres,auto repair shop,Coquitlam BC,(604) 464-7844,"2773 F Barnet Hwy, Coquitlam, BC V3B 1C2, Canada",4.4,161,https://www.minit-tune.com/locations/coquitlam-barnet-highway,real,https://maps.google.com/?cid=18411596794835340618&g_mp=Cidnb29nbGUubWFwcy5wbGFjZXMudjEuUGxhY2VzLlNlYXJjaFRleHQQAhgEIAA,yes,yes,https://minit-tune.com/location/coquitlam-barnet-highway/,yes,2026,128,517,,46
Austin Automotive,auto repair shop,Coquitlam BC,(604) 931-2600,"1300 Austin Ave, Coquitlam, BC V3K 3P5, Canada",4.5,164,http://www.austinautomotive.ca/,real,https://maps.google.com/?cid=5013842132975286083&g_mp=Cidnb29nbGUubWFwcy5wbGFjZXMudjEuUGxhY2VzLlNlYXJjaFRleHQQAhgEIAA,yes,yes,https://www.austinautomotive.ca/,yes,,56,343,,46
Falcon Auto Clinic Ltd.,auto repair shop,Coquitlam BC,(604) 945-6575,"2561 Barnet Hwy, Coquitlam, BC V3H 1W4, Canada",4.5,68,http://www.falconauto.ca/,real,https://maps.google.com/?cid=15319180652108148171&g_mp=Cidnb29nbGUubWFwcy5wbGFjZXMudjEuUGxhY2VzLlNlYXJjaFRleHQQAhgEIAA,yes,no,http://www.falconauto.ca/,yes,2023,112,249,stale_copyright_2023;no_ssl,46
Superstar Auto Repair Centre Ltd,auto repair shop,Richmond BC,(604) 278-9198,"11451 Bridgeport Rd Unit 100, Richmond, BC V6X 1T4, Canada",4.5,114,http://superstarauto.ca/,real,https://maps.google.com/?cid=6355975878395298822&g_mp=Cidnb29nbGUubWFwcy5wbGFjZXMudjEuUGxhY2VzLlNlYXJjaFRleHQQAhgEIAA,yes,yes,https://www.superstarauto.ca/,yes,,1018,409,builder_wix,46
NAPA AUTOPRO - G & A's Car Clinic,auto repair shop,Delta BC,(604) 930-9569,"11956 95 Ave, Delta, BC V4C 3T9, Canada",4.5,166,https://www.napaautopro.com/en/auto-repair/british-columbia/delta-g-as-car-clinic/?utm_source=G&utm_medium=local&utm_campaign=google-local,real,https://maps.google.com/?cid=8196760801697581095&g_mp=Cidnb29nbGUubWFwcy5wbGFjZXMudjEuUGxhY2VzLlNlYXJjaFRleHQQAhgEIAA,yes,yes,https://www.napaautopro.com/en/auto-repair/british-columbia/delta-g-as-car-clinic/?utm_source=G&utm_medium=local&utm_campaign=google-local,yes,,113,514,,46
NAPA AUTOPRO - John's Thistle Auto Ltd.,auto repair shop,Delta BC,(604) 946-6626,"4892 Elliott St, Delta, BC V4K 2X8, Canada",4.8,110,http://www.johnsthistleauto.com/?utm_source=G&utm_medium=local&utm_campaign=google-local,real,https://maps.google.com/?cid=2962161939591475945&g_mp=Cidnb29nbGUubWFwcy5wbGFjZXMudjEuUGxhY2VzLlNlYXJjaFRleHQQAhgEIAA,yes,yes,https://johnsthistleauto.com/?utm_source=G&utm_medium=local&utm_campaign=google-local,yes,2016,46,2051,stale_copyright_2016,46
JPS Automotive Service,auto repair shop,North Vancouver BC,(604) 929-7716,"212 C, 80 Orwell St, North Vancouver, BC V7J 3R5, Canada",4.9,166,http://www.autorepairnorthvancouver.ca/,real,https://maps.google.com/?cid=7647907555493204141&g_mp=Cidnb29nbGUubWFwcy5wbGFjZXMudjEuUGxhY2VzLlNlYXJjaFRleHQQAhgEIAA,yes,yes,https://www.autorepairnorthvancouver.ca/,yes,,30,501,,46
AR Superfix Mechanical Ltd,plumber,Langley BC,(236) 513-8007,"20890 57 Ave, Langley, BC V3A 8S9, Canada",5,16,http://www.arsuperfixltd.com/,real,https://maps.google.com/?cid=3164070977573720166&g_mp=Cidnb29nbGUubWFwcy5wbGFjZXMudjEuUGxhY2VzLlNlYXJjaFRleHQQAhgEIAA,yes,yes,https://www.arsuperfixltd.com/,yes,2009,18,198,stale_copyright_2009,46
Lafayette Plumbing Inc.,plumber,Coquitlam BC,(604) 464-0031,"3246 Toronto St, Port Coquitlam, BC V3B 5T5, Canada",5,18,http://www.lafayetteinc.ca/,real,https://maps.google.com/?cid=3818333902774202180&g_mp=Cidnb29nbGUubWFwcy5wbGFjZXMudjEuUGxhY2VzLlNlYXJjaFRleHQQAhgEIAA,yes,no,http://www.lafayetteinc.ca/,yes,2026,7,143,no_ssl,46
Drain Surgeon Plumbing & Services Inc.,plumber,Maple Ridge BC,(778) 896-4714,"11985 203 St Unit 211, Maple Ridge, BC V2X 4V2, Canada",5,15,http://www.drainsurgeon.ca/,real,https://maps.google.com/?cid=17879313810382131806&g_mp=Cidnb29nbGUubWFwcy5wbGFjZXMudjEuUGxhY2VzLlNlYXJjaFRleHQQAhgEIAA,yes,no,http://drainsurgeon.ca/,yes,,3,178,no_ssl,46
BC Comfort Ltd,hvac contractor,Burnaby BC,(604) 439-3344,"3707 Wayburne Dr, Burnaby, BC V5G 3L1, Canada",4.2,19,https://bccomfort.com/,real,https://maps.google.com/?cid=1847875312951285912&g_mp=Cidnb29nbGUubWFwcy5wbGFjZXMudjEuUGxhY2VzLlNlYXJjaFRleHQQAhgEIAA,yes,yes,https://bccomfort.com/,yes,2000,415,246,stale_copyright_2000,46
Sekhon Power & Electrical,electrician,Surrey BC,(604) 862-7136,"9081 141a St, Surrey, BC V3V 8A4, Canada",5,17,https://sekhonpower.ca/,real,https://maps.google.com/?cid=1422845294489669619&g_mp=Cidnb29nbGUubWFwcy5wbGFjZXMudjEuUGxhY2VzLlNlYXJjaFRleHQQAhgEIAA,yes,yes,https://sekhonpower.ca/,yes,2025,81,13039,slow_load,46
Point Grey Plumbing & Heating Ltd,plumber,Surrey BC,(604) 263-7676,"17974 55 Ave, Surrey, BC V3S 6C8, Canada",4.5,51,http://www.pointgreyplumbing.com/,real,https://maps.google.com/?cid=12632210367819998716&g_mp=Cidnb29nbGUubWFwcy5wbGFjZXMudjEuUGxhY2VzLlNlYXJjaFRleHQQAhgEIAA,yes,yes,https://pgplumbing.ca/,yes,2026,49,320,,45
Hydropro Plumbing & Water Ltd,plumber,Burnaby BC,(604) 652-4356,"4720 Lougheed Hwy, Burnaby, BC V5C 0M8, Canada",4.9,51,https://hydroproplumbing.ca/,real,https://maps.google.com/?cid=18011350919530378392&g_mp=Cidnb29nbGUubWFwcy5wbGFjZXMudjEuUGxhY2VzLlNlYXJjaFRleHQQAhgEIAA,yes,yes,https://hydroproplumbing.ca/,yes,2026,67,90,,45
Da Costa Plumbing & Heating Ltd,plumber,Burnaby BC,(604) 834-7244,"5865 Halley Ave #1209, Vancouver, BC V5H 1K4, Canada",5,57,http://www.dacostaplumbing.com/,real,https://maps.google.com/?cid=17008559664302589974&g_mp=Cidnb29nbGUubWFwcy5wbGFjZXMudjEuUGxhY2VzLlNlYXJjaFRleHQQAhgEIAA,yes,yes,https://dacostaplumbing.com/,yes,,237,613,,45
GSP Services Ltd.,plumber,Burnaby BC,(604) 834-3766,"3051 Underhill Ave #9, Burnaby, BC V5A 3C2, Canada",4.9,54,https://gspservices.ca/,real,https://maps.google.com/?cid=2652720144109256285&g_mp=Cidnb29nbGUubWFwcy5wbGFjZXMudjEuUGxhY2VzLlNlYXJjaFRleHQQAhgEIAA,yes,yes,https://gspservices.ca/,yes,,32,125,,45
Burke Mountain Plumbing and Heating,plumber,Coquitlam BC,(778) 707-7338,"2755 Lougheed Hwy 34A #108, Port Coquitlam, BC V3B 5Y9, Canada",4.9,52,https://burkemountainplumbing.com/port-coquitlam-plumber/,real,https://maps.google.com/?cid=10531031258590967364&g_mp=Cidnb29nbGUubWFwcy5wbGFjZXMudjEuUGxhY2VzLlNlYXJjaFRleHQQAhgEIAA,http_404,yes,https://burkemountainplumbing.com/port-coquitlam-plumber/,yes,2026,140,1794,,45
Pacific Blue Mechanical & Plumbing,plumber,North Vancouver BC,(604) 652-9468,"50 Lonsdale Ave Ste 205, North Vancouver, BC V7M 2E6, Canada",5,56,https://pacificbluemechanical.ca/,real,https://maps.google.com/?cid=17914571733422350561&g_mp=Cidnb29nbGUubWFwcy5wbGFjZXMudjEuUGxhY2VzLlNlYXJjaFRleHQQAhgEIAA,yes,yes,https://pacificbluemechanical.ca/,yes,2026,215,291,,45
Pars Mechanical Corp,plumber,North Vancouver BC,(604) 418-7746,"1536 Ross Rd, North Vancouver, BC V7J 1V4, Canada",5,51,http://parsmechanical.com/,real,https://maps.google.com/?cid=9049664614076913022&g_mp=Cidnb29nbGUubWFwcy5wbGFjZXMudjEuUGxhY2VzLlNlYXJjaFRleHQQAhgEIAA,yes,yes,https://www.parsmechanical.com/,yes,2026,187,1454,,45
Team604 Mechanical Ltd.,hvac contractor,Surrey BC,(604) 344-5151,"14058 100a Ave, Surrey, BC V3T 1K5, Canada",5,54,http://team604.ca/,real,https://maps.google.com/?cid=13478596102247535531&g_mp=Cidnb29nbGUubWFwcy5wbGFjZXMudjEuUGxhY2VzLlNlYXJjaFRleHQQAhgEIAA,yes,yes,https://team604.ca/,yes,2026,83,258,,45
Advanced furnace services and air conditioning,hvac contractor,Surrey BC,(778) 387-2994,"6350 142 St, Surrey, BC V3X 1B8, Canada",5,55,http://advancedfurnace.ca/,real,https://maps.google.com/?cid=18324684536479558043&g_mp=Cidnb29nbGUubWFwcy5wbGFjZXMudjEuUGxhY2VzLlNlYXJjaFRleHQQAhgEIAA,yes,yes,https://advancedfurnace.ca/,yes,2026,69,2264,,45
M&T Air Conditioning Ltd.,hvac contractor,Surrey BC,(604) 531-1934,"19140 28 Ave #118, Surrey, BC V3Z 6M3, Canada",4.9,53,https://mandtac.com/?utm_campaign=gmb,real,https://maps.google.com/?cid=12392219059005824013&g_mp=Cidnb29nbGUubWFwcy5wbGFjZXMudjEuUGxhY2VzLlNlYXJjaFRleHQQAhgEIAA,yes,yes,https://mandtac.com/?utm_campaign=gmb,yes,2025,222,429,,45
Royal Pro Heating LTD,hvac contractor,Burnaby BC,(604) 299-4050,"Burnaby, BC V5G 1L7, Canada",4.8,56,http://www.royal-heating.com/,real,https://maps.google.com/?cid=6326754642025820952&g_mp=Cidnb29nbGUubWFwcy5wbGFjZXMudjEuUGxhY2VzLlNlYXJjaFRleHQQAhgEIAA,yes,yes,https://royal-heating.com/,yes,2026,132,436,,45
Quick Cool,hvac contractor,Burnaby BC,(604) 473-7777,"4170 Still Creek Dr Ste 250, Burnaby, BC V5C 4T9, Canada",4.8,52,https://quickcool.ca/?utm_source=gmb&utm_medium=website&utm_campaign=burnaby,real,https://maps.google.com/?cid=2771140108657502549&g_mp=Cidnb29nbGUubWFwcy5wbGFjZXMudjEuUGxhY2VzLlNlYXJjaFRleHQQAhgEIAA,yes,yes,https://quickcool.ca/?utm_source=gmb&utm_medium=website&utm_campaign=burnaby,yes,2026,53,959,,45
BTU Heating & Cooling,hvac contractor,Coquitlam BC,(778) 865-2800,"1331 Olmsted St, Coquitlam, BC V3E 3H1, Canada",4.9,59,https://btuhvac.ca/,real,https://maps.google.com/?cid=14758541287720312422&g_mp=Cidnb29nbGUubWFwcy5wbGFjZXMudjEuUGxhY2VzLlNlYXJjaFRleHQQAhgEIAA,yes,yes,https://btuhvac.ca/,yes,2026,414,2384,,45
Onsite Heating and Cooling Ltd,hvac contractor,Maple Ridge BC,(604) 554-4444,"1256 Chelsea Ave, Port Coquitlam, BC V3B 7J9, Canada",4.4,52,https://onsiteheatingandcooling.com/,real,https://maps.google.com/?cid=1998961404202110469&g_mp=Cidnb29nbGUubWFwcy5wbGFjZXMudjEuUGxhY2VzLlNlYXJjaFRleHQQAhgEIAA,yes,yes,https://onsiteheatingandcooling.com/,yes,2026,391,518,,45
Arctic Fox Mechanical,hvac contractor,North Vancouver BC,(778) 707-1550,"6028 Glenwynd Pl, West Vancouver, BC V7W 2W5, Canada",5,51,https://www.arcticfoxmechanical.ca/,real,https://maps.google.com/?cid=14664352619593106053&g_mp=Cidnb29nbGUubWFwcy5wbGFjZXMudjEuUGxhY2VzLlNlYXJjaFRleHQQAhgEIAA,yes,yes,https://www.arcticfoxmechanical.ca/,yes,,301,417,,45
Zeus Electric & Controls Inc,electrician,Burnaby BC,(236) 705-6287,"2288 Alpha Ave, Burnaby, BC V5C 0L9, Canada",5,58,https://zeuselectric.ca/,real,https://maps.google.com/?cid=10196687484266201014&g_mp=Cidnb29nbGUubWFwcy5wbGFjZXMudjEuUGxhY2VzLlNlYXJjaFRleHQQAhgEIAA,yes,yes,https://zeuselectric.ca/,yes,2026,204,574,,45
Sparkstone Electric Ltd.,electrician,Burnaby BC,(778) 239-2811,"8043 18th Ave, Burnaby, BC V3N 1J9, Canada",5,55,https://www.sparkstoneelectric.ca/,real,https://maps.google.com/?cid=2308310562162932843&g_mp=Cidnb29nbGUubWFwcy5wbGFjZXMudjEuUGxhY2VzLlNlYXJjaFRleHQQAhgEIAA,yes,yes,https://www.sparkstoneelectric.ca/,yes,2026,172,416,,45
PWPC Electrical Services,electrician,Coquitlam BC,(604) 468-7972,"1952 Kingsway Ave, Port Coquitlam, BC V3C 6C2, Canada",4.9,55,http://www.pwpc.ca/,real,https://maps.google.com/?cid=10057667119120604657&g_mp=Cidnb29nbGUubWFwcy5wbGFjZXMudjEuUGxhY2VzLlNlYXJjaFRleHQQAhgEIAA,yes,yes,https://pwpc.ca/,yes,2026,70,1010,,45
C3 Electrical Ltd,electrician,Richmond BC,(604) 616-1984,"488 SW Marine Dr, Vancouver, BC V5X 0C6, Canada",5,58,https://www.c3electrical.ca/,real,https://maps.google.com/?cid=9371917209370926778&g_mp=Cidnb29nbGUubWFwcy5wbGFjZXMudjEuUGxhY2VzLlNlYXJjaFRleHQQAhgEIAA,yes,yes,https://c3electrical.ca/,yes,,2,1394,,45
Wired Up Electrical Ltd,electrician,Delta BC,(604) 230-9078,"6757 Seaview Rd, Delta, BC V4L 1A2, Canada",5,56,https://wired-up.ca/,real,https://maps.google.com/?cid=14336059105841217690&g_mp=Cidnb29nbGUubWFwcy5wbGFjZXMudjEuUGxhY2VzLlNlYXJjaFRleHQQAhgEIAA,yes,yes,https://wired-up.ca/,yes,2025,117,127,,45
PR ELECTRICAL INSTALLATION,electrician,North Vancouver BC,(604) 773-7375,"1550 Fern St, North Vancouver, BC V7J 0A9, Canada",5,59,http://www.prelectrics.com/,real,https://maps.google.com/?cid=11552448973148797528&g_mp=Cidnb29nbGUubWFwcy5wbGFjZXMudjEuUGxhY2VzLlNlYXJjaFRleHQQAhgEIAA,yes,yes,https://www.prelectrics.com/,yes,,111,2665,,45
Tashlight Electric,electrician,North Vancouver BC,(236) 481-1101,"2004 Fullerton Ave, North Vancouver, BC V7P 3G8, Canada",5,57,https://tashlightelectric.ca/?utm_campaign=gmb,real,https://maps.google.com/?cid=11845249640893702567&g_mp=Cidnb29nbGUubWFwcy5wbGFjZXMudjEuUGxhY2VzLlNlYXJjaFRleHQQAhgEIAA,yes,yes,https://tashlightelectric.ca/?utm_campaign=gmb,yes,2026,394,3016,,45
Greenvolt Electric Ltd,electrician,North Vancouver BC,(778) 997-1542,"510 E Braemar Rd, North Vancouver, BC V7N 1R3, Canada",5,53,http://www.greenvoltelectric.ca/,real,https://maps.google.com/?cid=16108570751046408114&g_mp=Cidnb29nbGUubWFwcy5wbGFjZXMudjEuUGxhY2VzLlNlYXJjaFRleHQQAhgEIAA,yes,yes,https://greenvoltelectric.ca/,yes,2026,189,1973,,45
Care Electrical Services,electrician,North Vancouver BC,(778) 771-1701,"1386 Cammeray Rd, West Vancouver, BC V7S 2N3, Canada",5,58,https://careelectrical.ca/,real,https://maps.google.com/?cid=14734758384418106722&g_mp=Cidnb29nbGUubWFwcy5wbGFjZXMudjEuUGxhY2VzLlNlYXJjaFRleHQQAhgEIAA,yes,yes,https://careelectrical.ca/,yes,,775,1053,,45
BC Instant Lawns and Landscapes,landscaping company,Delta BC,(604) 245-2227,"3865 72 St, Delta, BC V4L 2N7, Canada",4.8,152,https://bcinstantlawns.com/,real,https://maps.google.com/?cid=13951230070672944773&g_mp=Cidnb29nbGUubWFwcy5wbGFjZXMudjEuUGxhY2VzLlNlYXJjaFRleHQQAhgEIAA,yes,yes,https://bcinstantlawns.com/,yes,,164,323,,45
ProPestClean Pest Control,pest control,Langley BC,(778) 819-4679,"3238 Royal Oak Ave, Burnaby, BC V5G 3L6, Canada",5,152,https://www.propestclean.ca/,real,https://maps.google.com/?cid=17362481203828234037&g_mp=Cidnb29nbGUubWFwcy5wbGFjZXMudjEuUGxhY2VzLlNlYXJjaFRleHQQAhgEIAA,yes,yes,https://www.propestclean.ca/,yes,,360,613,,45
Fraser Valley Pest Control,pest control,Burnaby BC,(604) 831-2754,"3540 SE Marine Dr #15, Burnaby, BC V5S 4R3, Canada",4.9,103,http://www.fraserpest.ca/,real,https://maps.google.com/?cid=12747775874041897883&g_mp=Cidnb29nbGUubWFwcy5wbGFjZXMudjEuUGxhY2VzLlNlYXJjaFRleHQQAhgEIAA,yes,yes,https://fraserpest.ca/,yes,2021,170,2998,stale_copyright_2021,45
Pesticon Pest Control Vancouver,pest control,Burnaby BC,(604) 229-1097,"1450 W Broadway, Vancouver, BC V6H 1H4, Canada",4.8,157,https://www.pesticon.ca/,real,https://maps.google.com/?cid=3146634073917245366&g_mp=Cidnb29nbGUubWFwcy5wbGFjZXMudjEuUGxhY2VzLlNlYXJjaFRleHQQAhgEIAA,yes,yes,https://www.pesticon.ca/,yes,,270,132,,45
- GAP Auto repair,auto repair shop,Surrey BC,(604) 588-4009,"13560 106 Ave, Surrey, BC V3T 2C5, Canada",4.5,151,https://www.napaautopro.com/en/auto-repair/british-columbia/surrey-g-a-p-automotive/?utm_source=G&utm_medium=local&utm_campaign=google-local,real,https://maps.google.com/?cid=9762114024280470624&g_mp=Cidnb29nbGUubWFwcy5wbGFjZXMudjEuUGxhY2VzLlNlYXJjaFRleHQQAhgEIAA,yes,yes,https://www.napaautopro.com/en/auto-repair/,yes,,1850,1581,,45
A-Pro Automotive Services Ltd.,auto repair shop,Langley BC,(604) 534-3693,"5968 205a St, Langley, BC V3A 8C4, Canada",4.7,107,http://apro-auto.com/,real,https://maps.google.com/?cid=15373549496898184278&g_mp=Cidnb29nbGUubWFwcy5wbGFjZXMudjEuUGxhY2VzLlNlYXJjaFRleHQQAhgEIAA,yes,yes,https://www.apro-auto.com/,yes,,622,510,builder_wix,45
NAPA AUTOPRO - MY PLACE BRAKE & MUFFLER LTD.,auto repair shop,Langley BC,(604) 514-0714,"20146 Fraser Hwy, Langley, BC V3A 4E5, Canada",4.5,152,https://www.napaautopro.com/en/auto-repair/british-columbia/langley-my-place-brake-muffler-ltd/?utm_source=G&utm_medium=local&utm_campaign=google-local,real,https://maps.google.com/?cid=14420335606901468255&g_mp=Cidnb29nbGUubWFwcy5wbGFjZXMudjEuUGxhY2VzLlNlYXJjaFRleHQQAhgEIAA,yes,yes,https://www.napaautopro.com/en/auto-repair/british-columbia/langley-my-place-brake-muffler-ltd/?utm_source=G&utm_medium=local&utm_campaign=google-local,yes,,111,469,,45
Tyner Automotive LTD.,auto repair shop,Coquitlam BC,(604) 552-3799,"2260 Tyner St Unit 1, Port Coquitlam, BC V3C 2Z1, Canada",4.6,103,http://tynerautomotive.com/,real,https://maps.google.com/?cid=9969462242094035586&g_mp=Cidnb29nbGUubWFwcy5wbGFjZXMudjEuUGxhY2VzLlNlYXJjaFRleHQQAhgEIAA,yes,yes,https://tynerautomotive.com/,yes,2024,126,208,stale_copyright_2024,45
AutoMind Collision Coquitlam,auto repair shop,Coquitlam BC,(604) 757-5319,"901 Tupper Ave, Coquitlam, BC V3K 1A4, Canada",4.3,100,http://www.automind.ca/,real,https://maps.google.com/?cid=7664428294852603190&g_mp=Cidnb29nbGUubWFwcy5wbGFjZXMudjEuUGxhY2VzLlNlYXJjaFRleHQQAhgEIAA,yes,yes,https://automind.ca/,yes,2007,250,1312,stale_copyright_2007,45
BDL Automotive Service & Repair,auto repair shop,Coquitlam BC,(778) 285-7117,"1870 McLean Ave, Port Coquitlam, BC V3C 2N4, Canada",4.8,54,http://www.bdlautomotive.ca/contactus.html,real,https://maps.google.com/?cid=9745016588062430446&g_mp=Cidnb29nbGUubWFwcy5wbGFjZXMudjEuUGxhY2VzLlNlYXJjaFRleHQQAhgEIAA,http_403,no,http://www.bdlautomotive.ca/contactus.html,no,,0,91,not_mobile_ready;no_ssl,45
AHM Automotive,auto repair shop,Richmond BC,(604) 447-7898,"11031 Bridgeport Rd #105, Richmond, BC V6X 3A2, Canada",4.7,54,http://www.ahmautomotive.ca/,real,https://maps.google.com/?cid=6719595369447543349&g_mp=Cidnb29nbGUubWFwcy5wbGFjZXMudjEuUGxhY2VzLlNlYXJjaFRleHQQAhgEIAA,yes,yes,https://www.ahmautomotive.ca/,no,2016,45,866,not_mobile_ready;stale_copyright_2016,45
LZ Auto Service,auto repair shop,Richmond BC,(604) 366-1816,"5791 Minoru Blvd #130, Richmond, BC V6X 2B1, Canada",4.9,100,http://lzauto.ca/,real,https://maps.google.com/?cid=10393465864827311145&g_mp=Cidnb29nbGUubWFwcy5wbGFjZXMudjEuUGxhY2VzLlNlYXJjaFRleHQQAhgEIAA,ssl_error,no,,no,,,,broken_ssl,45
ASC Collision Repair,auto repair shop,Richmond BC,(604) 278-8833,"5730 Cedarbridge Way, Richmond, BC V6X 2A7, Canada",4.8,100,http://www.asccollisionrepair.com/,real,https://maps.google.com/?cid=16287200156516779267&g_mp=Cidnb29nbGUubWFwcy5wbGFjZXMudjEuUGxhY2VzLlNlYXJjaFRleHQQAhgEIAA,yes,yes,https://www.asccollisionrepair.com/,yes,,342,336,builder_wix,45
Silk Cat Automotive Specialists Ltd,auto repair shop,North Vancouver BC,(604) 987-8228,"1053 Churchill Crescent, North Vancouver, BC V7P 1P9, Canada",4.7,57,http://silkcat.ca/,real,https://maps.google.com/?cid=12445125533280315150&g_mp=Cidnb29nbGUubWFwcy5wbGFjZXMudjEuUGxhY2VzLlNlYXJjaFRleHQQAhgEIAA,yes,yes,https://silkcat.ca/,yes,2020,90,10687,stale_copyright_2020;slow_load,45
Life Maid Easy,house cleaning service,Langley BC,(604) 682-6243,"445 W 6th Ave #201, Vancouver, BC V5Y 1L3, Canada",4.6,420,https://www.lifemaideasy.com/,real,https://maps.google.com/?cid=12693976011558721607&g_mp=Cidnb29nbGUubWFwcy5wbGFjZXMudjEuUGxhY2VzLlNlYXJjaFRleHQQAhgEIAA,yes,yes,https://www.lifemaideasy.com/,yes,2024,90,703,stale_copyright_2024,45
Memorable Maids,house cleaning service,Burnaby BC,,"5616 McKee St, Burnaby, BC V5J 2V1, Canada",4.8,276,https://www.memorablemaids.com/,real,https://maps.google.com/?cid=12402635404920696476&g_mp=Cidnb29nbGUubWFwcy5wbGFjZXMudjEuUGxhY2VzLlNlYXJjaFRleHQQAhgEIAA,yes,yes,https://www.memorablemaids.com/,yes,2015,123,3390,stale_copyright_2015,45
"Maid in a Minute Cleaning Services Coquitlam, Port Coquitlam & Port Moody",house cleaning service,Coquitlam BC,(778) 231-2910,"2678 Dixon St, Port Coquitlam, BC V3C 1T6, Canada",4.7,220,https://www.maidinaminutecleaningservices.com/?utm_source=gmb-listing&utm_medium=organic&utm_campaign=gmb_profile,real,https://maps.google.com/?cid=8765796691158191952&g_mp=Cidnb29nbGUubWFwcy5wbGFjZXMudjEuUGxhY2VzLlNlYXJjaFRleHQQAhgEIAA,yes,yes,https://www.maidinaminutecleaningservices.com/?utm_source=gmb-listing&utm_medium=organic&utm_campaign=gmb_profile,yes,,899,1604,builder_wix,45
Go2Girl Services Inc.,house cleaning service,Richmond BC,(604) 396-9462,"3800 Chatham St Unit 115, Richmond, BC V7E 2Z3, Canada",4.8,300,https://www.yourgo2girl.ca/,real,https://maps.google.com/?cid=3864327253449199971&g_mp=Cidnb29nbGUubWFwcy5wbGFjZXMudjEuUGxhY2VzLlNlYXJjaFRleHQQAhgEIAA,yes,yes,https://yourgo2girl.ca/,yes,2014,140,401,stale_copyright_2014,45
ProClean,house cleaning service,Richmond BC,(778) 710-7762,"1255 Seymour St, Vancouver, BC V6B 0H1, Canada",4.8,505,https://www.getproclean.com/,real,https://maps.google.com/?cid=591678596984683963&g_mp=Cidnb29nbGUubWFwcy5wbGFjZXMudjEuUGxhY2VzLlNlYXJjaFRleHQQAhgEIAA,yes,yes,https://www.getproclean.com/,yes,2020,254,228,stale_copyright_2020,45
Busy Force Building Maintenance Ltd.,house cleaning service,Richmond BC,(236) 881-6871,"2268 No 5 Rd #170, Richmond, BC V6X 2T1, Canada",5,220,http://busyforce.ca/,real,https://maps.google.com/?cid=17896270813117734440&g_mp=Cidnb29nbGUubWFwcy5wbGFjZXMudjEuUGxhY2VzLlNlYXJjaFRleHQQAhgEIAA,yes,yes,https://busyforce.ca/,yes,2017,340,280,stale_copyright_2017,45
Jan's precision Auto Body and Glass,auto repair shop,Langley BC,(604) 534-0444,"5870 200a St, Langley, BC V3A 5X8, Canada",4.6,157,https://jansautobody.com/,real,https://maps.google.com/?cid=197890242351823122&g_mp=Cidnb29nbGUubWFwcy5wbGFjZXMudjEuUGxhY2VzLlNlYXJjaFRleHQQAhgEIAA,yes,yes,https://jansautobody.com/,yes,,542,116,,45
Henneken Auto Sales & Service Ltd,auto repair shop,Richmond BC,(604) 263-8121,"8914 Oak St, Vancouver, BC V6P 4B7, Canada",4.6,151,https://www.hennekenauto.com/,real,https://maps.google.com/?cid=17076092135125812025&g_mp=Cidnb29nbGUubWFwcy5wbGFjZXMudjEuUGxhY2VzLlNlYXJjaFRleHQQAhgEIAA,yes,yes,https://www.hennekenauto.com/,yes,,19,97,,45
WaterLine Plumbing of Surrey BC,plumber,Surrey BC,(778) 562-5628,"7750 128 St #202, Surrey, BC V3W 0R6, Canada",5,46,https://www.waterlineplumbers.com/surrey,real,https://maps.google.com/?cid=7302898810208865854&g_mp=Cidnb29nbGUubWFwcy5wbGFjZXMudjEuUGxhY2VzLlNlYXJjaFRleHQQAhgEIAA,yes,yes,https://www.waterlineplumbers.com/surrey,yes,,276,415,,44
TYS Plumbing & Heating Ltd,plumber,Surrey BC,(778) 697-9433,"7868 165 St, Surrey, BC V4N 0M2, Canada",5,42,https://tysplumbingandheating.com/locations-we-serve/surrey-plumbing-and-heating/,real,https://maps.google.com/?cid=15513796140765717212&g_mp=Cidnb29nbGUubWFwcy5wbGFjZXMudjEuUGxhY2VzLlNlYXJjaFRleHQQAhgEIAA,yes,yes,https://tysplumbingandheating.com/locations-we-serve/surrey-plumbing-and-heating/,yes,2025,204,794,,44
Alpine Plumbing & Heating,plumber,Surrey BC,(604) 817-1777,"12367 63a Ave, Surrey, BC V3X 3H4, Canada",4.8,49,https://www.alpineplumbing.ca/,real,https://maps.google.com/?cid=9073939515278209362&g_mp=Cidnb29nbGUubWFwcy5wbGFjZXMudjEuUGxhY2VzLlNlYXJjaFRleHQQAhgEIAA,yes,yes,https://www.alpineplumbing.ca/,yes,,1581,921,,44
Ark Plumbing and Heating,plumber,Surrey BC,(604) 441-3411,"10601 Whalley Blvd, Surrey, BC V3T 4H8, Canada",5,47,http://arkph.ca/,real,https://maps.google.com/?cid=4874275720316949776&g_mp=Cidnb29nbGUubWFwcy5wbGFjZXMudjEuUGxhY2VzLlNlYXJjaFRleHQQAhgEIAA,yes,yes,https://www.arkph.ca/,yes,2026,398,383,,44
Pacific Blue Mechanical & Plumbing,plumber,Langley BC,(778) 955-9999,"20627 Fraser Hwy, Langley, BC V3A 4G4, Canada",5,45,https://pacificbluemechanical.ca/langley/,real,https://maps.google.com/?cid=13052480253752076514&g_mp=Cidnb29nbGUubWFwcy5wbGFjZXMudjEuUGxhY2VzLlNlYXJjaFRleHQQAhgEIAA,yes,yes,https://pacificbluemechanical.ca/plumber-langley/,yes,2026,210,3385,,44
Prima Plumbing & Heating Ltd,plumber,Burnaby BC,(604) 438-8000,"1570 Boundary Rd, Burnaby, BC V5K 4V4, Canada",4.6,44,http://www.primaplumbing.com/,real,https://maps.google.com/?cid=5766366598154423915&g_mp=Cidnb29nbGUubWFwcy5wbGFjZXMudjEuUGxhY2VzLlNlYXJjaFRleHQQAhgEIAA,yes,yes,https://www.primaplumbing.com/,yes,2026,76,2188,,44
Cro Plumbing and Heating LTD.,plumber,Burnaby BC,(778) 222-5112,"6440 Buchanan St, Burnaby, BC V5B 2S7, Canada",5,42,https://www.croplumbingandheating.com/,real,https://maps.google.com/?cid=4971936934685080787&g_mp=Cidnb29nbGUubWFwcy5wbGFjZXMudjEuUGxhY2VzLlNlYXJjaFRleHQQAhgEIAA,yes,yes,https://www.croplumbingandheating.com/,yes,,76,212,,44
Tik Tak plumbing & Heating,plumber,Coquitlam BC,(778) 986-2769,"708 Edgar Ave, Coquitlam, BC V3K 0H3, Canada",5,42,https://tiktakplumbing.ca/,real,https://maps.google.com/?cid=4480228873246928657&g_mp=Cidnb29nbGUubWFwcy5wbGFjZXMudjEuUGxhY2VzLlNlYXJjaFRleHQQAhgEIAA,yes,yes,https://tiktakplumbing.ca/,yes,2026,333,538,,44
Gotta Jet Plumbing and Heating LTD,plumber,Coquitlam BC,(604) 720-2845,"3918 Ambleside Close, Port Coquitlam, BC V3B 7G2, Canada",5,42,https://www.gottajet.ca/,real,https://maps.google.com/?cid=13391892257322810962&g_mp=Cidnb29nbGUubWFwcy5wbGFjZXMudjEuUGxhY2VzLlNlYXJjaFRleHQQAhgEIAA,yes,yes,https://gottajet.ca/,yes,,670,380,,44
MYKOLA HOME MAINTENANCE,plumber,Coquitlam BC,(672) 335-5791,"518 Clarke Rd, Coquitlam, BC V3J 0S7, Canada",5,47,http://mhmplumber.com/,real,https://maps.google.com/?cid=8353418866659329211&g_mp=Cidnb29nbGUubWFwcy5wbGFjZXMudjEuUGxhY2VzLlNlYXJjaFRleHQQAhgEIAA,yes,yes,https://mhmplumber.com/,yes,,43,533,,44
Pixel Plumbing & Heating Ltd,plumber,Richmond BC,(778) 700-0037,"261 E 64th Ave, Vancouver, BC V5X 2M5, Canada",5,49,https://pixelplumbing.ca/,real,https://maps.google.com/?cid=10458281929883549060&g_mp=Cidnb29nbGUubWFwcy5wbGFjZXMudjEuUGxhY2VzLlNlYXJjaFRleHQQAhgEIAA,yes,yes,https://pixelplumbing.ca/,yes,2025,170,432,,44
"Ethos Plumbing, Heating & Mechanical",plumber,Richmond BC,(604) 782-6087,"2360 W King Edward Ave, Vancouver, BC V6L 1T4, Canada",5,48,https://www.ethosplumbingltd.com/,real,https://maps.google.com/?cid=9483577981151167711&g_mp=Cidnb29nbGUubWFwcy5wbGFjZXMudjEuUGxhY2VzLlNlYXJjaFRleHQQAhgEIAA,yes,yes,https://ethosplumbingltd.com/,yes,,645,608,,44
"Blueshore Mechanical, Plumbing & Heating",plumber,Delta BC,(604) 728-2583,"4586 62 St, Delta, BC V4K 3L7, Canada",5,46,https://blueshoremechanical.com/,real,https://maps.google.com/?cid=2973618260347455291&g_mp=Cidnb29nbGUubWFwcy5wbGFjZXMudjEuUGxhY2VzLlNlYXJjaFRleHQQAhgEIAA,yes,yes,https://blueshoremechanical.com/,yes,,184,4439,,44
McKim Mechanical Plumbing and Heating,plumber,Delta BC,(604) 219-3531,"7350 72 St, Delta, BC V4G 1H9, Canada",5,45,http://www.mckimmechanical.com/,real,https://maps.google.com/?cid=1438586529151977325&g_mp=Cidnb29nbGUubWFwcy5wbGFjZXMudjEuUGxhY2VzLlNlYXJjaFRleHQQAhgEIAA,yes,yes,https://mckimmechanical.com/,yes,,92,2700,,44
Mr. Drain Plumber Pitt Meadows,plumber,Maple Ridge BC,(604) 330-3908,"19335 120 Ave, Pitt Meadows, BC V3Y 1J7, Canada",5,46,https://mrdrainplumber.site/,real,https://maps.google.com/?cid=2785775857276039490&g_mp=Cidnb29nbGUubWFwcy5wbGFjZXMudjEuUGxhY2VzLlNlYXJjaFRleHQQAhgEIAA,yes,yes,https://mrdrainplumber.site/,yes,,5,246,,44
Pitt Meadows Plumbing & Mechanical Systems (2001) Ltd.,plumber,Maple Ridge BC,(604) 465-8622,"20142 113b Ave, Maple Ridge, BC V2X 0Y9, Canada",4.4,47,http://www.pittmeadows.net/,real,https://maps.google.com/?cid=1169858632911035280&g_mp=Cidnb29nbGUubWFwcy5wbGFjZXMudjEuUGxhY2VzLlNlYXJjaFRleHQQAhgEIAA,yes,yes,https://pittmeadows.net/,yes,2026,39,717,,44
Tundra Plumbing,plumber,Maple Ridge BC,(604) 465-7434,"12135 193a St, Pitt Meadows, BC V2Y 1J2, Canada",4.8,49,http://www.tundraplumbing.ca/,real,https://maps.google.com/?cid=12972723539485301252&g_mp=Cidnb29nbGUubWFwcy5wbGFjZXMudjEuUGxhY2VzLlNlYXJjaFRleHQQAhgEIAA,yes,yes,https://www.tundraplumbing.ca/,yes,,359,539,,44
Modal Plumbing,plumber,North Vancouver BC,(604) 401-2521,"1641 Lonsdale Ave #121, North Vancouver, BC V7M 2J5, Canada",4.9,41,http://modalplumbing.ca/,real,https://maps.google.com/?cid=6015226104762349615&g_mp=Cidnb29nbGUubWFwcy5wbGFjZXMudjEuUGxhY2VzLlNlYXJjaFRleHQQAhgEIAA,yes,yes,https://modalplumbing.ca/,yes,2026,122,4012,,44
"Torr Refrigeration, Air Conditioning and Heating",hvac contractor,Surrey BC,(604) 337-4888,"13485 58b Ave, Surrey, BC V3X 1L3, Canada",5,45,https://torrhvacr.com/,real,https://maps.google.com/?cid=9225324940855816029&g_mp=Cidnb29nbGUubWFwcy5wbGFjZXMudjEuUGxhY2VzLlNlYXJjaFRleHQQAhgEIAA,yes,yes,https://torrhvacr.com/,yes,2026,97,1555,,44
Crest Mechanical Corp,hvac contractor,Surrey BC,(778) 633-3333,"16783 80 Ave, Surrey, BC V4N 0G8, Canada",5,44,http://crestmechanicalcorp.com/,real,https://maps.google.com/?cid=15790628736353726078&g_mp=Cidnb29nbGUubWFwcy5wbGFjZXMudjEuUGxhY2VzLlNlYXJjaFRleHQQAhgEIAA,yes,yes,https://crestmechanicalcorp.com/,yes,2025,249,804,,44
Western Mechanical Solutions,hvac contractor,Surrey BC,(604) 764-2001,"12951 92a Ave, Surrey, BC V3V 1K1, Canada",5,45,http://www.westernmechanicalsolutions.ca/,real,https://maps.google.com/?cid=16050204864209634661&g_mp=Cidnb29nbGUubWFwcy5wbGFjZXMudjEuUGxhY2VzLlNlYXJjaFRleHQQAhgEIAA,yes,yes,https://www.westernmechanicalsolutions.ca/,yes,,130,551,,44
Parkinson's Heating Ltd,hvac contractor,Surrey BC,(604) 599-8444,"7566 134a St, Surrey, BC V3W 7J1, Canada",4.7,40,https://www.parkinsonsheating.com/,real,https://maps.google.com/?cid=4939711616863874761&g_mp=Cidnb29nbGUubWFwcy5wbGFjZXMudjEuUGxhY2VzLlNlYXJjaFRleHQQAhgEIAA,yes,yes,https://www.parkinsonsheating.com/,yes,,67,489,,44
Royal Pro Heating LTD,hvac contractor,Surrey BC,(604) 436-1255,"Guildford, Surrey, BC V3R 3W6, Canada",4.8,45,http://royal-heating.com/,real,https://maps.google.com/?cid=5656689875305795925&g_mp=Cidnb29nbGUubWFwcy5wbGFjZXMudjEuUGxhY2VzLlNlYXJjaFRleHQQAhgEIAA,yes,yes,https://royal-heating.com/,yes,2026,132,303,,44
ACE COMFORT HEATING & AIR CONDITIONING,hvac contractor,Burnaby BC,(604) 636-3939,"3993 Henning Dr #102, Burnaby, BC V5C 6N3, Canada",5,42,https://acecomforthvac.com/,real,https://maps.google.com/?cid=16263426952296733559&g_mp=Cidnb29nbGUubWFwcy5wbGFjZXMudjEuUGxhY2VzLlNlYXJjaFRleHQQAhgEIAA,yes,yes,https://acecomforthvac.com/,yes,2025,52,172,,44
Super Standard Heating & Air Duct Cleaning Ltd.,hvac contractor,Coquitlam BC,(604) 379-1266,"1196 Pipeline Rd, Coquitlam, BC V3B 7Z6, Canada",4.9,47,https://www.superstandardheating.com/,real,https://maps.google.com/?cid=13324985676271402050&g_mp=Cidnb29nbGUubWFwcy5wbGFjZXMudjEuUGxhY2VzLlNlYXJjaFRleHQQAhgEIAA,yes,yes,https://www.superstandardheating.com/,yes,,55,576,,44
Season Energy,hvac contractor,Richmond BC,(604) 203-1666,"3751 Jacombs Rd Unit 240, Richmond, BC V6V 2R4, Canada",4.9,40,https://seasonenergy.ca/,real,https://maps.google.com/?cid=8927835696046280929&g_mp=Cidnb29nbGUubWFwcy5wbGFjZXMudjEuUGxhY2VzLlNlYXJjaFRleHQQAhgEIAA,yes,yes,https://seasonenergy.ca/,yes,,52,314,,44
HEATnCOOL Services,hvac contractor,Delta BC,(604) 817-4754,"11138 80a Ave, Delta, BC V4C 1Y5, Canada",4.6,48,https://www.heatncool.com/,real,https://maps.google.com/?cid=2357666346111573471&g_mp=Cidnb29nbGUubWFwcy5wbGFjZXMudjEuUGxhY2VzLlNlYXJjaFRleHQQAhgEIAA,yes,yes,https://heatncool.com/,yes,2026,123,3602,,44
Atmosphere AC Systems,hvac contractor,Maple Ridge BC,(604) 461-0942,"19265 Airport Wy #317, Pitt Meadows, BC V3Y 0G9, Canada",4.9,47,https://atmosphereac.ca/,real,https://maps.google.com/?cid=8877617037162167123&g_mp=Cidnb29nbGUubWFwcy5wbGFjZXMudjEuUGxhY2VzLlNlYXJjaFRleHQQAhgEIAA,yes,yes,https://atmosphereac.ca/,yes,2026,243,1115,,44
Silverback HVAC,hvac contractor,North Vancouver BC,(778) 710-4377,"1331 E 8th St, North Vancouver, BC V7J 1J9, Canada",5,49,http://www.silverbackhvac.ca/,real,https://maps.google.com/?cid=14346258517868586369&g_mp=Cidnb29nbGUubWFwcy5wbGFjZXMudjEuUGxhY2VzLlNlYXJjaFRleHQQAhgEIAA,yes,yes,https://www.silverbackhvac.ca/,yes,,124,405,,44
Precision Gas & Mechanical Inc.,hvac contractor,North Vancouver BC,(778) 322-8482,"751 Burley Pl, West Vancouver, BC V7T 2A2, Canada",5,43,https://precisionmech.ca/,real,https://maps.google.com/?cid=11495356495719486777&g_mp=Cidnb29nbGUubWFwcy5wbGFjZXMudjEuUGxhY2VzLlNlYXJjaFRleHQQAhgEIAA,yes,yes,https://precisionmech.ca/,yes,,67,886,,44
National Electric Ltd,electrician,Surrey BC,(604) 889-2750,"2217 165 St, Surrey, BC V3Z 0L8, Canada",4.9,44,https://nationalelectricltd.ca/,real,https://maps.google.com/?cid=9134078717006408849&g_mp=Cidnb29nbGUubWFwcy5wbGFjZXMudjEuUGxhY2VzLlNlYXJjaFRleHQQAhgEIAA,yes,yes,https://nationalelectricltd.ca/,yes,,253,1282,,44
Ample Electric Ltd,electrician,Surrey BC,(604) 961-1666,"15368 96 Ave, Surrey, BC V3R 8J6, Canada",5,46,https://ampleelectrical.ca/,real,https://maps.google.com/?cid=10518307218782051578&g_mp=Cidnb29nbGUubWFwcy5wbGFjZXMudjEuUGxhY2VzLlNlYXJjaFRleHQQAhgEIAA,yes,yes,https://ampleelectrical.ca/,yes,2035,15,208,,44
Intropro Electric,electrician,Langley BC,(778) 883-4030,"140 19th St W Unit: 209, North Vancouver, BC V7M 2P5, Canada",4.9,45,https://introproelectric.ca/,real,https://maps.google.com/?cid=11856462706889933723&g_mp=Cidnb29nbGUubWFwcy5wbGFjZXMudjEuUGxhY2VzLlNlYXJjaFRleHQQAhgEIAA,yes,yes,https://introproelectric.ca/,yes,,14,747,,44
Dormit X Electric Charging | Vancouver | Burnaby,electrician,Burnaby BC,(778) 668-3309,"2691 Viscount Wy Unit 106, Richmond, BC V6V 2R5, Canada",4.7,44,https://www.dormitxelectric.com/,real,https://maps.google.com/?cid=3868001082574299205&g_mp=Cidnb29nbGUubWFwcy5wbGFjZXMudjEuUGxhY2VzLlNlYXJjaFRleHQQAhgEIAA,yes,yes,https://dormitxelectric.com/,yes,,171,4966,,44
Redford Electric Ltd.,electrician,Burnaby BC,(778) 840-2594,"816 Boyd St #4, New Westminster, BC V3M 6N1, Canada",4.7,46,http://www.redfordelectric.ca/,real,https://maps.google.com/?cid=10539352183054695564&g_mp=Cidnb29nbGUubWFwcy5wbGFjZXMudjEuUGxhY2VzLlNlYXJjaFRleHQQAhgEIAA,yes,yes,https://redfordelectric.ca/,yes,,327,835,,44
Albers Electric,electrician,Coquitlam BC,(604) 813-5879,"Howie Ave, Coquitlam, BC V3J 1T5, Canada",5,42,http://www.alberselectric.ca/,real,https://maps.google.com/?cid=12523512667853367016&g_mp=Cidnb29nbGUubWFwcy5wbGFjZXMudjEuUGxhY2VzLlNlYXJjaFRleHQQAhgEIAA,yes,yes,https://alberselectric.ca/,yes,,84,1133,,44
EZ Electric,electrician,Richmond BC,(604) 874-4005,"95E E 1st Ave, Vancouver, BC V6A 0H6, Canada",4.8,42,https://ezelectric.ca/,real,https://maps.google.com/?cid=3256349993521672186&g_mp=Cidnb29nbGUubWFwcy5wbGFjZXMudjEuUGxhY2VzLlNlYXJjaFRleHQQAhgEIAA,yes,yes,https://ezelectric.ca/,yes,,36,507,,44
Townside Electric Ltd - Delta,electrician,Richmond BC,(778) 200-7051,"6455 60 Ave, Delta, BC V4K 4E2, Canada",5,46,https://townsideelectric.ca/,real,https://maps.google.com/?cid=1382837265903469557&g_mp=Cidnb29nbGUubWFwcy5wbGFjZXMudjEuUGxhY2VzLlNlYXJjaFRleHQQAhgEIAA,yes,yes,https://townsideelectric.ca/,yes,,516,573,,44
Frontier Electrical Services Ltd.,electrician,Delta BC,(604) 299-9184,"5282 Bentley Dr, Delta, BC V4K 4J3, Canada",5,49,http://www.frontierelectrical.ca/,real,https://maps.google.com/?cid=1964731120183917836&g_mp=Cidnb29nbGUubWFwcy5wbGFjZXMudjEuUGxhY2VzLlNlYXJjaFRleHQQAhgEIAA,yes,yes,https://www.frontierelectrical.ca/,yes,2026,171,570,,44
Higherwire Electric ltd.,electrician,Maple Ridge BC,(604) 969-3532,"23727 128 Crescent, Maple Ridge, BC V4R 1P5, Canada",5,45,https://higherwireelectric.com/,real,https://maps.google.com/?cid=2043640461623306469&g_mp=Cidnb29nbGUubWFwcy5wbGFjZXMudjEuUGxhY2VzLlNlYXJjaFRleHQQAhgEIAA,yes,yes,https://www.higherwireelectric.com/,yes,,275,943,,44
BUR-HAN Garden & Lawn Care,landscaping company,Burnaby BC,(604) 983-2687,"2323 Old Dollarton Rd Unit A, North Vancouver, BC V7H 1A9, Canada",4.5,148,https://bur-han.ca/,real,https://maps.google.com/?cid=11637505807523901267&g_mp=Cidnb29nbGUubWFwcy5wbGFjZXMudjEuUGxhY2VzLlNlYXJjaFRleHQQAhgEIAA,yes,yes,https://bur-han.ca/,yes,2026,68,354,,44
ASM Pest Control,pest control,Surrey BC,(604) 589-5403,"15581 89 Ave, Surrey, BC V3R 0R3, Canada",4.8,90,https://www.asmpestcontrol.com/pest-control-surrey/,real,https://maps.google.com/?cid=889429319344623040&g_mp=Cidnb29nbGUubWFwcy5wbGFjZXMudjEuUGxhY2VzLlNlYXJjaFRleHQQAhgEIAA,yes,yes,https://www.asmpestcontrol.com/pest-control-surrey/,yes,2019,296,598,stale_copyright_2019,44
RainCity Pest Control,pest control,Surrey BC,(778) 960-7246,"2397 King George Blvd #676, Surrey, BC V4A 5A0, Canada",5,143,https://raincitypestcontrol.ca/?utm_source=google&utm_medium=organic&utm_campaign=gmb,real,https://maps.google.com/?cid=2965634708824142257&g_mp=Cidnb29nbGUubWFwcy5wbGFjZXMudjEuUGxhY2VzLlNlYXJjaFRleHQQAhgEIAA,yes,yes,https://raincitypestcontrol.ca/?utm_source=google&utm_medium=organic&utm_campaign=gmb,yes,2026,398,4048,,44
Seaside Pest Control,pest control,Surrey BC,(604) 529-7700,"2075 Oak Meadows Dr #48, Surrey, BC V3Z 1J6, Canada",4.9,148,https://seasidepest.ca/pest-control-surrey-bc/,real,https://maps.google.com/?cid=10747989143710232311&g_mp=Cidnb29nbGUubWFwcy5wbGFjZXMudjEuUGxhY2VzLlNlYXJjaFRleHQQAhgEIAA,yes,yes,https://seasidepest.ca/pest-control-surrey-bc/,yes,,1322,441,,44
A-king Auto Repair,auto repair shop,Surrey BC,(778) 300-2620,"7877 128 St Unit 105, Surrey, BC V3W 4E7, Canada",4,144,https://www.akingauto.ca/,real,https://maps.google.com/?cid=8197406071069927123&g_mp=Cidnb29nbGUubWFwcy5wbGFjZXMudjEuUGxhY2VzLlNlYXJjaFRleHQQAhgEIAA,yes,yes,https://www.akingauto.ca/,yes,,144,320,,44
Autoden Repairs,auto repair shop,Surrey BC,(604) 617-0005,"12921 84 Ave Unit 107, Surrey, BC V3W 1B3, Canada",4.5,98,https://autodenrepairs.com/,real,https://maps.google.com/?cid=6310095589293450354&g_mp=Cidnb29nbGUubWFwcy5wbGFjZXMudjEuUGxhY2VzLlNlYXJjaFRleHQQAhgEIAA,dead,no,,no,,,,unreachable_ENOTFOUND,44
Cloverdale Auto Repair Center Ltd.,auto repair shop,Langley BC,(604) 576-2411,"17545 56 Ave, Surrey, BC V3S 1C4, Canada",4.4,143,https://www.cloverdaleautorepair.ca/,real,https://maps.google.com/?cid=12000851629987577287&g_mp=Cidnb29nbGUubWFwcy5wbGFjZXMudjEuUGxhY2VzLlNlYXJjaFRleHQQAhgEIAA,yes,yes,https://www.cloverdaleautorepair.ca/,yes,,244,96,,44
Brake Shop and Oil Change. Ritelane Mobile Brake + Lube Ltd.,auto repair shop,Langley BC,(236) 622-2936,"8840 210 St, Langley Twp, BC V1M 2K3, Canada",5,145,https://www.ritelanebrakelube.ca/,real,https://maps.google.com/?cid=6882241196560133973&g_mp=Cidnb29nbGUubWFwcy5wbGFjZXMudjEuUGxhY2VzLlNlYXJjaFRleHQQAhgEIAA,yes,yes,https://ritelanebrakelube.ca/,yes,2026,234,1366,,44
Black Bear Auto Service LTD - Your Trusted Off-Road & Auto Repair Specialists,auto repair shop,Burnaby BC,(236) 477-5938,"5162 Still Creek Ave, Burnaby, BC V5C 4E4, Canada",4.9,142,http://www.blackbearautoservice.com/,real,https://maps.google.com/?cid=5281359022709680796&g_mp=Cidnb29nbGUubWFwcy5wbGFjZXMudjEuUGxhY2VzLlNlYXJjaFRleHQQAhgEIAA,yes,yes,https://www.blackbearautoservice.com/,yes,,248,1320,,44
AK Autoworks,auto repair shop,Burnaby BC,(604) 688-6378,"3901 Charles St, Burnaby, BC V5C 3K7, Canada",4.8,144,http://www.akautoworks.com/,real,https://maps.google.com/?cid=16292394301222395569&g_mp=Cidnb29nbGUubWFwcy5wbGFjZXMudjEuUGxhY2VzLlNlYXJjaFRleHQQAhgEIAA,yes,yes,https://www.akautoworks.com/,yes,,11,875,,44
Aria Auto Service,auto repair shop,Richmond BC,(604) 276-8801,"13931 Sparwood Pl #110, Richmond, BC V6V 1X2, Canada",4.6,98,http://www.ariaauto.ca/,real,https://maps.google.com/?cid=4549799404912425295&g_mp=Cidnb29nbGUubWFwcy5wbGFjZXMudjEuUGxhY2VzLlNlYXJjaFRleHQQAhgEIAA,yes,yes,https://www.facebook.com/@ariaautoservice/?hr=1&wtsid=rdr_0ccqNAl47BqEQtg85,yes,,46,967,redirects_to_social,44
SA Auto Stock,auto repair shop,Delta BC,(604) 589-8080,"11943 94 Ave, Delta, BC V4C 3R8, Canada",4.6,146,http://www.saautostock.ca/,real,https://maps.google.com/?cid=12502121179251290000&g_mp=Cidnb29nbGUubWFwcy5wbGFjZXMudjEuUGxhY2VzLlNlYXJjaFRleHQQAhgEIAA,yes,yes,https://www.saautostock.ca/,yes,2025,43,606,,44
Fix Me Right Auto Inc.,auto repair shop,Delta BC,(778) 368-3022,"11955 94 Ave, Delta, BC V4C 3R8, Canada",4.9,47,https://fmrautoinc.wixsite.com/website,real,https://maps.google.com/?cid=16770526235558745026&g_mp=Cidnb29nbGUubWFwcy5wbGFjZXMudjEuUGxhY2VzLlNlYXJjaFRleHQQAhgEIAA,yes,yes,https://fmrautoinc.wixsite.com/website,yes,2022,681,1069,stale_copyright_2022;builder_wix,44
Autorox Automotive Repairs,auto repair shop,Delta BC,(604) 832-1371,"136 W 71st Ave, Vancouver, BC V5X 4S7, Canada",4.9,91,http://www.autorox.ca/,real,https://maps.google.com/?cid=14137907050178485671&g_mp=Cidnb29nbGUubWFwcy5wbGFjZXMudjEuUGxhY2VzLlNlYXJjaFRleHQQAhgEIAA,yes,yes,https://www.autorox.ca/,yes,,817,391,builder_wix,44
Muffler-Tech Automotive,auto repair shop,Maple Ridge BC,(604) 462-1444,"14301 256 St, Maple Ridge, BC V4R 0B9, Canada",4.3,95,http://www.mufflertech.ca/,real,https://maps.google.com/?cid=2383227566558122787&g_mp=Cidnb29nbGUubWFwcy5wbGFjZXMudjEuUGxhY2VzLlNlYXJjaFRleHQQAhgEIAA,yes,yes,https://www.mufflertech.ca/,yes,,78,509,builder_sitebuilder,44
Craftsman Collision,auto repair shop,Maple Ridge BC,(604) 465-1750,"11927 203 St, Maple Ridge, BC V2X 4V2, Canada",4.7,149,https://craftsmancollision.com/collision-centre/maple-ridge-autobody-glass-service/,real,https://maps.google.com/?cid=10943223850313131991&g_mp=Cidnb29nbGUubWFwcy5wbGFjZXMudjEuUGxhY2VzLlNlYXJjaFRleHQQAhgEIAA,yes,yes,https://craftsmancollision.com/collision-centre/maple-ridge-autobody-glass-service/,yes,,52,253,,44
Boyd Autobody & Glass,auto repair shop,Maple Ridge BC,(604) 463-7002,"22715 Dewdney Trunk Rd, Maple Ridge, BC V2X 3K3, Canada",4.7,145,https://www.boydautobody.com/locations/maple-ridge-bc,real,https://maps.google.com/?cid=17473565750021439260&g_mp=Cidnb29nbGUubWFwcy5wbGFjZXMudjEuUGxhY2VzLlNlYXJjaFRleHQQAhgEIAA,yes,yes,https://www.boydautobody.com/locations/maple-ridge-bc,yes,2026,29,432,,44
Benz Automatic Transmission Ltd,auto repair shop,Maple Ridge BC,(604) 463-3111,"21279 Lougheed Hwy, Maple Ridge, BC V2X 2R6, Canada",4.3,98,https://benztransmissions.ca/,real,https://maps.google.com/?cid=7637000117105734241&g_mp=Cidnb29nbGUubWFwcy5wbGFjZXMudjEuUGxhY2VzLlNlYXJjaFRleHQQAhgEIAA,yes,yes,https://benztransmissions.ca/,no,,44,1484,not_mobile_ready,44
Budget Brake & Muffler Auto Centres - North Vancouver,auto repair shop,North Vancouver BC,(604) 980-8517,"1315 Cotton Rd, North Vancouver, BC V7J 1C2, Canada",4.2,142,https://budgetbrake.com/locations/metro-vancouver/north-vancouver/,real,https://maps.google.com/?cid=17554770851383315487&g_mp=Cidnb29nbGUubWFwcy5wbGFjZXMudjEuUGxhY2VzLlNlYXJjaFRleHQQAhgEIAA,yes,yes,https://budgetbrake.com/locations/metro-vancouver/north-vancouver/,yes,2026,392,299,,44
White's Specialty Auto & Truck,auto repair shop,North Vancouver BC,(604) 984-9548,"1355 Crown St, North Vancouver, BC V7J 1G4, Canada",4.8,99,http://www.whitesauto.ca/,real,https://maps.google.com/?cid=16868459067885216443&g_mp=Cidnb29nbGUubWFwcy5wbGFjZXMudjEuUGxhY2VzLlNlYXJjaFRleHQQAhgEIAA,yes,yes,https://whitesauto.ca/,yes,2024,91,4743,stale_copyright_2024,44
Pacaire Hvac Supplies,hvac contractor,Langley BC,(604) 539-0233,"19515 56 Ave #101, Surrey, BC V3S 6K3, Canada",4.2,45,https://pacaire.ca/,real,https://maps.google.com/?cid=14667695153291550342&g_mp=Cidnb29nbGUubWFwcy5wbGFjZXMudjEuUGxhY2VzLlNlYXJjaFRleHQQAhgEIAA,yes,yes,https://pacaire.ca/,yes,,242,511,,44
Pro Ace Heating & Air Conditioning,hvac contractor,Coquitlam BC,(604) 283-2353,"1560 Broadway St, Port Coquitlam, BC V3C 2M7, Canada",4.7,41,https://acecare.ca/,real,https://maps.google.com/?cid=4920915700935396154&g_mp=Cidnb29nbGUubWFwcy5wbGFjZXMudjEuUGxhY2VzLlNlYXJjaFRleHQQAhgEIAA,yes,yes,https://acecare.ca/,yes,2026,156,119,,44
Pacific Supply House Ltd.,hvac contractor,Richmond BC,(604) 270-7173,"13631 Vulcan Wy Unit 160, Richmond, BC V6V 0C6, Canada",4.6,43,https://pacificsupplyhouse.com/,real,https://maps.google.com/?cid=450521092660114220&g_mp=Cidnb29nbGUubWFwcy5wbGFjZXMudjEuUGxhY2VzLlNlYXJjaFRleHQQAhgEIAA,yes,yes,https://pacificsupplyhouse.com/,yes,2026,177,366,,44
Bert's Automotive Transmissions,auto repair shop,Langley BC,(604) 530-2565,"5965 200 St #1, Langley, BC V3A 1N2, Canada",4.9,91,http://bertslangley.ca/,real,https://maps.google.com/?cid=11334224097355693152&g_mp=Cidnb29nbGUubWFwcy5wbGFjZXMudjEuUGxhY2VzLlNlYXJjaFRleHQQAhgEIAA,dead,no,,no,,,,unreachable_ENOTFOUND,44
Granville & Avery Automotive,auto repair shop,Richmond BC,(604) 266-7610,"8865 Osler St, Vancouver, BC V6P 4G1, Canada",4.7,145,http://gaautovan.ca/,real,https://maps.google.com/?cid=10118862896516351764&g_mp=Cidnb29nbGUubWFwcy5wbGFjZXMudjEuUGxhY2VzLlNlYXJjaFRleHQQAhgEIAA,yes,yes,https://www.gaautovan.ca/,yes,2025,45,1494,,44
One Dial Plumbing and Heating Ltd.,plumber,Surrey BC,(236) 883-3407,"13155 99a Ave, Surrey, BC V3T 1G2, Canada",5,37,https://www.onedialplumbing.com/,real,https://maps.google.com/?cid=11061008057674389083&g_mp=Cidnb29nbGUubWFwcy5wbGFjZXMudjEuUGxhY2VzLlNlYXJjaFRleHQQAhgEIAA,yes,yes,https://www.onedialplumbing.com/,yes,2026,217,2029,,43
Pacific Western Plumbing,plumber,Surrey BC,(778) 928-7586,"6591 195A St #47, Surrey, BC V4N 6N5, Canada",4.8,38,https://pwplumbers.ca/,real,https://maps.google.com/?cid=12825466469270830192&g_mp=Cidnb29nbGUubWFwcy5wbGFjZXMudjEuUGxhY2VzLlNlYXJjaFRleHQQAhgEIAA,yes,yes,https://pwplumbers.ca/,yes,,5,221,,43
Paradox Plumbing and Mechanical services,plumber,Surrey BC,(604) 719-3251,"14960 90a Ave, Surrey, BC V3R 1B4, Canada",4.9,33,https://paradoxplumbing.com/,real,https://maps.google.com/?cid=11413969960788312472&g_mp=Cidnb29nbGUubWFwcy5wbGFjZXMudjEuUGxhY2VzLlNlYXJjaFRleHQQAhgEIAA,yes,yes,https://paradoxplumbing.com/,yes,2026,254,456,,43
Stefano's Plumbing & Drain Cleaning,plumber,Surrey BC,(604) 908-9580,"11345 137 St, Surrey, BC V3R 3C6, Canada",4.9,36,https://stefanosplumbing.ca/home,real,https://maps.google.com/?cid=17307856900951455551&g_mp=Cidnb29nbGUubWFwcy5wbGFjZXMudjEuUGxhY2VzLlNlYXJjaFRleHQQAhgEIAA,yes,yes,https://stefanosplumbing.ca/,yes,,541,2038,,43
Greenmoose Plumbing,plumber,Surrey BC,(604) 805-3011,"9423 125 St, Surrey, BC V3V 4X5, Canada",5,37,https://greenmooseplumbing.ca/,real,https://maps.google.com/?cid=15026389216535921088&g_mp=Cidnb29nbGUubWFwcy5wbGFjZXMudjEuUGxhY2VzLlNlYXJjaFRleHQQAhgEIAA,yes,yes,https://greenmooseplumbing.ca/,yes,,134,1823,,43
Mr Swirl The Friendly Plumber,plumber,Langley BC,(604) 435-4664,"20627 Fraser Hwy, Langley, BC V3A 4G4, Canada",4.7,39,https://www.mrswirl.com/plumbing-langley/,real,https://maps.google.com/?cid=10253700197657811888&g_mp=Cidnb29nbGUubWFwcy5wbGFjZXMudjEuUGxhY2VzLlNlYXJjaFRleHQQAhgEIAA,yes,yes,https://www.mrswirl.com/plumbing-langley/,yes,,356,237,,43
Howl Plumbing & Drainage Inc,plumber,Langley BC,(778) 836-7243,"7845 210 St, Langley Twp, BC V2Y 0H7, Canada",5,32,http://www.howlplumbinganddrainage.com/,real,https://maps.google.com/?cid=2712018520695632848&g_mp=Cidnb29nbGUubWFwcy5wbGFjZXMudjEuUGxhY2VzLlNlYXJjaFRleHQQAhgEIAA,yes,yes,https://howlplumbinganddrainage.com/,yes,2026,107,268,,43
RICHMOND TECH PLUMBING AND DRAINAGE LTD,plumber,Burnaby BC,(236) 888-5501,"3738 N Fraser Wy #101, Burnaby, BC V5J 5G7, Canada",5,34,https://www.richmondtechplumbinganddrainage.ca/,real,https://maps.google.com/?cid=10227550598531258478&g_mp=Cidnb29nbGUubWFwcy5wbGFjZXMudjEuUGxhY2VzLlNlYXJjaFRleHQQAhgEIAA,yes,yes,https://www.richmondtechplumbinganddrainage.ca/,yes,2026,9,153,,43
Pacific Blue Mechanical,plumber,Burnaby BC,(778) 955-9999,"7225 Acorn Ave, Burnaby, BC V5E 0A9, Canada",4.7,39,https://pacificbluemechanical.ca/,real,https://maps.google.com/?cid=9670776860439795811&g_mp=Cidnb29nbGUubWFwcy5wbGFjZXMudjEuUGxhY2VzLlNlYXJjaFRleHQQAhgEIAA,yes,yes,https://pacificbluemechanical.ca/,yes,2026,215,293,,43
Link Plumbing & Heating Ltd.,plumber,Burnaby BC,(604) 961-9702,"6 Delta Ave, Burnaby, BC V5B 3C2, Canada",4.8,39,https://linkplumbing.ca/,real,https://maps.google.com/?cid=17413153205444214734&g_mp=Cidnb29nbGUubWFwcy5wbGFjZXMudjEuUGxhY2VzLlNlYXJjaFRleHQQAhgEIAA,yes,yes,https://linkplumbing.ca/,yes,,333,810,,43
Mr Swirl The Friendly Plumber,plumber,Burnaby BC,(604) 435-4664,"2025 Willingdon Ave #900, Burnaby, BC V5C 0J3, Canada",4.5,33,https://www.mrswirl.com/plumbing-burnaby/,real,https://maps.google.com/?cid=7086759917439905247&g_mp=Cidnb29nbGUubWFwcy5wbGFjZXMudjEuUGxhY2VzLlNlYXJjaFRleHQQAhgEIAA,yes,yes,https://www.mrswirl.com/plumbing-burnaby/,yes,,345,430,,43
Promec Plumbing & Heating,plumber,Coquitlam BC,(778) 871-2151,"22955 Atlantic Ave Unit# 2709, Coquitlam, BC V3B 0H9, Canada",5,38,https://promecplumbingheating.com/,real,https://maps.google.com/?cid=6353369999883593055&g_mp=Cidnb29nbGUubWFwcy5wbGFjZXMudjEuUGxhY2VzLlNlYXJjaFRleHQQAhgEIAA,yes,yes,https://promecplumbingheating.com/,yes,,159,517,,43
Mr Drain Plumber Port Moody,plumber,Coquitlam BC,(604) 373-1250,"109 Clearview Dr, Port Moody, BC V3H 2S7, Canada",5,39,https://mrdrainplumber.site/,real,https://maps.google.com/?cid=16461945341640891850&g_mp=Cidnb29nbGUubWFwcy5wbGFjZXMudjEuUGxhY2VzLlNlYXJjaFRleHQQAhgEIAA,yes,yes,https://mrdrainplumber.site/,yes,,5,599,,43
"TYS Plumbing, Heating & Cooling",plumber,Coquitlam BC,(778) 697-9433,"1920 Grant Ave, Port Coquitlam, BC V3B 1P7, Canada",5,35,https://tysplumbingandheating.com/locations-we-serve/port-coquitlam-plumbing-and-heating/,real,https://maps.google.com/?cid=13770470560909802532&g_mp=Cidnb29nbGUubWFwcy5wbGFjZXMudjEuUGxhY2VzLlNlYXJjaFRleHQQAhgEIAA,yes,yes,https://tysplumbingandheating.com/locations-we-serve/port-coquitlam-plumbing-and-heating/,yes,2025,204,398,,43
Lucky 58 Plumbing & Mechanical INC.,plumber,Richmond BC,(604) 757-8338,"11920 Forge Pl #125, Richmond, BC V7A 4V9, Canada",4.2,35,https://lucky58.ca/,real,https://maps.google.com/?cid=11214615901943141562&g_mp=Cidnb29nbGUubWFwcy5wbGFjZXMudjEuUGxhY2VzLlNlYXJjaFRleHQQAhgEIAA,yes,yes,https://lucky58.ca/,yes,,107,1589,,43
Bema Plumbing LTD,plumber,Delta BC,(604) 354-0600,"5148 Ladner Trunk Rd #251, Delta, BC V4K 1W3, Canada",5,34,https://bemaplumbing.com/,real,https://maps.google.com/?cid=17989052897247119693&g_mp=Cidnb29nbGUubWFwcy5wbGFjZXMudjEuUGxhY2VzLlNlYXJjaFRleHQQAhgEIAA,yes,yes,https://bemaplumbing.com/,yes,2026,108,455,,43
"PJB Mechanical, Plumbing, Heating & Cooling",plumber,Delta BC,(604) 940-2268,"7402 Progress Wy #108, Delta, BC V4G 0A1, Canada",4.1,35,https://pjbmechanical.com/,real,https://maps.google.com/?cid=9125171682071855759&g_mp=Cidnb29nbGUubWFwcy5wbGFjZXMudjEuUGxhY2VzLlNlYXJjaFRleHQQAhgEIAA,yes,yes,https://pjbmechanical.com/,yes,2026,187,387,,43
VPS Vancouver Plumbing Services,plumber,North Vancouver BC,(604) 330-6079,"912 Prospect Ave, North Vancouver, BC V7R 2M3, Canada",5,30,https://vancoplumbing.ca/,real,https://maps.google.com/?cid=6046208134635278265&g_mp=Cidnb29nbGUubWFwcy5wbGFjZXMudjEuUGxhY2VzLlNlYXJjaFRleHQQAhgEIAA,yes,yes,https://vancoplumbing.ca/,yes,,736,680,,43
Kodiak Heating & Plumbing LTD,plumber,North Vancouver BC,(604) 990-7611,"860 16th St E, North Vancouver, BC V7L 2V4, Canada",4.6,35,https://www.kodiakheatingandplumbing.com/,real,https://maps.google.com/?cid=1084446624365034730&g_mp=Cidnb29nbGUubWFwcy5wbGFjZXMudjEuUGxhY2VzLlNlYXJjaFRleHQQAhgEIAA,yes,yes,https://www.kodiakheatingandplumbing.com/,yes,,188,632,,43
Reliance Home Comfort,hvac contractor,Surrey BC,(877) 728-6720,"8116 130 St Unit 6, Surrey, BC V3W 8J9, Canada",4.9,38,https://reliancehomecomfort.com/vancouver/surrey/?utm_source=google&utm_medium=organic&utm_campaign=gmb-surrey,real,https://maps.google.com/?cid=16713291980972982188&g_mp=Cidnb29nbGUubWFwcy5wbGFjZXMudjEuUGxhY2VzLlNlYXJjaFRleHQQAhgEIAA,yes,yes,https://reliancehomecomfort.com/vancouver/surrey/?utm_source=google&utm_medium=organic&utm_campaign=gmb-surrey,yes,,973,2112,,43
Airlinx Furnace Heating & AC HVAC Ltd.,hvac contractor,Burnaby BC,(604) 363-6622,"4245 Pender St, Burnaby, BC V5C 2M4, Canada",5,31,https://airlinxheating.ca/,real,https://maps.google.com/?cid=9079477530834129625&g_mp=Cidnb29nbGUubWFwcy5wbGFjZXMudjEuUGxhY2VzLlNlYXJjaFRleHQQAhgEIAA,yes,yes,https://airlinxheating.ca/,yes,,236,378,,43
Thermo Furnace,hvac contractor,Burnaby BC,(604) 728-5838,"5925 Dundas St, Burnaby, BC V5B 4P1, Canada",4.9,35,https://thermofurnace.net/,real,https://maps.google.com/?cid=981143933289512007&g_mp=Cidnb29nbGUubWFwcy5wbGFjZXMudjEuUGxhY2VzLlNlYXJjaFRleHQQAhgEIAA,yes,yes,https://thermofurnace.net/,yes,,63,959,,43
GF Master Heating & Air Conditioning,hvac contractor,Coquitlam BC,(604) 710-5893,"2563 Steeple Ct, Coquitlam, BC V3E 1K5, Canada",4.9,36,https://gfmaster.ca/,real,https://maps.google.com/?cid=13759183406393340473&g_mp=Cidnb29nbGUubWFwcy5wbGFjZXMudjEuUGxhY2VzLlNlYXJjaFRleHQQAhgEIAA,yes,yes,https://gfmaster.ca/,yes,,853,519,,43
"XTRA PRO HEATING, AIR CONDITIONING & PLUMBING LTD.",hvac contractor,Coquitlam BC,(604) 710-0112,"House, 3438 Liverpool St, Port Coquitlam, BC V3B 3W1, Canada",5,39,http://www.xtrapro.ca/,real,https://maps.google.com/?cid=15814932310117625049&g_mp=Cidnb29nbGUubWFwcy5wbGFjZXMudjEuUGxhY2VzLlNlYXJjaFRleHQQAhgEIAA,yes,yes,https://xtrapro.ca/,yes,,414,548,,43
Jolly Heating & Cooling,hvac contractor,Richmond BC,(778) 800-8868,"8400 No 4 Rd, Richmond, BC V6Y 2T6, Canada",5,35,https://www.jollyheating.com/,real,https://maps.google.com/?cid=5856288440539526201&g_mp=Cidnb29nbGUubWFwcy5wbGFjZXMudjEuUGxhY2VzLlNlYXJjaFRleHQQAhgEIAA,yes,yes,https://jollyheating.com/,yes,2026,81,233,,43
Superior Gas Installations & Service Ltd,hvac contractor,Richmond BC,(604) 324-0046,"408 E Kent Avenue S #107, Vancouver, BC V5X 2X7, Canada",4.9,38,http://superiorgas.ca/,real,https://maps.google.com/?cid=11062869351628196421&g_mp=Cidnb29nbGUubWFwcy5wbGFjZXMudjEuUGxhY2VzLlNlYXJjaFRleHQQAhgEIAA,yes,yes,https://superiorgas.ca/,yes,,268,1081,,43
West Coast Geothermal Ltd,hvac contractor,Maple Ridge BC,(604) 463-1723,"24303 McClure Dr, Maple Ridge, BC V2W 2E6, Canada",4.9,32,https://www.westcoastgeothermal.com/,real,https://maps.google.com/?cid=18174912503530705078&g_mp=Cidnb29nbGUubWFwcy5wbGFjZXMudjEuUGxhY2VzLlNlYXJjaFRleHQQAhgEIAA,yes,yes,https://www.westcoastgeothermal.com/,yes,,88,1942,,43
Vanguard Mechanical Ltd,hvac contractor,Maple Ridge BC,(604) 465-0132,"20285 Stewart Crescent #104, Maple Ridge, BC V2X 8G1, Canada",4.3,30,http://www.vanguardmechanical.net/,real,https://maps.google.com/?cid=11869568788274957818&g_mp=Cidnb29nbGUubWFwcy5wbGFjZXMudjEuUGxhY2VzLlNlYXJjaFRleHQQAhgEIAA,yes,yes,https://vanguardmechanical.net/,yes,,47,499,,43
Airmount Mechanical,hvac contractor,North Vancouver BC,(604) 999-4441,"633 Fir St, North Vancouver, BC V7M 1W3, Canada",5,31,https://airmountmechanical.com/,real,https://maps.google.com/?cid=17931693456731903837&g_mp=Cidnb29nbGUubWFwcy5wbGFjZXMudjEuUGxhY2VzLlNlYXJjaFRleHQQAhgEIAA,yes,yes,https://airmountmechanical.com/,yes,2026,336,457,,43
AZ Air Conditioning and Heating.,hvac contractor,North Vancouver BC,(778) 770-5721,"922 Homer St, Vancouver, BC V6B 1T7, Canada",4.9,33,http://azhvac.ca/hvac,real,https://maps.google.com/?cid=11089568489906654104&g_mp=Cidnb29nbGUubWFwcy5wbGFjZXMudjEuUGxhY2VzLlNlYXJjaFRleHQQAhgEIAA,yes,yes,https://www.azhvac.ca/hvac,yes,,98,730,,43
Saeryk Electrical - Modernization & Compliance Specialist,electrician,Surrey BC,(604) 376-9566,"112 Ave, Surrey, BC V3R 8Y8, Canada",4.9,35,https://saerykelectrical.ca/,real,https://maps.google.com/?cid=3793000306302834766&g_mp=Cidnb29nbGUubWFwcy5wbGFjZXMudjEuUGxhY2VzLlNlYXJjaFRleHQQAhgEIAA,yes,yes,https://saerykelectrical.ca/,yes,2026,100,381,,43
Fourteen Electrical Ltd,electrician,Surrey BC,(778) 866-0014,"15355 68 Ave Unit-115, Surrey, BC V3S 2C1, Canada",4.7,35,http://fourteenelectrical.ca/,real,https://maps.google.com/?cid=4464042996941782591&g_mp=Cidnb29nbGUubWFwcy5wbGFjZXMudjEuUGxhY2VzLlNlYXJjaFRleHQQAhgEIAA,yes,yes,https://www.fourteenelectrical.ca/,yes,2025,232,1041,,43
Lightning Voltage Electrical Ltd,electrician,Surrey BC,(778) 241-9350,"12468 82 Ave, Surrey, BC V3W 3E9, Canada",4.5,37,http://www.lightningvoltageelectrical.ca/,real,https://maps.google.com/?cid=17779853922630000609&g_mp=Cidnb29nbGUubWFwcy5wbGFjZXMudjEuUGxhY2VzLlNlYXJjaFRleHQQAhgEIAA,yes,yes,https://lightningvoltageelectrical.ca/,yes,,328,2861,,43
Golden Leaf Electrical Services,electrician,Langley BC,(604) 568-1899,"8400 Forest Grove Dr, Burnaby, BC V5A 4B7, Canada",4.8,38,https://www.goldenleafelectrical.com/,real,https://maps.google.com/?cid=3763146048022381124&g_mp=Cidnb29nbGUubWFwcy5wbGFjZXMudjEuUGxhY2VzLlNlYXJjaFRleHQQAhgEIAA,yes,yes,https://goldenleafelectrical.com/,yes,,166,1962,,43
Sputnik Electrical Services Inc.,electrician,Coquitlam BC,(604) 773-2253,"3536 Graham St, Port Coquitlam, BC V3B 5L8, Canada",5,30,http://sputnikelectrical.ca/,real,https://maps.google.com/?cid=15561737370448125014&g_mp=Cidnb29nbGUubWFwcy5wbGFjZXMudjEuUGxhY2VzLlNlYXJjaFRleHQQAhgEIAA,yes,yes,https://sputnikelectrical.ca/,yes,2026,65,708,,43
StefWest Electrical Systems Ltd. - Coquitlam,electrician,Coquitlam BC,(604) 754-7275,"2992 Glen Dr #1300, Coquitlam, BC V3B 0V2, Canada",5,38,https://stefwestelectricalsystems.com/,real,https://maps.google.com/?cid=2218024616979649625&g_mp=Cidnb29nbGUubWFwcy5wbGFjZXMudjEuUGxhY2VzLlNlYXJjaFRleHQQAhgEIAA,yes,yes,https://www.stefwestelectricalsystems.com/,yes,,69,933,,43
Proamp Electric Ltd,electrician,Coquitlam BC,(604) 460-6683,"1780 McLean Ave Unit 13A, Port Coquitlam, BC V3C 1N1, Canada",4.9,30,http://www.proampelectric.ca/,real,https://maps.google.com/?cid=4123196377033934077&g_mp=Cidnb29nbGUubWFwcy5wbGFjZXMudjEuUGxhY2VzLlNlYXJjaFRleHQQAhgEIAA,yes,yes,https://proampelectric.ca/,yes,,154,1235,,43
Nu Phase Electric Ltd,electrician,Richmond BC,(604) 783-4533,"12311 No 2 Rd Unit 3, Richmond, BC V7E 0A3, Canada",5,36,https://nuphaseelectric.com/,real,https://maps.google.com/?cid=7271384154814486202&g_mp=Cidnb29nbGUubWFwcy5wbGFjZXMudjEuUGxhY2VzLlNlYXJjaFRleHQQAhgEIAA,yes,yes,https://nuphaseelectric.com/,yes,2025,131,4796,,43
Vancouver Green Electric Ltd,electrician,Richmond BC,(604) 644-0451,"11780 River Rd Unit 170, Richmond, BC V6X 1Z7, Canada",4.8,39,http://www.vancouvergreenelectric.com/,real,https://maps.google.com/?cid=16095059072190855167&g_mp=Cidnb29nbGUubWFwcy5wbGFjZXMudjEuUGxhY2VzLlNlYXJjaFRleHQQAhgEIAA,yes,yes,https://www.vancouvergreenelectric.com/,yes,,105,893,,43
ACMann Electrical,electrician,Richmond BC,(604) 765-0926,"781 E 32nd Ave, Vancouver, BC V5V 2Y5, Canada",5,39,https://acmannelectrical.ca/?utm_source=google&utm_medium=gmb&utm_campaign=vancouver_gmb,real,https://maps.google.com/?cid=5401542594869983089&g_mp=Cidnb29nbGUubWFwcy5wbGFjZXMudjEuUGxhY2VzLlNlYXJjaFRleHQQAhgEIAA,http_520,yes,https://acmannelectrical.ca/?utm_source=google&utm_medium=gmb&utm_campaign=vancouver_gmb,yes,,7,387,,43
VARS Electric Inc.,electrician,Maple Ridge BC,(778) 789-5090,"10151 240 St, Maple Ridge, BC V2W 0G9, Canada",4.9,36,https://www.varselectric.ca/,real,https://maps.google.com/?cid=17712018283869969149&g_mp=Cidnb29nbGUubWFwcy5wbGFjZXMudjEuUGxhY2VzLlNlYXJjaFRleHQQAhgEIAA,yes,yes,https://www.varselectric.ca/,yes,,25,466,,43
Reliable Electric,electrician,North Vancouver BC,(604) 924-3703,"969 W 1st St, North Vancouver, BC V7P 1A4, Canada",4.7,33,https://www.reliableelectric.ca/,real,https://maps.google.com/?cid=10614005550673507492&g_mp=Cidnb29nbGUubWFwcy5wbGFjZXMudjEuUGxhY2VzLlNlYXJjaFRleHQQAhgEIAA,yes,yes,https://www.reliableelectric.ca/,yes,2025,154,871,,43
Fowlstone Electric LTD.,electrician,North Vancouver BC,(604) 984-9082,"188 Pemberton Ave #201, North Vancouver, BC V7P 2R5, Canada",5,33,https://fowlstoneelectric.com/,real,https://maps.google.com/?cid=16809053652628901506&g_mp=Cidnb29nbGUubWFwcy5wbGFjZXMudjEuUGxhY2VzLlNlYXJjaFRleHQQAhgEIAA,yes,yes,https://fowlstoneelectric.com/,yes,2026,254,1069,,43
BC Star Electric Ltd.,electrician,North Vancouver BC,(604) 355-4240,"198 29th St E Lonsdale, North Vancouver, BC V7N 1C4, Canada",5,36,http://www.bcstarelectric.ca/,real,https://maps.google.com/?cid=6467451204501485440&g_mp=Cidnb29nbGUubWFwcy5wbGFjZXMudjEuUGxhY2VzLlNlYXJjaFRleHQQAhgEIAA,yes,yes,https://www.bcstarelectric.ca/en/,yes,2026,44,1054,,43
Para Space Landscaping Inc,landscaping company,Burnaby BC,(604) 291-2800,"3751 Napier St, Burnaby, BC V5C 3E4, Canada",4.4,133,http://www.paraspaceinc.com/,real,https://maps.google.com/?cid=4679242250931427162&g_mp=Cidnb29nbGUubWFwcy5wbGFjZXMudjEuUGxhY2VzLlNlYXJjaFRleHQQAhgEIAA,yes,yes,https://www.paraspaceinc.com/,yes,,155,1382,,43
Southwest Garden Supplies,landscaping company,Burnaby BC,(604) 454-9744,"4838 Byrne Rd, Burnaby, BC V5J 3H9, Canada",4.2,81,http://swgarden.ca/,real,https://maps.google.com/?cid=12313172136895621038&g_mp=Cidnb29nbGUubWFwcy5wbGFjZXMudjEuUGxhY2VzLlNlYXJjaFRleHQQAhgEIAA,yes,yes,https://www.swgarden.ca/,yes,,1417,738,builder_wix,43
Landscape Centre (Distribution Centre),landscaping company,Coquitlam BC,(604) 540-0333,"2350 United Blvd, Coquitlam, BC V3K 6S1, Canada",4.6,133,http://www.landscapecentre.com/,real,https://maps.google.com/?cid=7813440756037900527&g_mp=Cidnb29nbGUubWFwcy5wbGFjZXMudjEuUGxhY2VzLlNlYXJjaFRleHQQAhgEIAA,yes,yes,https://www.landscapecentre.com/,yes,2026,209,461,,43
West Coast Lawns & Gardens,landscaping company,North Vancouver BC,(778) 402-9836,"328 Harbour Ave, North Vancouver, BC V7J 2E9, Canada",4.6,139,https://westcoastlawns.ca/?utm_campaign=gmb,real,https://maps.google.com/?cid=1119831186512242450&g_mp=Cidnb29nbGUubWFwcy5wbGFjZXMudjEuUGxhY2VzLlNlYXJjaFRleHQQAhgEIAA,yes,yes,https://westcoastlawns.ca/?utm_campaign=gmb,yes,2026,372,620,,43
"Broadway Pest Control - Best Pest Control Service in Surrey | Exterminator, Rodent Control & Pest Control Surrey BC",pest control,Surrey BC,(236) 668-4372,"14555 68 Ave Unit 92, Surrey, BC V3S 2A8, Canada",4.9,80,https://broadwaypestcontrol.ca/,real,https://maps.google.com/?cid=8478314274623709242&g_mp=Cidnb29nbGUubWFwcy5wbGFjZXMudjEuUGxhY2VzLlNlYXJjaFRleHQQAhgEIAA,yes,yes,https://broadwaypestcontrol.ca/,yes,2024,254,2537,stale_copyright_2024,43
Pestcheck Services Limited - West Vancouver Pest Control,pest control,Coquitlam BC,(778) 949-1099,"2381 Marine Dr, West Vancouver, BC V7V 1K9, Canada",4.9,131,https://pestcheck.ca/service-areas/west-vancouver-pest-control/?utm_source=google&utm_medium=organic&utm_campaign=gmb,real,https://maps.google.com/?cid=16771331640156105622&g_mp=Cidnb29nbGUubWFwcy5wbGFjZXMudjEuUGxhY2VzLlNlYXJjaFRleHQQAhgEIAA,yes,yes,https://pestcheck.ca/service-areas/west-vancouver-pest-control/?utm_source=google&utm_medium=organic&utm_campaign=gmb,yes,,241,1102,,43
Aram's Auto Parts & Service Centre,auto repair shop,Surrey BC,(604) 957-2760,"13335 115 Ave #67, Surrey, BC V3R 0R8, Canada",4.3,137,https://www.aramsauto.ca/,real,https://maps.google.com/?cid=5147037194398869962&g_mp=Cidnb29nbGUubWFwcy5wbGFjZXMudjEuUGxhY2VzLlNlYXJjaFRleHQQAhgEIAA,yes,yes,https://aramsauto.ca/,yes,,55,260,,43
Energy Automotive Ltd.,auto repair shop,Surrey BC,(604) 594-0772,"12779 80 Ave, Surrey, BC V3W 3A6, Canada",4.3,136,https://energyautomotiveltd1.setmore.com/energyautomotiveltd,real,https://maps.google.com/?cid=4527706984262809860&g_mp=Cidnb29nbGUubWFwcy5wbGFjZXMudjEuUGxhY2VzLlNlYXJjaFRleHQQAhgEIAA,yes,yes,https://energyautomotiveltd1.setmore.com/energyautomotiveltd,yes,,100,250,,43
Ed's Motor Auto Service,auto repair shop,Coquitlam BC,(604) 521-2635,"175 Schoolhouse St #1, Coquitlam, BC V3K 4X8, Canada",4.2,86,http://edsmotors.ca/,real,https://maps.google.com/?cid=7416517720398300391&g_mp=Cidnb29nbGUubWFwcy5wbGFjZXMudjEuUGxhY2VzLlNlYXJjaFRleHQQAhgEIAA,yes,yes,https://www.edsmotors.ca/,yes,,96,556,builder_sitebuilder,43
Juan's Auto Service,auto repair shop,Richmond BC,(604) 241-2848,"8580 River Rd, Richmond, BC V6X 1Y4, Canada",4.7,130,http://www.juans.ca/,real,https://maps.google.com/?cid=1323546047788130147&g_mp=Cidnb29nbGUubWFwcy5wbGFjZXMudjEuUGxhY2VzLlNlYXJjaFRleHQQAhgEIAA,yes,yes,https://www.juans.ca/,yes,,105,424,,43
"Effective Auto Body Repair Ltd.,",auto repair shop,Richmond BC,(778) 986-2773,"3651 Number 3 Rd, Richmond, BC V6X 2B8, Canada",4,85,http://www.effectiveautobody.com/,real,https://maps.google.com/?cid=11900302773409008550&g_mp=Cidnb29nbGUubWFwcy5wbGFjZXMudjEuUGxhY2VzLlNlYXJjaFRleHQQAhgEIAA,yes,yes,https://effectiveautobody.com/,yes,2021,161,1604,stale_copyright_2021,43
Haney Automotive,auto repair shop,Maple Ridge BC,(604) 467-0138,"22711 Selkirk Ave, Maple Ridge, BC V2X 6J1, Canada",4.7,135,http://www.haneyautomotive.com/,real,https://maps.google.com/?cid=13617400854322400903&g_mp=Cidnb29nbGUubWFwcy5wbGFjZXMudjEuUGxhY2VzLlNlYXJjaFRleHQQAhgEIAA,yes,yes,https://haneyautomotive.com/,yes,,127,1545,,43
Mister Transmission,auto repair shop,Maple Ridge BC,(604) 245-1246,"20214 Lougheed Hwy #5, Maple Ridge, BC V2X 9V2, Canada",4.3,138,https://www.mistertransmission.com/maple-ridge/,real,https://maps.google.com/?cid=10755987202254583639&g_mp=Cidnb29nbGUubWFwcy5wbGFjZXMudjEuUGxhY2VzLlNlYXJjaFRleHQQAhgEIAA,yes,yes,https://www.mistertransmission.com/maple-ridge/,yes,,110,3527,,43
Nick's Auto Body Ltd,auto repair shop,North Vancouver BC,(604) 987-2802,"81 Mountain Hwy, North Vancouver, BC V7J 2K2, Canada",4.3,85,http://nicksautobodyshop.com/,real,https://maps.google.com/?cid=6109299787406542630&g_mp=Cidnb29nbGUubWFwcy5wbGFjZXMudjEuUGxhY2VzLlNlYXJjaFRleHQQAhgEIAA,yes,yes,https://www.nicksautobodyshop.com/,yes,,573,522,builder_wix,43
Craftsman Collision,auto repair shop,North Vancouver BC,(604) 980-0099,"810 W 1st St, North Vancouver, BC V7P 2K1, Canada",4.5,136,https://craftsmancollision.com/collision-centre/north-vancouver-autobody-glass-service/,real,https://maps.google.com/?cid=5885135721968740255&g_mp=Cidnb29nbGUubWFwcy5wbGFjZXMudjEuUGxhY2VzLlNlYXJjaFRleHQQAhgEIAA,yes,yes,https://craftsmancollision.com/collision-centre/north-vancouver-autobody-glass-service/,yes,,53,136,,43
Rovalution Automotive,auto repair shop,North Vancouver BC,(604) 985-6317,"867 3rd St W, North Vancouver, BC V7P 1E2, Canada",4.9,138,http://www.rovalution.ca/,real,https://maps.google.com/?cid=16853230187146973504&g_mp=Cidnb29nbGUubWFwcy5wbGFjZXMudjEuUGxhY2VzLlNlYXJjaFRleHQQAhgEIAA,yes,yes,https://www.rovalution.ca/,yes,,109,544,,43
AP backflow testing & Plumbing,plumber,Surrey BC,(604) 217-6347,"12685 90a Ave, Surrey, BC V3V 1C6, Canada",5,30,http://www.applumbingandheating.ca/,real,https://maps.google.com/?cid=5385042865459719372&g_mp=Cidnb29nbGUubWFwcy5wbGFjZXMudjEuUGxhY2VzLlNlYXJjaFRleHQQAhgEIAA,yes,yes,https://applumbingandheating.ca/,yes,,164,2467,,43
True North Plumbing,plumber,Richmond BC,(604) 706-5160,"8368 Capstan Wy, Richmond, BC V6X 2H6, Canada",5,30,https://truenorthplumbingofrichmond.blogspot.com/2026/08/true-north-plumbing-of-richmond.html,real,https://maps.google.com/?cid=4756513733068742659&g_mp=Cidnb29nbGUubWFwcy5wbGFjZXMudjEuUGxhY2VzLlNlYXJjaFRleHQQAhgEIAA,yes,yes,https://truenorthplumbingofrichmond.blogspot.com/2026/08/true-north-plumbing-of-richmond.html?m=1,yes,,112,361,,43
Voltz Electric Ltd.,electrician,Surrey BC,(778) 833-0703,"2450 161A St #61, Surrey, BC V3Z 8K4, Canada",5,34,http://www.voltzelectric.ca/,real,https://maps.google.com/?cid=7522779752129645827&g_mp=Cidnb29nbGUubWFwcy5wbGFjZXMudjEuUGxhY2VzLlNlYXJjaFRleHQQAhgEIAA,yes,yes,https://voltzelectric.ca/,yes,2026,140,268,,43
Speedy Glass Maple Ridge,auto repair shop,Maple Ridge BC,(604) 467-3408,"22712 Dewdney Trunk Rd, Maple Ridge, BC V2X 3K2, Canada",4.4,135,https://www.speedyglass.ca/en/service-centre/bc/maple-ridge/speedy-glass-maple-ridge?utm_source=google&utm_medium=local&utm_campaign=Speedy%20Glass%20Maple%20Ridge,real,https://maps.google.com/?cid=10401645085975040737&g_mp=Cidnb29nbGUubWFwcy5wbGFjZXMudjEuUGxhY2VzLlNlYXJjaFRleHQQAhgEIAA,yes,yes,https://www.speedyglass.ca/en/service-centre/bc/maple-ridge/speedy-glass-maple-ridge?utm_source=google&utm_medium=local&utm_campaign=Speedy%20Glass%20Maple%20Ridge,yes,,105,562,,43
Clever Plumbing & Drainage Surrey,plumber,Surrey BC,(604) 442-3230,"8220 King George Blvd, Surrey, BC V3W 6E1, Canada",5,23,https://cleverplumbing.ca/clever-plumbing-drainage-surrey/,real,https://maps.google.com/?cid=1093256804470575559&g_mp=Cidnb29nbGUubWFwcy5wbGFjZXMudjEuUGxhY2VzLlNlYXJjaFRleHQQAhgEIAA,yes,yes,https://cleverplumbing.ca/clever-plumbing-drainage-surrey/,yes,,107,916,,42
Five Rivers Plumbing and Heating,plumber,Surrey BC,(236) 869-4040,"6555 184a St, Surrey, BC V3S 8T3, Canada",5,20,http://fiveriversplumbingandheating.ca/,real,https://maps.google.com/?cid=13295425012694493343&g_mp=Cidnb29nbGUubWFwcy5wbGFjZXMudjEuUGxhY2VzLlNlYXJjaFRleHQQAhgEIAA,yes,yes,https://fiveriversplumbingandheating.ca/,yes,,117,747,,42
PureLine Mechanical Ltd,plumber,Burnaby BC,(778) 808-4314,"2108 Gilmore Ave, Burnaby, BC V5C 0N8, Canada",5,24,http://www.purelinemechanical.com/,real,https://maps.google.com/?cid=15762729401236303503&g_mp=Cidnb29nbGUubWFwcy5wbGFjZXMudjEuUGxhY2VzLlNlYXJjaFRleHQQAhgEIAA,yes,yes,https://www.purelinemechanical.com/,yes,,13,813,,42
Grove Plumbing and Heating,plumber,Delta BC,(604) 943-5959,"5156 11a Ave, Delta, BC V4M 3W3, Canada",4.9,29,http://www.groveplumbing.ca/,real,https://maps.google.com/?cid=10783626570999093640&g_mp=Cidnb29nbGUubWFwcy5wbGFjZXMudjEuUGxhY2VzLlNlYXJjaFRleHQQAhgEIAA,yes,yes,https://www.groveplumbing.ca/,yes,,128,588,,42
Neighbourhood Plumbing & Heating,plumber,Delta BC,(604) 946-7778,"4814 42b Ave, Delta, BC V4K 1A4, Canada",4.9,29,http://callneighbourhood.com/,real,https://maps.google.com/?cid=11932479555540792960&g_mp=Cidnb29nbGUubWFwcy5wbGFjZXMudjEuUGxhY2VzLlNlYXJjaFRleHQQAhgEIAA,yes,yes,https://callneighbourhood.com/,yes,,1369,284,,42
Modern Blue Mechanical Delta Plumber,plumber,Delta BC,(778) 997-4112,"8217 112 St, Delta, BC V4C 4W7, Canada",5,21,http://modernbluemechanical.com/,real,https://maps.google.com/?cid=16215519680014403455&g_mp=Cidnb29nbGUubWFwcy5wbGFjZXMudjEuUGxhY2VzLlNlYXJjaFRleHQQAhgEIAA,yes,yes,https://modernbluemechanical.com/,yes,,140,2941,,42
Thornhill Plumbing,plumber,Maple Ridge BC,(778) 835-4512,"Albion, Maple Ridge, BC V2W 0H8, Canada",5,20,http://www.thornhillplumbingbc.ca/,real,https://maps.google.com/?cid=17523217680140775426&g_mp=Cidnb29nbGUubWFwcy5wbGFjZXMudjEuUGxhY2VzLlNlYXJjaFRleHQQAhgEIAA,yes,yes,https://thornhillplumbingbc.ca/,yes,,68,810,,42
AllTight Plumbing and Heating Ltd,plumber,Maple Ridge BC,(604) 552-9247,"12035 264 St, Maple Ridge, BC V2W 1P1, Canada",4.6,21,http://www.alltightplumbing.com/,real,https://maps.google.com/?cid=16677368740843667478&g_mp=Cidnb29nbGUubWFwcy5wbGFjZXMudjEuUGxhY2VzLlNlYXJjaFRleHQQAhgEIAA,yes,yes,https://alltightplumbing.com/,yes,2026,126,2752,,42
D-LUXE Plumbing & Heating,plumber,Maple Ridge BC,(604) 676-4228,"12310 Skillen St, Maple Ridge, BC V4R 2M4, Canada",5,20,http://www.dluxeplumbing.com/,real,https://maps.google.com/?cid=5382464272392519672&g_mp=Cidnb29nbGUubWFwcy5wbGFjZXMudjEuUGxhY2VzLlNlYXJjaFRleHQQAhgEIAA,yes,yes,https://dluxeplumbing.com/,yes,,272,256,,42
Delbrook Plumbing and Drainage,plumber,North Vancouver BC,(604) 729-6695,"450 Montroyal Blvd, North Vancouver, BC V7N 3E1, Canada",4.3,29,http://www.delbrookplumbing.ca/,real,https://maps.google.com/?cid=9855631592653165505&g_mp=Cidnb29nbGUubWFwcy5wbGFjZXMudjEuUGxhY2VzLlNlYXJjaFRleHQQAhgEIAA,yes,yes,https://www.delbrookplumbing.ca/,yes,,19,1187,,42
Blueridge Heating & Cooling,hvac contractor,Surrey BC,(604) 615-2212,"17148 104 ave, 4175 Central Blvd #413, Surrey, BC V4N 4R6, Canada",5,27,https://blueridgehvac.ca/,real,https://maps.google.com/?cid=14627433051588618498&g_mp=Cidnb29nbGUubWFwcy5wbGFjZXMudjEuUGxhY2VzLlNlYXJjaFRleHQQAhgEIAA,http_500,yes,https://blueridgehvac.ca/,yes,,2,2462,,42
Vancouver HVAC Experts Ltd,hvac contractor,Surrey BC,(604) 210-9779,"3437 W 36th Ave, Vancouver, BC V6N 2R8, Canada",5,25,https://vancouverheatingsystems.ca/,real,https://maps.google.com/?cid=9770035182553754330&g_mp=Cidnb29nbGUubWFwcy5wbGFjZXMudjEuUGxhY2VzLlNlYXJjaFRleHQQAhgEIAA,yes,yes,https://vancouverheatingsystems.ca/,yes,,463,194,,42
Robust Mechanical Ltd.,hvac contractor,Langley BC,(604) 712-3899,"8075 Enterprise St Unit 10, Burnaby, BC V5A 1V5, Canada",5,22,https://www.robustmechanical.com/,real,https://maps.google.com/?cid=12676357047556295717&g_mp=Cidnb29nbGUubWFwcy5wbGFjZXMudjEuUGxhY2VzLlNlYXJjaFRleHQQAhgEIAA,yes,yes,https://robustmechanical.com/,yes,2026,422,739,,42
Faynt Mechanical Ltd.,hvac contractor,Langley BC,(604) 313-9629,"20821 Fraser Hwy Ste 466, Unit 47, Langley, BC V3A 0B6, Canada",5,23,https://www.faynt.ca/,real,https://maps.google.com/?cid=13249026666817613764&g_mp=Cidnb29nbGUubWFwcy5wbGFjZXMudjEuUGxhY2VzLlNlYXJjaFRleHQQAhgEIAA,yes,yes,https://www.faynt.ca/,yes,,62,2026,,42
Everfix Appliance and HVAC Services,hvac contractor,Burnaby BC,(778) 822-1919,"4833 Byrne Rd #111b, Burnaby, BC V5J 3H6, Canada",5,26,http://everfixap.ca/,real,https://maps.google.com/?cid=15680698497197239933&g_mp=Cidnb29nbGUubWFwcy5wbGFjZXMudjEuUGxhY2VzLlNlYXJjaFRleHQQAhgEIAA,yes,yes,https://everfixap.ca/,yes,,14,1109,,42
Northern Lights Heating & Cooling,hvac contractor,Burnaby BC,(778) 956-0168,"6060 Silver Dr 2nd Floor, #02-161, Burnaby, BC V5H 0H5, Canada",5,23,https://nlheatingcool.ca/,real,https://maps.google.com/?cid=9803500169788853755&g_mp=Cidnb29nbGUubWFwcy5wbGFjZXMudjEuUGxhY2VzLlNlYXJjaFRleHQQAhgEIAA,yes,yes,https://nlheatingcool.ca/,yes,,456,516,,42
Main Heating Services Ltd,hvac contractor,Coquitlam BC,(604) 616-9337,"3555 Archworth Ave, Coquitlam, BC V3E 0L6, Canada",5,29,https://mainheatingservices.ca/,real,https://maps.google.com/?cid=2610590472566367475&g_mp=Cidnb29nbGUubWFwcy5wbGFjZXMudjEuUGxhY2VzLlNlYXJjaFRleHQQAhgEIAA,yes,yes,https://mainheatingservices.ca/,yes,,62,945,,42
"Vanco Heating, cooling & Duct cleaning",hvac contractor,Coquitlam BC,(778) 385-6844,"1919 Fraser Ave, Port Coquitlam, BC V3B 1N4, Canada",4.9,21,https://www.vancoheating.ca/,real,https://maps.google.com/?cid=15218282403216753019&g_mp=Cidnb29nbGUubWFwcy5wbGFjZXMudjEuUGxhY2VzLlNlYXJjaFRleHQQAhgEIAA,yes,yes,https://www.vancoheating.ca/,yes,,194,829,,42
Harbour Energy Systems,hvac contractor,Richmond BC,(604) 272-7272,"2631 Viking Wy #203, Richmond, BC V6V 3B5, Canada",5,24,https://harbourenergy.ca/,real,https://maps.google.com/?cid=12892359631137622560&g_mp=Cidnb29nbGUubWFwcy5wbGFjZXMudjEuUGxhY2VzLlNlYXJjaFRleHQQAhgEIAA,yes,yes,https://harbourenergy.ca/,yes,,96,540,,42
Refrigeration Systems Ltd,hvac contractor,Richmond BC,(778) 882-7116,"5180 McColl Crescent, Richmond, BC V6V 2L6, Canada",5,26,https://refrigerationsystemsltd.com/?utm_source=google&utm_medium=organic&utm_campaign=gbp-profile,real,https://maps.google.com/?cid=8493886391718171146&g_mp=Cidnb29nbGUubWFwcy5wbGFjZXMudjEuUGxhY2VzLlNlYXJjaFRleHQQAhgEIAA,yes,yes,https://www.refrigerationsystemsltd.com/,yes,,157,1795,,42
Haakon Mechanical Services,hvac contractor,Richmond BC,(778) 728-7877,"11851 Dyke Rd, Richmond, BC V7A 4X8, Canada",4.4,20,http://www.haakonmechanical.ca/,real,https://maps.google.com/?cid=5709393392921417037&g_mp=Cidnb29nbGUubWFwcy5wbGFjZXMudjEuUGxhY2VzLlNlYXJjaFRleHQQAhgEIAA,yes,yes,https://haakonhvac.com/,yes,,214,893,,42
Reliable Heating & Cooling,hvac contractor,Richmond BC,(604) 314-9679,"1268 W Broadway #730, Vancouver, BC V6H 1G6, Canada",5,21,https://reliableair.ca/,real,https://maps.google.com/?cid=139959800681180817&g_mp=Cidnb29nbGUubWFwcy5wbGFjZXMudjEuUGxhY2VzLlNlYXJjaFRleHQQAhgEIAA,yes,yes,https://reliableair.ca/,yes,2026,233,477,,42
Aras HVAC.ltd,hvac contractor,North Vancouver BC,(778) 513-6421,"150 15th St W #405, North Vancouver, BC V7M 0C4, Canada",4.9,28,http://www.arashvac.ca/,real,https://maps.google.com/?cid=784593301733043855&g_mp=Cidnb29nbGUubWFwcy5wbGFjZXMudjEuUGxhY2VzLlNlYXJjaFRleHQQAhgEIAA,yes,yes,https://arashvac.ca/,yes,2025,147,1577,,42
Blueridge Refrigeration & Air Conditioning,hvac contractor,North Vancouver BC,(604) 987-2665,"1641 Lonsdale Ave #539, North Vancouver, BC V7M 2J5, Canada",4.3,29,http://blueridgerefrigeration.ca/,real,https://maps.google.com/?cid=8266383987504412053&g_mp=Cidnb29nbGUubWFwcy5wbGFjZXMudjEuUGxhY2VzLlNlYXJjaFRleHQQAhgEIAA,yes,yes,https://blueridgerefrigeration.ca/,yes,2026,178,153,,42
Paris Mechanical Ltd,hvac contractor,North Vancouver BC,(604) 730-0584,"390 Harbour Ave, North Vancouver, BC V7J 2E9, Canada",4.5,20,http://parismechanical.com/,real,https://maps.google.com/?cid=2946633886806235953&g_mp=Cidnb29nbGUubWFwcy5wbGFjZXMudjEuUGxhY2VzLlNlYXJjaFRleHQQAhgEIAA,yes,yes,https://parismechanical.com/,yes,,63,2473,,42
North Shore Refrigeration Ltd,hvac contractor,North Vancouver BC,(604) 987-8544,"55 Bewicke Ave, North Vancouver, BC V7M 3B6, Canada",4.7,27,https://www.northshorerefrigeration.ca/,real,https://maps.google.com/?cid=2375041699079641076&g_mp=Cidnb29nbGUubWFwcy5wbGFjZXMudjEuUGxhY2VzLlNlYXJjaFRleHQQAhgEIAA,yes,yes,https://www.northshorerefrigeration.ca/,yes,,354,434,,42
Able Electrical LTD,electrician,Surrey BC,(778) 551-5809,"8236 128 St #7, Surrey, BC V3W 4G2, Canada",4.9,29,https://www.ableelectricalltd.com/,real,https://maps.google.com/?cid=5031409832522539230&g_mp=Cidnb29nbGUubWFwcy5wbGFjZXMudjEuUGxhY2VzLlNlYXJjaFRleHQQAhgEIAA,yes,yes,https://ableelectricalltd.com/,yes,,152,204,,42
Allday Electric,electrician,Surrey BC,(604) 700-0466,"1851 Southmere Crescent E, Surrey, BC V4A 7A5, Canada",5,21,https://www.alldayelectric.ca/,real,https://maps.google.com/?cid=15960726984136428537&g_mp=Cidnb29nbGUubWFwcy5wbGFjZXMudjEuUGxhY2VzLlNlYXJjaFRleHQQAhgEIAA,yes,yes,https://www.alldayelectric.ca/,yes,,55,634,,42
Gill Noor Electrical Ltd,electrician,Surrey BC,(778) 251-0005,"17258 64 Ave, Surrey, BC V3S 1Y7, Canada",5,20,http://gillnoorelectrical.ca/,real,https://maps.google.com/?cid=1483329087188145211&g_mp=Cidnb29nbGUubWFwcy5wbGFjZXMudjEuUGxhY2VzLlNlYXJjaFRleHQQAhgEIAA,yes,yes,https://www.gillnoorelectrical.ca/,yes,,136,839,,42
Primo West Electric,electrician,Langley BC,(236) 862-1196,"20362 72B Ave, Langley Twp, BC V2Y 5K4, Canada",5,24,http://primowestelectric.ca/,real,https://maps.google.com/?cid=3306709612855196800&g_mp=Cidnb29nbGUubWFwcy5wbGFjZXMudjEuUGxhY2VzLlNlYXJjaFRleHQQAhgEIAA,yes,yes,https://primowestelectric.ca/,yes,,234,218,,42
Enerco Electrical,electrician,Langley BC,(604) 836-0971,"9525 201 St, Langley Twp, BC V1M 4A5, Canada",5,26,https://www.enercoelectric.net/,real,https://maps.google.com/?cid=11746998431799220812&g_mp=Cidnb29nbGUubWFwcy5wbGFjZXMudjEuUGxhY2VzLlNlYXJjaFRleHQQAhgEIAA,yes,yes,https://www.enercoelectric.net/,yes,,462,230,,42
Wayfinder Electric,electrician,Langley BC,(604) 621-1943,"4795 198c St, Langley, BC V3A 5Z7, Canada",5,22,http://wayfinderelectric.ca/,real,https://maps.google.com/?cid=16855645258083445906&g_mp=Cidnb29nbGUubWFwcy5wbGFjZXMudjEuUGxhY2VzLlNlYXJjaFRleHQQAhgEIAA,yes,yes,https://www.wayfinderelectric.ca/,yes,,443,736,,42
Miller-Tech Electric (Generators),electrician,Langley BC,(604) 996-6904,"5778 Production Way #116, Langley, BC V3A 4N4, Canada",5,20,http://www.mtgen.ca/,real,https://maps.google.com/?cid=10141990650824296592&g_mp=Cidnb29nbGUubWFwcy5wbGFjZXMudjEuUGxhY2VzLlNlYXJjaFRleHQQAhgEIAA,yes,yes,https://millertechelectric.com/,yes,2026,26,619,,42
SL Electrical,electrician,Burnaby BC,(604) 339-3754,"6485 Linfield Pl, Burnaby, BC V5E 3M6, Canada",5,25,http://slelectrical.ca/,real,https://maps.google.com/?cid=11947600611492764146&g_mp=Cidnb29nbGUubWFwcy5wbGFjZXMudjEuUGxhY2VzLlNlYXJjaFRleHQQAhgEIAA,http_403,yes,https://slelectrical.ca/,yes,,5,2105,,42
Bluephase Electrical Ltd,electrician,Burnaby BC,(778) 718-8899,"1080 Augusta Ave, Burnaby, BC V5A 2V4, Canada",5,24,https://www.bluephase.ca/contact/,real,https://maps.google.com/?cid=15170062717106130333&g_mp=Cidnb29nbGUubWFwcy5wbGFjZXMudjEuUGxhY2VzLlNlYXJjaFRleHQQAhgEIAA,yes,yes,https://www.bluephase.ca/contact/,yes,,61,2257,,42
Intropro Electric Services - Coquitlam Electrical Contractor - Electrician,electrician,Coquitlam BC,(778) 883-4030,"2279 Stafford Ave, Port Coquitlam, BC V3C 4X5, Canada",4.7,22,https://introproelectric.ca/,real,https://maps.google.com/?cid=7396344855479544393&g_mp=Cidnb29nbGUubWFwcy5wbGFjZXMudjEuUGxhY2VzLlNlYXJjaFRleHQQAhgEIAA,yes,yes,https://introproelectric.ca/,yes,,14,90,,42
MiTek Electric Ltd.,electrician,Coquitlam BC,(778) 996-2736,"250 Schoolhouse St #104, Coquitlam, BC V3K 6V7, Canada",5,26,https://www.mitekelectric.com/,real,https://maps.google.com/?cid=9997226148235092428&g_mp=Cidnb29nbGUubWFwcy5wbGFjZXMudjEuUGxhY2VzLlNlYXJjaFRleHQQAhgEIAA,yes,yes,https://mitekelectric.com/,yes,,122,330,,42
Orka Electric LTD,electrician,Coquitlam BC,,"1322 Genest Way, Coquitlam, BC V3E 0A4, Canada",5,25,http://orkaelectric.ca/,real,https://maps.google.com/?cid=4102665796399231572&g_mp=Cidnb29nbGUubWFwcy5wbGFjZXMudjEuUGxhY2VzLlNlYXJjaFRleHQQAhgEIAA,yes,yes,https://orkaelectric.ca/,yes,,116,411,,42
RiverWind Electrical Ltd,electrician,Richmond BC,(604) 817-0148,"5999 Andrews Rd, Richmond, BC V7E 6V1, Canada",5,20,https://riverwindelectrical.ca/contact-us,real,https://maps.google.com/?cid=12414441387871969076&g_mp=Cidnb29nbGUubWFwcy5wbGFjZXMudjEuUGxhY2VzLlNlYXJjaFRleHQQAhgEIAA,yes,yes,https://riverwindelectrical.ca/contact-us,yes,2025,116,142,,42
Royle West Electrical Ltd,electrician,Maple Ridge BC,(604) 345-2005,"13819 232 St, Maple Ridge, BC V4R 0C7, Canada",5,22,https://www.roylewestelectrical.com/,real,https://maps.google.com/?cid=8471979528723343925&g_mp=Cidnb29nbGUubWFwcy5wbGFjZXMudjEuUGxhY2VzLlNlYXJjaFRleHQQAhgEIAA,yes,yes,https://www.roylewestelectrical.com/,yes,,542,423,,42
Mata Electric Ltd,electrician,Maple Ridge BC,(604) 256-8080,"21787 119 Ave, Maple Ridge, BC V2X 8E3, Canada",5,27,http://www.mataelectric.ca/,real,https://maps.google.com/?cid=13065588860967065916&g_mp=Cidnb29nbGUubWFwcy5wbGFjZXMudjEuUGxhY2VzLlNlYXJjaFRleHQQAhgEIAA,yes,yes,https://mataelectric.ca/,yes,2026,180,255,,42
Powermax Electric,electrician,North Vancouver BC,(604) 442-1148,"901 3rd St W, North Vancouver, BC V7P 3P9, Canada",5,20,https://powermaxelectric.ca/,real,https://maps.google.com/?cid=8450866963855772084&g_mp=Cidnb29nbGUubWFwcy5wbGFjZXMudjEuUGxhY2VzLlNlYXJjaFRleHQQAhgEIAA,yes,yes,https://powermaxelectric.ca/,yes,,118,1897,,42
Alljobs Landscaping,landscaping company,Burnaby BC,(604) 295-6158,"1050 Delta Ave, Burnaby, BC V5B 3G1, Canada",4.6,76,https://alljobslandscaping.com/,real,https://maps.google.com/?cid=9763293973363140435&g_mp=Cidnb29nbGUubWFwcy5wbGFjZXMudjEuUGxhY2VzLlNlYXJjaFRleHQQAhgEIAA,yes,yes,https://alljobslandscaping.com/,yes,2024,208,484,stale_copyright_2024,42
Cyrus Landscape Services Ltd,landscaping company,Coquitlam BC,(604) 614-6727,"2412 Kitchener Ave, Port Coquitlam, BC V3B 2A9, Canada",4.9,72,https://www.cyruslandscapeservices.com/,real,https://maps.google.com/?cid=14189588686837399139&g_mp=Cidnb29nbGUubWFwcy5wbGFjZXMudjEuUGxhY2VzLlNlYXJjaFRleHQQAhgEIAA,yes,yes,https://www.cyruslandscapeservices.com/,yes,,2161,215,builder_wix,42
Frogs Group,landscaping company,Coquitlam BC,(236) 234-0060,"2110 Rowland St, Port Coquitlam, BC V3C 0C2, Canada",5,76,http://www.frogsgrp.com/,real,https://maps.google.com/?cid=10992777186696137284&g_mp=Cidnb29nbGUubWFwcy5wbGFjZXMudjEuUGxhY2VzLlNlYXJjaFRleHQQAhgEIAA,yes,yes,https://www.frogsgrp.com/,yes,2014,710,1899,stale_copyright_2014,42
Tag Pest Control,pest control,Langley BC,(604) 262-0717,"27117 Fraser Hwy, Langley Twp, BC V4W 3R2, Canada",5,129,https://tagpestcontrol.ca/?utm_campaign=gmb,real,https://maps.google.com/?cid=17261601668926951012&g_mp=Cidnb29nbGUubWFwcy5wbGFjZXMudjEuUGxhY2VzLlNlYXJjaFRleHQQAhgEIAA,yes,yes,https://tagpestcontrol.ca/?utm_campaign=gmb,yes,,423,476,,42
Team Auto Repair and Electrical Ltd,auto repair shop,Surrey BC,(604) 590-8326,"12087 86 Ave, Surrey, BC V3W 3H8, Canada",4.3,125,http://teamautorepair.ca/,real,https://maps.google.com/?cid=13375536545295832212&g_mp=Cidnb29nbGUubWFwcy5wbGFjZXMudjEuUGxhY2VzLlNlYXJjaFRleHQQAhgEIAA,yes,yes,https://teamautorepair.ca/,yes,2026,112,436,,42
Genesis Auto Repair Ltd.,auto repair shop,Surrey BC,(604) 435-8543,"13433 King George Blvd, Surrey, BC V3T 2T8, Canada",4.6,71,https://genesisautorepair.ca/,real,https://maps.google.com/?cid=14459635064800848743&g_mp=Cidnb29nbGUubWFwcy5wbGFjZXMudjEuUGxhY2VzLlNlYXJjaFRleHQQAhgEIAA,yes,yes,https://genesisautorepair.ca/,yes,2020,98,2249,stale_copyright_2020,42
BC MOBILE Tire Service 3,auto repair shop,Langley BC,(604) 388-4210,"19705 Fraser Hwy, Langley, BC V3A 7E9, Canada",4.8,70,http://www.bcmobiletirechange.ca/,real,https://maps.google.com/?cid=17713146036860832442&g_mp=Cidnb29nbGUubWFwcy5wbGFjZXMudjEuUGxhY2VzLlNlYXJjaFRleHQQAhgEIAA,yes,no,http://www.bcmobiletirechange.ca/,yes,,137,3492,no_ssl,42
NAPA AUTOPRO - TF AUTOPRO & PAINT,auto repair shop,Coquitlam BC,(604) 552-2331,"2575 Runnel Dr, Coquitlam, BC V3E 1S3, Canada",4.1,120,https://www.napaautopro.com/fr/garage-auto/colombie-britannique/coquitlam-tf-autopro-paint/?utm_source=G&utm_medium=local&utm_campaign=google-local,real,https://maps.google.com/?cid=3620321009284865644&g_mp=Cidnb29nbGUubWFwcy5wbGFjZXMudjEuUGxhY2VzLlNlYXJjaFRleHQQAhgEIAA,yes,yes,https://www.napaautopro.com/fr/garage-auto/colombie-britannique/coquitlam-tf-autopro-paint/?utm_source=G&utm_medium=local&utm_campaign=google-local,yes,,122,295,,42
Clarke Hill Motors,auto repair shop,Coquitlam BC,(604) 945-6453,"2710 Barnet Hwy Unit# 30, Coquitlam, BC V3B 1B8, Canada",4.8,27,http://www.clarkehillmotors.com/,real,https://maps.google.com/?cid=6560038998002534377&g_mp=Cidnb29nbGUubWFwcy5wbGFjZXMudjEuUGxhY2VzLlNlYXJjaFRleHQQAhgEIAA,yes,no,http://www.clarkehillmotors.com/,yes,2000,10,81,stale_copyright_2000;no_ssl,42
APX Performance Group,auto repair shop,Coquitlam BC,(778) 384-4211,"2724 Barnet Hwy #104, Coquitlam, BC V3B 1B8, Canada",5,121,http://www.apxperformance.ca/,real,https://maps.google.com/?cid=7359313408523607060&g_mp=Cidnb29nbGUubWFwcy5wbGFjZXMudjEuUGxhY2VzLlNlYXJjaFRleHQQAhgEIAA,yes,yes,https://www.apxperformance.ca/,yes,,273,561,,42
HUNMAN TIRE AND AUTO REPAIR,auto repair shop,Coquitlam BC,(778) 927-2785,"1772 Broadway St Unit 123, Port Coquitlam, BC V3C 2M8, Canada",4.7,74,https://www.hunman.ca/,real,https://maps.google.com/?cid=15248797330749066096&g_mp=Cidnb29nbGUubWFwcy5wbGFjZXMudjEuUGxhY2VzLlNlYXJjaFRleHQQAhgEIAA,http_404,yes,https://www.hunman.ca/,yes,,2,184,builder_wix,42
Richmond Mobile Mechanic,auto repair shop,Richmond BC,(778) 833-3805,"7171 Minoru Blvd, Richmond, BC V6Y 1Z3, Canada",5,71,https://rmdmobilemechanic.wixstudio.com/my-site,real,https://maps.google.com/?cid=4766747095899749530&g_mp=Cidnb29nbGUubWFwcy5wbGFjZXMudjEuUGxhY2VzLlNlYXJjaFRleHQQAhgEIAA,yes,yes,https://rmdmobilemechanic.wixstudio.com/my-site,yes,,919,1390,builder_wix,42
CLASSIC GARAGE PERFORMANCE,auto repair shop,Richmond BC,(604) 303-7476,"4331 Vanguard Rd, Richmond, BC V6X 2P6, Canada",4.6,75,http://www.performance.classicgarage.ca/,real,https://maps.google.com/?cid=14273119179701432922&g_mp=Cidnb29nbGUubWFwcy5wbGFjZXMudjEuUGxhY2VzLlNlYXJjaFRleHQQAhgEIAA,dead,no,,no,,,,unreachable_ENOTFOUND,42
Fusionautoworkz (formerly Dave's Auto Repair),auto repair shop,Richmond BC,(604) 324-2310,"8770 Ash St, Vancouver, BC V6P 3M2, Canada",4.7,126,https://fusionautowork.ca/,real,https://maps.google.com/?cid=2396132052324635086&g_mp=Cidnb29nbGUubWFwcy5wbGFjZXMudjEuUGxhY2VzLlNlYXJjaFRleHQQAhgEIAA,yes,yes,https://fusionautowork.ca/,yes,,8,187,,42
ER Auto,auto repair shop,Delta BC,(604) 559-9966,"8450 Fraser St, Vancouver, BC V5X 0A4, Canada",4.9,126,http://erautoworks.com/,real,https://maps.google.com/?cid=12272547436456199797&g_mp=Cidnb29nbGUubWFwcy5wbGFjZXMudjEuUGxhY2VzLlNlYXJjaFRleHQQAhgEIAA,yes,yes,https://erautoworks.com/,yes,,31,1143,,42
Torque Tech Truck & Trailer Repair Ltd.,auto repair shop,Delta BC,(604) 498-1462,"7983 Progress Wy, Delta, BC V4G 1A3, Canada",4.6,29,http://www.torquetechrepair.ca/,real,https://maps.google.com/?cid=16089149822023794174&g_mp=Cidnb29nbGUubWFwcy5wbGFjZXMudjEuUGxhY2VzLlNlYXJjaFRleHQQAhgEIAA,yes,no,http://www.torquetechrepair.ca/,no,,0,75,not_mobile_ready;no_ssl,42
Minit-Tune & Brake Auto Centres,auto repair shop,Maple Ridge BC,(604) 465-1415,"20214 Lougheed Hwy, Maple Ridge, BC V2X 2P7, Canada",4.7,124,http://www.minit-tune.com/locations/maple-ridge,real,https://maps.google.com/?cid=1425188711111325487&g_mp=Cidnb29nbGUubWFwcy5wbGFjZXMudjEuUGxhY2VzLlNlYXJjaFRleHQQAhgEIAA,yes,yes,https://minit-tune.com/location/maple-ridge/,yes,2026,131,729,,42
Minit-Tune & Brake Auto Centres,auto repair shop,North Vancouver BC,(604) 984-0007,"860 15th St W, North Vancouver, BC V7P 1M6, Canada",4.6,121,http://www.minit-tune.com/locations/north-vancouver-capilano,real,https://maps.google.com/?cid=1744482297571285125&g_mp=Cidnb29nbGUubWFwcy5wbGFjZXMudjEuUGxhY2VzLlNlYXJjaFRleHQQAhgEIAA,yes,yes,https://minit-tune.com/location/north-vancouver-capilano/,yes,2026,129,749,,42
Cleaning With Love,house cleaning service,Burnaby BC,(604) 475-5683,"5538 Osler St, Vancouver, BC V6M 2W9, Canada",4.5,170,https://cleaningwithlove.ca/?utm_source=GMB&utm_medium=website&utm_campaign=gmb,real,https://maps.google.com/?cid=12615778147520217422&g_mp=Cidnb29nbGUubWFwcy5wbGFjZXMudjEuUGxhY2VzLlNlYXJjaFRleHQQAhgEIAA,yes,yes,https://cleaningwithlove.ca/?utm_source=GMB&utm_medium=website&utm_campaign=gmb,no,,0,211,not_mobile_ready,42
NorthStar Plumbing,plumber,Burnaby BC,(250) 816-4277,"4723 Kingsway, Burnaby, BC V5H 2C3, Canada",5,28,https://northstarplumbingofburnaby.blogspot.com/2026/08/northstar-plumbing-of-burnaby.html,real,https://maps.google.com/?cid=14037786921281529890&g_mp=Cidnb29nbGUubWFwcy5wbGFjZXMudjEuUGxhY2VzLlNlYXJjaFRleHQQAhgEIAA,yes,yes,https://northstarplumbingofburnaby.blogspot.com/2026/08/northstar-plumbing-of-burnaby.html?m=1,yes,,106,508,,42
AOS Plumbing Services Ltd,plumber,Coquitlam BC,(604) 889-6857,"1591 Booth Ave, Coquitlam, BC V3K 1B7, Canada",5,29,https://www.aosplumbingservices.com/,real,https://maps.google.com/?cid=5480224809898195381&g_mp=Cidnb29nbGUubWFwcy5wbGFjZXMudjEuUGxhY2VzLlNlYXJjaFRleHQQAhgEIAA,yes,yes,https://aosplumbingservices.com/,yes,2026,79,241,,42
Allwest Electric Ltd,electrician,Coquitlam BC,(604) 464-6200,"2250 Fremont Connector #110, Port Coquitlam, BC V3B 0M3, Canada",4.3,27,https://www.allwestelectric.com/,real,https://maps.google.com/?cid=14084816764299937474&g_mp=Cidnb29nbGUubWFwcy5wbGFjZXMudjEuUGxhY2VzLlNlYXJjaFRleHQQAhgEIAA,yes,yes,https://www.allwestelectric.com/,yes,2026,99,296,,42
The Bugman Pest Control Services,pest control,Maple Ridge BC,(604) 854-2847,"34363 Jasper Ave, Mission, BC V2V 6P3, Canada",4.8,127,https://thebugmanfraservalley.com/?utm_campaign=gmbmis,real,https://maps.google.com/?cid=3414130484537856956&g_mp=Cidnb29nbGUubWFwcy5wbGFjZXMudjEuUGxhY2VzLlNlYXJjaFRleHQQAhgEIAA,yes,yes,https://thebugmanfraservalley.com/?utm_campaign=gmbmis,yes,2025,291,421,,42
Tough Plumbing Langley,plumber,Langley BC,(236) 233-1858,"20540 Duncan Way #422, Langley, BC V3A 7A3, Canada",4.7,17,https://www.plumberlangleybc.com/,real,https://maps.google.com/?cid=14585012345064973801&g_mp=Cidnb29nbGUubWFwcy5wbGFjZXMudjEuUGxhY2VzLlNlYXJjaFRleHQQAhgEIAA,yes,yes,https://www.plumberlangleybc.com/,yes,,52,407,,41
A & J Plumbing & Heating Ltd,plumber,Langley BC,(604) 521-7804,"17921 55 A Avenue Surrey, Langley, BC V3S 6C4, Canada",5,18,https://www.ajplumbing.ca/,real,https://maps.google.com/?cid=1534193071608801705&g_mp=Cidnb29nbGUubWFwcy5wbGFjZXMudjEuUGxhY2VzLlNlYXJjaFRleHQQAhgEIAA,yes,yes,https://ajplumbing.ca/,yes,2025,190,2961,,41
Zastra Plumbing and Heating,plumber,Langley BC,(778) 682-7795,"20875 88 Ave #13, Langley Twp, BC V1M 3K1, Canada",5,16,http://zastra.ca/,real,https://maps.google.com/?cid=9837150315482995445&g_mp=Cidnb29nbGUubWFwcy5wbGFjZXMudjEuUGxhY2VzLlNlYXJjaFRleHQQAhgEIAA,yes,yes,https://zastra.ca/,yes,2026,227,3643,,41
Clint's Pure Plumbing Solutions,plumber,Delta BC,(604) 999-2759,"4915 Dogwood Dr, Delta, BC V4M 1M3, Canada",4.9,17,https://pureplumbingsolutions.ca/,real,https://maps.google.com/?cid=2323144147731294601&g_mp=Cidnb29nbGUubWFwcy5wbGFjZXMudjEuUGxhY2VzLlNlYXJjaFRleHQQAhgEIAA,yes,yes,https://pureplumbingsolutions.ca/,yes,2025,140,337,,41
Galbraith Plumbing and Heating,plumber,Delta BC,(604) 946-4000,"5518 52 Ave, Delta, BC V4K 2C5, Canada",4.8,18,http://galbraithplumbing.com/,real,https://maps.google.com/?cid=15427523240534947036&g_mp=Cidnb29nbGUubWFwcy5wbGFjZXMudjEuUGxhY2VzLlNlYXJjaFRleHQQAhgEIAA,yes,yes,https://www.galbraithplumbing.com/,yes,,198,2515,,41
Tough Plumbing Maple Ridge,plumber,Maple Ridge BC,(778) 284-7604,"11826 226 St #223, Maple Ridge, BC V2X 9C8, Canada",4.6,17,https://www.plumbingmapleridge.com/,real,https://maps.google.com/?cid=4101469205025930711&g_mp=Cidnb29nbGUubWFwcy5wbGFjZXMudjEuUGxhY2VzLlNlYXJjaFRleHQQAhgEIAA,yes,yes,https://www.plumbingmapleridge.com/,yes,,63,433,,41
Top Rank Plumbing and Heating,plumber,North Vancouver BC,(604) 773-3655,"563 W 23 St, North Vancouver, BC V7M 2C1, Canada",5,18,https://www.topplumbingservices.com/,real,https://maps.google.com/?cid=8257343122102048357&g_mp=Cidnb29nbGUubWFwcy5wbGFjZXMudjEuUGxhY2VzLlNlYXJjaFRleHQQAhgEIAA,yes,yes,https://www.topplumbingservices.com/,yes,,466,371,,41
Evercore group inc,plumber,North Vancouver BC,(866) 363-4688,"228 27th St W, North Vancouver, BC V7N 2H2, Canada",5,18,https://evercoreplumbing.ca/drainage/,real,https://maps.google.com/?cid=17792115244802999693&g_mp=Cidnb29nbGUubWFwcy5wbGFjZXMudjEuUGxhY2VzLlNlYXJjaFRleHQQAhgEIAA,http_500,yes,https://evercoreplumbing.ca/drainage/,yes,,2,2201,,41
Vanco Heating cooling and Duct Cleaning,hvac contractor,Surrey BC,(778) 385-6844,"10318 Whalley Blvd, Surrey, BC V3T 4H4, Canada",4.9,16,https://www.vancoheating.ca/,real,https://maps.google.com/?cid=18426759222914145901&g_mp=Cidnb29nbGUubWFwcy5wbGFjZXMudjEuUGxhY2VzLlNlYXJjaFRleHQQAhgEIAA,yes,yes,https://www.vancoheating.ca/,yes,,194,947,,41
Perfect Air Solutions Ltd,hvac contractor,Surrey BC,(778) 791-9400,"15061 54a Ave Unit 113, Surrey, BC V3S 5X7, Canada",4.5,15,https://perfectairsolutions.ca/,real,https://maps.google.com/?cid=214231550407191032&g_mp=Cidnb29nbGUubWFwcy5wbGFjZXMudjEuUGxhY2VzLlNlYXJjaFRleHQQAhgEIAA,yes,yes,https://perfectairsolutions.ca/,yes,,832,893,,41
Boone’s HVAC & Mechanical,hvac contractor,Langley BC,(778) 900-8889,"9493 206b St, Langley Twp, BC V1M 1H9, Canada",5,17,https://www.booneshvac.ca/,real,https://maps.google.com/?cid=13869685532627587016&g_mp=Cidnb29nbGUubWFwcy5wbGFjZXMudjEuUGxhY2VzLlNlYXJjaFRleHQQAhgEIAA,yes,yes,https://booneshvac.ca/,yes,2026,257,1757,,41
Pro West Heating & Air Conditioning,hvac contractor,Langley BC,(604) 990-7550,"20627 Fraser Hwy, Langley, BC V3A 4G4, Canada",4.9,15,https://www.prowestheating.com/,real,https://maps.google.com/?cid=12765200383001008450&g_mp=Cidnb29nbGUubWFwcy5wbGFjZXMudjEuUGxhY2VzLlNlYXJjaFRleHQQAhgEIAA,yes,yes,https://www.prowestheating.com/,yes,2026,74,640,,41
Angels Heating and Cooling,hvac contractor,Langley BC,(604) 330-4106,"5660 201A St #342, Langley, BC V3A 0B4, Canada",4.3,16,https://angelsheating.com/?utm_campaign=gmb&utm_content=organic+lead+gmb&utm_id=gbm+langley&utm_medium=gbm&utm_source=gbm.langley&utm_term=organic+lead,real,https://maps.google.com/?cid=6159589221922462108&g_mp=Cidnb29nbGUubWFwcy5wbGFjZXMudjEuUGxhY2VzLlNlYXJjaFRleHQQAhgEIAA,yes,yes,https://angelsheating.com/?utm_campaign=gmb&utm_content=organic+lead+gmb&utm_id=gbm+langley&utm_medium=gbm&utm_source=gbm.langley&utm_term=organic+lead,yes,,532,113,,41
Oxford Heating and Cooling,hvac contractor,Coquitlam BC,(604) 377-5533,"3348 Princeton Ave, Coquitlam, BC V3E 0G2, Canada",5,18,https://oxfordheatingandcooling.com/,real,https://maps.google.com/?cid=8115869163865276624&g_mp=Cidnb29nbGUubWFwcy5wbGFjZXMudjEuUGxhY2VzLlNlYXJjaFRleHQQAhgEIAA,yes,yes,https://oxfordheatingandcooling.com/,yes,2026,118,3844,,41
Flame Heating Ltd,hvac contractor,Richmond BC,(604) 256-0924,"9391 Beckwith Rd, Richmond, BC V6X 1V8, Canada",4.4,17,https://www.flameheating.com/,real,https://maps.google.com/?cid=14882343010378116859&g_mp=Cidnb29nbGUubWFwcy5wbGFjZXMudjEuUGxhY2VzLlNlYXJjaFRleHQQAhgEIAA,yes,yes,https://www.flameheating.com/,yes,,129,134,,41
Snooze Tech Ltd,hvac contractor,Delta BC,(250) 205-6300,"11768 80 Ave, Delta, BC V4C 1X9, Canada",5,18,http://www.snoozetechltd.com/,real,https://maps.google.com/?cid=17876393904066831476&g_mp=Cidnb29nbGUubWFwcy5wbGFjZXMudjEuUGxhY2VzLlNlYXJjaFRleHQQAhgEIAA,yes,yes,https://snoozetechltd.com/,yes,2026,189,1221,,41
CIMCO Refrigeration,hvac contractor,Delta BC,(604) 525-8899,"1095 Cliveden Ave, Delta, BC V3M 6G9, Canada",4.1,15,https://www.cimcorefrigeration.com/,real,https://maps.google.com/?cid=2077454985675395817&g_mp=Cidnb29nbGUubWFwcy5wbGFjZXMudjEuUGxhY2VzLlNlYXJjaFRleHQQAhgEIAA,yes,yes,https://www.cimcorefrigeration.com/,yes,,94,679,,41
Angels Heating Cooling & Plumbing,hvac contractor,Maple Ridge BC,(604) 245-5167,"20914 Rosewood Pl, Maple Ridge, BC V2X 8N1, Canada",4.3,18,https://angelsheating.com/?utm_campaign=gmb&utm_content=organic+lead+gmb&utm_id=gbm+maple&utm_medium=gbm&utm_source=gbm.maple&utm_term=organic+lead,real,https://maps.google.com/?cid=1410179479275806081&g_mp=Cidnb29nbGUubWFwcy5wbGFjZXMudjEuUGxhY2VzLlNlYXJjaFRleHQQAhgEIAA,yes,yes,https://angelsheating.com/?utm_campaign=gmb&utm_content=organic+lead+gmb&utm_id=gbm+maple&utm_medium=gbm&utm_source=gbm.maple&utm_term=organic+lead,yes,,532,83,,41
BCPRO Heating & Cooling,hvac contractor,North Vancouver BC,(604) 217-8050,"224 Esplanade W #500, North Vancouver, BC V7M 1A4, Canada",4.8,16,https://proheating.ca/,real,https://maps.google.com/?cid=271952365581856892&g_mp=Cidnb29nbGUubWFwcy5wbGFjZXMudjEuUGxhY2VzLlNlYXJjaFRleHQQAhgEIAA,yes,yes,https://proheating.ca/,yes,2026,408,2539,,41
"Can-Am Air Conditioning, Heating and Refrigeration",hvac contractor,North Vancouver BC,(877) 478-4850,"3597 Malsum Dr #56, North Vancouver, BC V7G 0B2, Canada",4.5,15,http://www.can-amair.com/?utm_source=googlemybusiness&utm_medium=Organic&utm_campaign=GoogleMyBusiness,real,https://maps.google.com/?cid=2666426747481246864&g_mp=Cidnb29nbGUubWFwcy5wbGFjZXMudjEuUGxhY2VzLlNlYXJjaFRleHQQAhgEIAA,yes,yes,https://can-amair.com/?utm_source=googlemybusiness&utm_medium=Organic&utm_campaign=GoogleMyBusiness,yes,2026,93,2806,,41
AMJ Electric Services Inc - Electrical Contractors in Surrey BC,electrician,Surrey BC,(778) 237-5121,"9374 Cinnamon Dr, Surrey, BC V3V 1V2, Canada",5,17,https://amjelectricservices.ca/,real,https://maps.google.com/?cid=2372566492094855713&g_mp=Cidnb29nbGUubWFwcy5wbGFjZXMudjEuUGxhY2VzLlNlYXJjaFRleHQQAhgEIAA,http_520,yes,https://amjelectricservices.ca/,yes,,7,393,,41
Parkland Electrical Services,electrician,Langley BC,(604) 816-6676,"1901 Parkland Dr, Coquitlam, BC V3E 1B5, Canada",5,16,http://www.parklandelectric.com/,real,https://maps.google.com/?cid=16083566815040267642&g_mp=Cidnb29nbGUubWFwcy5wbGFjZXMudjEuUGxhY2VzLlNlYXJjaFRleHQQAhgEIAA,yes,yes,https://parklandelectric.com/,yes,2026,269,1528,,41
PrimeFix Services,electrician,Coquitlam BC,(778) 990-6040,"Como Lake Ave, Coquitlam, BC V3J 3P8, Canada",4.9,19,http://primefixservices.ca/,real,https://maps.google.com/?cid=5027585734162010242&g_mp=Cidnb29nbGUubWFwcy5wbGFjZXMudjEuUGxhY2VzLlNlYXJjaFRleHQQAhgEIAA,yes,yes,https://primefixservices.ca/en,yes,,136,1998,,41
My Electrician Enterprise Inc,electrician,Richmond BC,(604) 726-0614,"7676 Angus Dr, Vancouver, BC V6P 5K4, Canada",4.3,15,https://www.my-electrician.ca/,real,https://maps.google.com/?cid=12137308939785075537&g_mp=Cidnb29nbGUubWFwcy5wbGFjZXMudjEuUGxhY2VzLlNlYXJjaFRleHQQAhgEIAA,yes,yes,https://www.my-electrician.ca/,yes,,28,643,,41
Delport Electric (2000) Ltd,electrician,Delta BC,(604) 943-8013,"7228 Progress Wy, Delta, BC V4G 1H2, Canada",4.8,16,https://delportelectric.com/,real,https://maps.google.com/?cid=596578974796456659&g_mp=Cidnb29nbGUubWFwcy5wbGFjZXMudjEuUGxhY2VzLlNlYXJjaFRleHQQAhgEIAA,yes,yes,https://delportelectric.com/,yes,2026,99,467,,41
Sunset Electric Ltd,electrician,North Vancouver BC,(778) 951-0607,"1141 Harwood St, Vancouver, BC V6E 1R9, Canada",5,15,https://www.sunsetelectricbc.ca/,real,https://maps.google.com/?cid=12605260451384417088&g_mp=Cidnb29nbGUubWFwcy5wbGFjZXMudjEuUGxhY2VzLlNlYXJjaFRleHQQAhgEIAA,yes,yes,https://sunsetelectricbc.ca/,yes,,764,1205,,41
Rainforest Electrical and Solar,electrician,North Vancouver BC,(778) 788-3977,"998 Harbourside Dr #125, North Vancouver, BC V7P 3T2, Canada",5,17,https://www.rainforestelectrical.ca/,real,https://maps.google.com/?cid=15246355692914408317&g_mp=Cidnb29nbGUubWFwcy5wbGFjZXMudjEuUGxhY2VzLlNlYXJjaFRleHQQAhgEIAA,yes,yes,https://rainforestelectrical.ca/,yes,2026,188,1977,,41
ESR Electric Ltd.,electrician,North Vancouver BC,(604) 373-4443,"702 Copping St, North Vancouver, BC V7M 3G6, Canada",5,17,https://esrelectric.ca/,real,https://maps.google.com/?cid=10504882620003849972&g_mp=Cidnb29nbGUubWFwcy5wbGFjZXMudjEuUGxhY2VzLlNlYXJjaFRleHQQAhgEIAA,yes,yes,https://esrelectric.ca/,yes,,7,903,,41
Liberty Lawn Maintenance,landscaping company,Surrey BC,(604) 313-9990,"17750 BC-10 #528, Surrey, BC V3S 1K4, Canada",4.8,114,https://www.libertylawngarden.com/,real,https://maps.google.com/?cid=5307695308617704192&g_mp=Cidnb29nbGUubWFwcy5wbGFjZXMudjEuUGxhY2VzLlNlYXJjaFRleHQQAhgEIAA,yes,yes,https://www.libertylawngarden.com/,yes,,856,3292,,41
Alp Landscaping Ltd 🌿,landscaping company,Burnaby BC,(604) 830-1549,"532 Eleventh th st, New Westminster, BC V3M 4G3, Canada",5,62,https://alplandscaping.ca/,real,https://maps.google.com/?cid=1715348590736176127&g_mp=Cidnb29nbGUubWFwcy5wbGFjZXMudjEuUGxhY2VzLlNlYXJjaFRleHQQAhgEIAA,yes,yes,https://www.alplandscaping.ca/,yes,,888,570,builder_wix,41
Everyday Landscape,landscaping company,Burnaby BC,(236) 886-6888,"3555 E 5th Ave Mailbox 332, Vancouver, BC V5M 4J9, Canada",5,19,https://www.everydaylandscape.com/?utm_source=google&utm_medium=wix_google_business_profile&utm_campaign=15164906583922644919,real,https://maps.google.com/?cid=6181334681251262748&g_mp=Cidnb29nbGUubWFwcy5wbGFjZXMudjEuUGxhY2VzLlNlYXJjaFRleHQQAhgEIAA,yes,yes,https://www.everydaylandscape.com/?utm_source=google&utm_medium=wix_google_business_profile&utm_campaign=15164906583922644919,yes,2018,660,1432,stale_copyright_2018;builder_wix,41
Second Generation Landscapes,landscaping company,Delta BC,(604) 499-5367,"4977 Trenant St #210, Delta, BC V4K 2K5, Canada",4.9,68,http://www.secondgenlandscapes.com/,real,https://maps.google.com/?cid=5714394152651778572&g_mp=Cidnb29nbGUubWFwcy5wbGFjZXMudjEuUGxhY2VzLlNlYXJjaFRleHQQAhgEIAA,yes,yes,https://www.secondgenlandscapes.com/,yes,,683,407,builder_wix,41
Seymour Lawn & Garden Landscaping,landscaping company,North Vancouver BC,(604) 990-1252,"333 Brooksbank Ave #718, North Vancouver, BC V7J 3V8, Canada",4.6,116,http://www.seymourlawnmaint.com/,real,https://maps.google.com/?cid=9179940759463223174&g_mp=Cidnb29nbGUubWFwcy5wbGFjZXMudjEuUGxhY2VzLlNlYXJjaFRleHQQAhgEIAA,yes,yes,https://seymourlawnmaint.com/,yes,2026,162,314,,41
Fraser Valley Pest Control,pest control,Surrey BC,(778) 229-6600,"7238 124a St, Surrey, BC V3W 0S9, Canada",4.7,64,https://fraserpest.ca/,real,https://maps.google.com/?cid=18078701278354802966&g_mp=Cidnb29nbGUubWFwcy5wbGFjZXMudjEuUGxhY2VzLlNlYXJjaFRleHQQAhgEIAA,yes,yes,https://fraserpest.ca/,yes,2021,170,1988,stale_copyright_2021,41
Armoured Pest Control,pest control,Langley BC,(604) 800-4558,"20627 Fraser Hwy, Langley, BC V3A 4G4, Canada",4.9,63,https://www.armouredpest.ca/,real,https://maps.google.com/?cid=16719496906737262596&g_mp=Cidnb29nbGUubWFwcy5wbGFjZXMudjEuUGxhY2VzLlNlYXJjaFRleHQQAhgEIAA,yes,yes,https://www.armouredpest.ca/,yes,2026,258,313,builder_duda,41
Knockout Pest Control,pest control,Burnaby BC,(778) 654-7711,"4186 Garden Grove Dr, Burnaby, BC V5G 4G6, Canada",5,116,https://knockoutpest.ca/,real,https://maps.google.com/?cid=12802650193492302999&g_mp=Cidnb29nbGUubWFwcy5wbGFjZXMudjEuUGxhY2VzLlNlYXJjaFRleHQQAhgEIAA,yes,yes,https://knockoutpest.ca/,yes,,705,191,,41
"Reflections Car Care. Tires, Wheel Alignment & Brakes",auto repair shop,Langley BC,(604) 970-3770,"6068 196 St, Langley, BC V3A 5X3, Canada",4.9,115,https://reflectionservices.ca/,real,https://maps.google.com/?cid=12899182257583781912&g_mp=Cidnb29nbGUubWFwcy5wbGFjZXMudjEuUGxhY2VzLlNlYXJjaFRleHQQAhgEIAA,yes,yes,https://reflectionservices.ca/,yes,,4,811,,41
Autopoint,auto repair shop,Burnaby BC,(604) 362-9645,"5150B Still Creek Ave, Burnaby, BC V5C 4E4, Canada",5,69,https://autopointyvr.ca/,real,https://maps.google.com/?cid=808772020066992002&g_mp=Cidnb29nbGUubWFwcy5wbGFjZXMudjEuUGxhY2VzLlNlYXJjaFRleHQQAhgEIAA,yes,yes,https://www.autopointyvr.ca/,yes,,1271,454,builder_wix,41
On Site Tune & Brake,auto repair shop,Burnaby BC,(604) 558-4336,"3820 1st Ave, Burnaby, BC V5C 3W1, Canada",4.8,113,http://on-site-tune-brake.jany.io/,real,https://maps.google.com/?cid=11700533490558225082&g_mp=Cidnb29nbGUubWFwcy5wbGFjZXMudjEuUGxhY2VzLlNlYXJjaFRleHQQAhgEIAA,http_403,yes,https://on-site-tune-brake.edan.io/,yes,,5,204,,41
BasicSmart Autowork,auto repair shop,Burnaby BC,(604) 336-4546,"3955 Graveley St, Burnaby, BC V5C 3T4, Canada",4.4,115,http://basicsmart.ca/,real,https://maps.google.com/?cid=7619185231721618090&g_mp=Cidnb29nbGUubWFwcy5wbGFjZXMudjEuUGxhY2VzLlNlYXJjaFRleHQQAhgEIAA,http_402,yes,https://basicsmart.ca/,yes,,9,206,,41
International Auto Service,auto repair shop,Coquitlam BC,(604) 936-3318,"335 North Rd, Coquitlam, BC V3K 3V8, Canada",4.4,67,https://www.internationalauto.ca/,real,https://maps.google.com/?cid=13539406348083831143&g_mp=Cidnb29nbGUubWFwcy5wbGFjZXMudjEuUGxhY2VzLlNlYXJjaFRleHQQAhgEIAA,yes,yes,https://www.internationalauto.ca/,yes,,88,322,builder_sitebuilder,41
Canadian Target Auto Repair Richmond,auto repair shop,Richmond BC,(604) 821-6888,"12711b No 5 Rd, Richmond, BC V7A 4G1, Canada",4.9,116,http://canadiantargetautorepair.com/,real,https://maps.google.com/?cid=11752365442268260168&g_mp=Cidnb29nbGUubWFwcy5wbGFjZXMudjEuUGxhY2VzLlNlYXJjaFRleHQQAhgEIAA,yes,yes,https://canadiantargetautorepair.com/,yes,2026,206,4985,,41
Jl Brothers Auto Body Ltd.,auto repair shop,Richmond BC,(604) 278-8744,"5851 Minoru Blvd, Richmond, BC V6X 2B1, Canada",4.9,111,http://www.a1performance.ca/,real,https://maps.google.com/?cid=901961309966960279&g_mp=Cidnb29nbGUubWFwcy5wbGFjZXMudjEuUGxhY2VzLlNlYXJjaFRleHQQAhgEIAA,yes,yes,https://www.a1performance.ca/,yes,2025,325,526,,41
Fix it Mobile auto repair,auto repair shop,Delta BC,(604) 655-8461,"9015 120 St, Delta, BC V4C 0E3, Canada",4.5,62,http://mobileautorepair.info/?utm_source=gmb&utm_medium=referral,real,https://maps.google.com/?cid=14212961581459130771&g_mp=Cidnb29nbGUubWFwcy5wbGFjZXMudjEuUGxhY2VzLlNlYXJjaFRleHQQAhgEIAA,http_404,yes,https://www.mobileautorepair.info/,no,,1,615,not_mobile_ready,41
Aaron's Automotive,auto repair shop,Delta BC,(604) 943-2321,"5610 12 Ave, Delta, BC V4L 1C4, Canada",4.5,68,http://www.aaronsauto.ca/,real,https://maps.google.com/?cid=15318290435564525416&g_mp=Cidnb29nbGUubWFwcy5wbGFjZXMudjEuUGxhY2VzLlNlYXJjaFRleHQQAhgEIAA,yes,yes,https://www.aaronsauto.ca/,yes,,434,369,builder_wix,41
PRP Automotive,auto repair shop,Maple Ridge BC,(604) 830-8307,"22597 Dewdney Trunk Rd, Maple Ridge, BC V2X 3K1, Canada",4.9,116,https://www.prpautomotive.com/,real,https://maps.google.com/?cid=249615473201263840&g_mp=Cidnb29nbGUubWFwcy5wbGFjZXMudjEuUGxhY2VzLlNlYXJjaFRleHQQAhgEIAA,yes,yes,https://www.prpautomotive.com/,yes,,261,386,,41
Rover Automotive,auto repair shop,North Vancouver BC,(604) 969-7667,"1807 Welch St, North Vancouver, BC V7P 3A4, Canada",4.7,63,http://www.roverautomotive.ca/,real,https://maps.google.com/?cid=17811263023047842851&g_mp=Cidnb29nbGUubWFwcy5wbGFjZXMudjEuUGxhY2VzLlNlYXJjaFRleHQQAhgEIAA,yes,yes,https://roverautomotive.ca/,yes,,195,1990,builder_web,41
Two Brothers Automotive Service Ltd,auto repair shop,North Vancouver BC,(604) 983-2861,"836 W 1st St, North Vancouver, BC V7P 1A1, Canada",4.8,68,http://www.twobrothersautomotive.ca/,real,https://maps.google.com/?cid=7467325014436164363&g_mp=Cidnb29nbGUubWFwcy5wbGFjZXMudjEuUGxhY2VzLlNlYXJjaFRleHQQAhgEIAA,yes,no,http://www.twobrothersautomotive.ca/,yes,2026,15,3476,no_ssl,41
Melorin Mechanical,plumber,Burnaby BC,(604) 206-7464,"4641 Pender St, Burnaby, BC V5C 2N2, Canada",5,19,https://melorinmechanical.ca/,real,https://maps.google.com/?cid=5998540382360024446&g_mp=Cidnb29nbGUubWFwcy5wbGFjZXMudjEuUGxhY2VzLlNlYXJjaFRleHQQAhgEIAA,yes,yes,https://melorinmechanical.ca/?password-protected=login&redirect_to=https%3A%2F%2Fmelorinmechanical.ca%2F,yes,,5,2418,,41
Beaver Plumber,plumber,Coquitlam BC,(778) 744-9879,"1068 Austin Ave Unit B, Coquitlam, BC V3K 3P3, Canada",5,19,https://drainproplumber.com/coquitlam,real,https://maps.google.com/?cid=5025959763136758840&g_mp=Cidnb29nbGUubWFwcy5wbGFjZXMudjEuUGxhY2VzLlNlYXJjaFRleHQQAhgEIAA,yes,yes,https://www.drainproplumber.com/coquitlam,yes,2026,13,262,,41
Rain Valley Mechanical,plumber,Coquitlam BC,(604) 600-0971,"1582 Hammond Ave, Coquitlam, BC V3K 2P6, Canada",5,18,https://rainvalleymechanical.ca/,real,https://maps.google.com/?cid=5457952313029183515&g_mp=Cidnb29nbGUubWFwcy5wbGFjZXMudjEuUGxhY2VzLlNlYXJjaFRleHQQAhgEIAA,yes,yes,https://www.rainvalleymechanical.ca/,yes,,1761,921,,41
Venturo HVAC,hvac contractor,Surrey BC,(778) 251-0919,"10747 168 St, Surrey, BC V4N 1M5, Canada",5,16,https://venturohvac.ca/,real,https://maps.google.com/?cid=11375514728229465646&g_mp=Cidnb29nbGUubWFwcy5wbGFjZXMudjEuUGxhY2VzLlNlYXJjaFRleHQQAhgEIAA,yes,yes,https://venturohvac.ca/,yes,2026,18,340,,41
Canadian Care Heating & Cooling LTD,hvac contractor,Coquitlam BC,(604) 808-3378,"3072 Wren Pl, Coquitlam, BC V3E 3E3, Canada",5,16,https://canadiancares.com/,real,https://maps.google.com/?cid=15975572353495505610&g_mp=Cidnb29nbGUubWFwcy5wbGFjZXMudjEuUGxhY2VzLlNlYXJjaFRleHQQAhgEIAA,yes,yes,https://canadiancares.com/,yes,2025,300,3912,,41
All Kind Electrical Ltd.,electrician,Surrey BC,(604) 445-3814,"14308 72 Ave, Surrey, BC V3W 2R1, Canada",5,17,http://allkindelectrical.ca/,real,https://maps.google.com/?cid=3201319683249746727&g_mp=Cidnb29nbGUubWFwcy5wbGFjZXMudjEuUGxhY2VzLlNlYXJjaFRleHQQAhgEIAA,yes,yes,https://allkindelectrical.ca/,yes,,75,363,,41
VanElec Tech,electrician,North Vancouver BC,(778) 833-0751,"215 16th St E #203, North Vancouver, BC V7L 2S8, Canada",5,18,https://vanelectech.ca/,real,https://maps.google.com/?cid=13868911419988541250&g_mp=Cidnb29nbGUubWFwcy5wbGFjZXMudjEuUGxhY2VzLlNlYXJjaFRleHQQAhgEIAA,yes,yes,https://vanelectech.ca/,yes,,190,407,,41
Express Pest Canada - Langley / Aldergrove,pest control,Langley BC,(604) 499-6530,"3383 205 St, Langley, BC V2Z 2C9, Canada",4.9,15,http://www.expresspestcontrol.ca/,real,https://maps.google.com/?cid=12370665369891155033&g_mp=Cidnb29nbGUubWFwcy5wbGFjZXMudjEuUGxhY2VzLlNlYXJjaFRleHQQAhgEIAA,yes,no,http://expresspestcontrol.ca/,yes,2026,243,8741,no_ssl;slow_load,41
Seasonal Solutions Pest Services Ltd.,pest control,North Vancouver BC,(778) 955-4121,"997 Seymour St #250, Vancouver, BC V6B 3M1, Canada",4.8,18,https://seasonalsolutionsps.ca/,real,https://maps.google.com/?cid=4507756567326177926&g_mp=Cidnb29nbGUubWFwcy5wbGFjZXMudjEuUGxhY2VzLlNlYXJjaFRleHQQAhgEIAA,yes,yes,https://seasonalsolutionsps.ca/,yes,2023,55,1049,stale_copyright_2023;builder_web,41
Seppo's Automotive,auto repair shop,Richmond BC,(604) 204-0415,"3611 Moncton St, Richmond, BC V7E 3A5, Canada",5,113,https://sepposauto.com/,real,https://maps.google.com/?cid=7460808471387793003&g_mp=Cidnb29nbGUubWFwcy5wbGFjZXMudjEuUGxhY2VzLlNlYXJjaFRleHQQAhgEIAA,yes,yes,https://sepposauto.com/,yes,,566,518,,41
Ouellette Landscaping Ltd,landscaping company,Surrey BC,(778) 874-8219,"1850 Southmere Crois., Surrey, BC V4A 6W9, Canada",4.8,109,https://oscape.ca/,real,https://maps.google.com/?cid=4901013426121672954&g_mp=Cidnb29nbGUubWFwcy5wbGFjZXMudjEuUGxhY2VzLlNlYXJjaFRleHQQAhgEIAA,yes,yes,https://www.oscape.ca/,yes,,52,648,,40
Green Valley Landscaping & Nursery Supplies,landscaping company,Langley BC,(604) 743-3000,"26611 58 Ave, Langley Twp, BC V4W 1V6, Canada",4.9,59,https://www.greenvalleylandscaping.ca/,real,https://maps.google.com/?cid=13585735332517836547&g_mp=Cidnb29nbGUubWFwcy5wbGFjZXMudjEuUGxhY2VzLlNlYXJjaFRleHQQAhgEIAA,yes,yes,https://www.greenvalleylandscaping.ca/,yes,2022,131,269,stale_copyright_2022,40
Coastal Design Landscaping Inc.,landscaping company,Coquitlam BC,(778) 895-1411,"906 Baker Dr, Coquitlam, BC V3J 6X2, Canada",4.8,58,https://coastaldesign.ca/,real,https://maps.google.com/?cid=9471097383760501519&g_mp=Cidnb29nbGUubWFwcy5wbGFjZXMudjEuUGxhY2VzLlNlYXJjaFRleHQQAhgEIAA,yes,yes,https://coastaldesign.ca/,yes,2026,378,6702,slow_load,40
Eco Property Maintenance Inc.,landscaping company,North Vancouver BC,(778) 886-3458,"380 Seymour Blvd, North Vancouver, BC V7J 1J8, Canada",4.7,108,http://www.ecomaintenance.ca/,real,https://maps.google.com/?cid=11256218375667444662&g_mp=Cidnb29nbGUubWFwcy5wbGFjZXMudjEuUGxhY2VzLlNlYXJjaFRleHQQAhgEIAA,yes,yes,https://ecomaintenance.ca/,yes,,573,499,,40
Pilkington Lawn and Landscape,landscaping company,North Vancouver BC,(778) 340-5296,"3856 Bishop Pl, North Vancouver, BC V7G 2B3, Canada",5,54,http://www.pilkingtonlandscapes.com/,real,https://maps.google.com/?cid=11982745032777230786&g_mp=Cidnb29nbGUubWFwcy5wbGFjZXMudjEuUGxhY2VzLlNlYXJjaFRleHQQAhgEIAA,yes,yes,https://www.pilkingtonlandscapes.com/,yes,2026,603,513,builder_wix,40
Phantom Pest Control North Vancouver,pest control,Richmond BC,(604) 771-0404,"998 Harbourside Dr, North Vancouver, BC V7P 3T2, Canada",5,109,https://phantompestcontrol.com/north-vancouver-pest-control/?UTM_source=GMB_listing&UTM_medium=organic,real,https://maps.google.com/?cid=13004996806349192419&g_mp=Cidnb29nbGUubWFwcy5wbGFjZXMudjEuUGxhY2VzLlNlYXJjaFRleHQQAhgEIAA,yes,yes,https://phantompestcontrol.com/locations/north-vancouver-pest-control/?UTM_source=GMB_listing&UTM_medium=organic,yes,2026,365,1560,,40
Mr. Fix Auto,auto repair shop,Surrey BC,(604) 588-7484,"13704 104 Ave, Surrey, BC V3T 1W4, Canada",4.2,53,https://mrfixauto.com/,real,https://maps.google.com/?cid=13978939219974220045&g_mp=Cidnb29nbGUubWFwcy5wbGFjZXMudjEuUGxhY2VzLlNlYXJjaFRleHQQAhgEIAA,yes,yes,https://mrfixauto.com/,yes,2023,55,108,stale_copyright_2023,40
C K Auto Service Ltd,auto repair shop,Surrey BC,(604) 592-2667,"13112 84 Ave Ste 106, Surrey, BC V3W 1L2, Canada",4.2,102,https://c-k-auto-service-ltd.edan.io/,real,https://maps.google.com/?cid=15813290008913222637&g_mp=Cidnb29nbGUubWFwcy5wbGFjZXMudjEuUGxhY2VzLlNlYXJjaFRleHQQAhgEIAA,http_403,yes,https://c-k-auto-service-ltd.edan.io/,yes,,5,87,,40
Langley Central Auto Svc Ltd,auto repair shop,Langley BC,(604) 530-2666,"20026 Fraser Hwy, Langley, BC V3A 0E5, Canada",4.7,55,http://www.langleycentralauto.ca/,real,https://maps.google.com/?cid=10455648120983903494&g_mp=Cidnb29nbGUubWFwcy5wbGFjZXMudjEuUGxhY2VzLlNlYXJjaFRleHQQAhgEIAA,yes,yes,https://www.langleycentralauto.ca/,yes,,476,341,builder_wix,40
Dan Hansen Auto Repair,auto repair shop,Langley BC,(604) 534-9400,"20701 Langley Bypass #11, Langley, BC V3A 5E8, Canada",4.3,101,http://www.danhansenauto.ca/,real,https://maps.google.com/?cid=10454334257381697074&g_mp=Cidnb29nbGUubWFwcy5wbGFjZXMudjEuUGxhY2VzLlNlYXJjaFRleHQQAhgEIAA,yes,yes,https://www.danhansenauto.ca/,yes,,144,582,,40
Fernridge Automotive,auto repair shop,Langley BC,(604) 533-9291,"22339 48 Ave, Langley, BC V3A 3N5, Canada",4.8,107,http://www.fernridgeautomotive.mechanicnet.com/,real,https://maps.google.com/?cid=1875482614179815970&g_mp=Cidnb29nbGUubWFwcy5wbGFjZXMudjEuUGxhY2VzLlNlYXJjaFRleHQQAhgEIAA,yes,yes,https://www.fernridgeautomotive.mechanicnet.com/,yes,,28,1005,,40
Euro Class Motors Inc,auto repair shop,Langley BC,(604) 534-9422,"20785 Langley Bypass #101A, Langley, BC V3A 5E8, Canada",4.9,57,http://euroclassmotors.com/,real,https://maps.google.com/?cid=17100583735106348906&g_mp=Cidnb29nbGUubWFwcy5wbGFjZXMudjEuUGxhY2VzLlNlYXJjaFRleHQQAhgEIAA,yes,yes,https://www.euroclassmotors.com/,yes,,585,895,builder_wix,40
Doug's Auto Service,auto repair shop,Langley BC,(604) 514-8759,"20771 Langley Bypass, Langley, BC V3A 5E8, Canada",4.6,53,http://dougsauto.ca/,real,https://maps.google.com/?cid=4909905922646711879&g_mp=Cidnb29nbGUubWFwcy5wbGFjZXMudjEuUGxhY2VzLlNlYXJjaFRleHQQAhgEIAA,yes,no,http://dougsauto.ca/,yes,,6,170,no_ssl,40
Minit-Tune & Brake Auto Centres,auto repair shop,Burnaby BC,(604) 437-8505,"6747 Macpherson Ave, Burnaby, BC V5J 1G1, Canada",4.5,107,http://www.minit-tune.com/locations/burnaby-imperial,real,https://maps.google.com/?cid=10367175255053076001&g_mp=Cidnb29nbGUubWFwcy5wbGFjZXMudjEuUGxhY2VzLlNlYXJjaFRleHQQAhgEIAA,yes,yes,https://minit-tune.com/location/burnaby-imperial/,yes,2026,128,782,,40
Nik's Auto Repair Ltd,auto repair shop,Coquitlam BC,(604) 773-0837,"1772 Broadway St, Port Coquitlam, BC V3C 2M8, Canada",4.6,58,https://www.niksautorepair.ca/,real,https://maps.google.com/?cid=1407032004623947008&g_mp=Cidnb29nbGUubWFwcy5wbGFjZXMudjEuUGxhY2VzLlNlYXJjaFRleHQQAhgEIAA,yes,yes,https://www.niksautorepair.ca/,yes,,1021,208,builder_wix,40
Caro Tech Automotive Center,auto repair shop,Coquitlam BC,(778) 886-5737,"1138 Falcon Dr, Coquitlam, BC V3E 0N1, Canada",4.9,59,https://www.carotechbc.com/,real,https://maps.google.com/?cid=1960813905538666608&g_mp=Cidnb29nbGUubWFwcy5wbGFjZXMudjEuUGxhY2VzLlNlYXJjaFRleHQQAhgEIAA,yes,yes,https://carotechbc.com/,yes,2024,100,2813,stale_copyright_2024,40
Lo-Cost Garage,auto repair shop,Richmond BC,(604) 278-1936,"2800 Smith St, Richmond, BC V6X 2J2, Canada",4,105,http://www.locostauto.com/,real,https://maps.google.com/?cid=3917603686684704487&g_mp=Cidnb29nbGUubWFwcy5wbGFjZXMudjEuUGxhY2VzLlNlYXJjaFRleHQQAhgEIAA,yes,yes,https://www.hugedomains.com/domain_profile.cfm?d=locostauto.com,yes,2026,70,499,,40
Spike Auto,auto repair shop,Richmond BC,(604) 247-1000,"13571 Verdun Pl #120, Richmond, BC V6V 1W5, Canada",4.5,104,http://spikeautomotive.ca/,real,https://maps.google.com/?cid=12666703948198009720&g_mp=Cidnb29nbGUubWFwcy5wbGFjZXMudjEuUGxhY2VzLlNlYXJjaFRleHQQAhgEIAA,yes,yes,https://spikeautomotive.ca/,yes,2026,27,334,,40
R Leo Automotive,auto repair shop,Delta BC,(604) 951-8473,"10997 River Rd, Delta, BC V4C 2S3, Canada",4.9,52,https://rleo.ca/,real,https://maps.google.com/?cid=9154714063824202640&g_mp=Cidnb29nbGUubWFwcy5wbGFjZXMudjEuUGxhY2VzLlNlYXJjaFRleHQQAhgEIAA,dead,no,,no,,,,unreachable_ENOTFOUND,40
Motorway Truck & Trailer Repair Ltd,auto repair shop,Delta BC,(604) 952-0133,"7399 River Rd #2, Delta, BC V4G 1B2, Canada",4.6,53,https://www.motorwayrepairs.com/,real,https://maps.google.com/?cid=13410508458214002930&g_mp=Cidnb29nbGUubWFwcy5wbGFjZXMudjEuUGxhY2VzLlNlYXJjaFRleHQQAhgEIAA,yes,yes,https://www.motorwayrepairs.com/,yes,,367,231,builder_wix,40
Krangle Automotive & Transmission,auto repair shop,North Vancouver BC,(604) 986-7200,"346 Esplanade E, North Vancouver, BC V7L 1A4, Canada",4.7,109,http://www.krangleauto.ca/,real,https://maps.google.com/?cid=17672767101006176943&g_mp=Cidnb29nbGUubWFwcy5wbGFjZXMudjEuUGxhY2VzLlNlYXJjaFRleHQQAhgEIAA,yes,yes,https://www.krangleauto.ca/,yes,2026,30,998,,40
Alba Auto Service,auto repair shop,North Vancouver BC,(604) 984-3083,"104 Donaghy Ave, North Vancouver, BC V7P 2L5, Canada",4.6,101,https://albaautoservice.ca/,real,https://maps.google.com/?cid=12616595390635668224&g_mp=Cidnb29nbGUubWFwcy5wbGFjZXMudjEuUGxhY2VzLlNlYXJjaFRleHQQAhgEIAA,yes,yes,https://albaautoservice.ca/,yes,,62,1219,,40
MARINA-CLEANING,house cleaning service,Surrey BC,(604) 600-9640,"5476 Brydon Crescent, Langley, BC V3A 0N7, Canada",4.9,255,https://www.marina-cleaning.com/,real,https://maps.google.com/?cid=7245743845720797133&g_mp=Cidnb29nbGUubWFwcy5wbGFjZXMudjEuUGxhY2VzLlNlYXJjaFRleHQQAhgEIAA,yes,yes,https://marina-cleaning.com/,yes,2026,146,376,,40
P&J Cleaners,house cleaning service,Surrey BC,(778) 719-4150,"885 Cambie St., Vancouver, BC V6B 4X7, Canada",4.9,855,https://www.pnjcleaners.com/,real,https://maps.google.com/?cid=14150420216414666821&g_mp=Cidnb29nbGUubWFwcy5wbGFjZXMudjEuUGxhY2VzLlNlYXJjaFRleHQQAhgEIAA,yes,yes,https://www.pnjcleaners.com/,yes,2026,375,223,,40
Molly Maid Langley/East Surrey,house cleaning service,Langley BC,(604) 265-6528,"19362 -73B Avenue, Surrey, Langley, BC V4N 5Y2, Canada",4.5,242,https://mollymaid.ca/locations/bc/langley/,real,https://maps.google.com/?cid=2263934228027895143&g_mp=Cidnb29nbGUubWFwcy5wbGFjZXMudjEuUGxhY2VzLlNlYXJjaFRleHQQAhgEIAA,yes,yes,https://mollymaid.ca/locations/bc/langley/,yes,2026,214,617,,40
2 Angels Home Services,house cleaning service,Langley BC,(604) 825-1712,"6568 197 St, Langley, BC V2Y 1A8, Canada",5,436,https://www.2angelshomeservices.com/,real,https://maps.google.com/?cid=835030567715216155&g_mp=Cidnb29nbGUubWFwcy5wbGFjZXMudjEuUGxhY2VzLlNlYXJjaFRleHQQAhgEIAA,yes,yes,https://www.2angelshomeservices.com/,yes,2026,55,951,,40
Cleaning 4U,house cleaning service,Burnaby BC,(778) 829-9550,"1668 Davie St Unit 1402, Vancouver, BC V6G 1W1, Canada",4.6,504,https://www.cleaning4u.ca/?utm_campaign=gmb,real,https://maps.google.com/?cid=7685974854972973296&g_mp=Cidnb29nbGUubWFwcy5wbGFjZXMudjEuUGxhY2VzLlNlYXJjaFRleHQQAhgEIAA,yes,yes,https://www.cleaning4u.ca/?utm_campaign=gmb,yes,2026,211,382,,40
KIREI Cleaning Services,house cleaning service,Burnaby BC,(604) 363-2475,"515 W Pender St #224, Vancouver, BC V6B 6H5, Canada",4.6,356,https://kirei.ca/,real,https://maps.google.com/?cid=5488100632780974174&g_mp=Cidnb29nbGUubWFwcy5wbGFjZXMudjEuUGxhY2VzLlNlYXJjaFRleHQQAhgEIAA,yes,yes,https://www.kirei.ca/,yes,2026,337,915,,40
"House Cleaning Coquitlam-move-in, move-out and deep clean specialist.",house cleaning service,Coquitlam BC,(236) 888-1934,"1171 Lansdowne Dr, Coquitlam, BC V3B 4V1, Canada",4.9,204,https://spectacular-naiad-524be1.netlify.app/,real,https://maps.google.com/?cid=6539087454298410199&g_mp=Cidnb29nbGUubWFwcy5wbGFjZXMudjEuUGxhY2VzLlNlYXJjaFRleHQQAhgEIAA,yes,yes,https://spectacular-naiad-524be1.netlify.app/,yes,2026,43,890,,40
InsideOut Cleaning Services,house cleaning service,North Vancouver BC,(604) 362-0015,"138 Esplanade Ave, North Vancouver, BC V7L 4X9, Canada",4.8,233,http://www.insideoutvancouver.ca/,real,https://maps.google.com/?cid=5966672500730428030&g_mp=Cidnb29nbGUubWFwcy5wbGFjZXMudjEuUGxhY2VzLlNlYXJjaFRleHQQAhgEIAA,yes,yes,https://insideoutvancouver.ca/,yes,,80,2061,,40
AspenClean,house cleaning service,North Vancouver BC,(604) 281-4100,"545 Clyde Ave, West Vancouver, BC V7T 1C5, Canada",4.7,403,https://aspenclean.com/en-ca/pages/west-vancouver-house-cleaning-maid-services,real,https://maps.google.com/?cid=17924099254886372464&g_mp=Cidnb29nbGUubWFwcy5wbGFjZXMudjEuUGxhY2VzLlNlYXJjaFRleHQQAhgEIAA,yes,yes,https://aspenclean.com/en-ca/pages/west-vancouver-house-cleaning-maid-services,yes,2026,274,302,,40
C&M Cleaning Service ltd,house cleaning service,North Vancouver BC,(778) 316-3623,"2910 Commercial Dr unit 207, Vancouver, BC V5N 4C9, Canada",4.8,580,https://cmcleaningservices.ca/,real,https://maps.google.com/?cid=6219387492049390473&g_mp=Cidnb29nbGUubWFwcy5wbGFjZXMudjEuUGxhY2VzLlNlYXJjaFRleHQQAhgEIAA,yes,yes,https://cmcleaningservices.ca/,yes,,556,550,,40
Angel Pro-Clean Inc.,house cleaning service,North Vancouver BC,(236) 989-0144,"1500 W Georgia St #1300, Vancouver, BC V6G 2Z6, Canada",4.9,289,https://angelproclean.com/?utm_source=google&utm_medium=organic&utm_campaign=google_business_profile,real,https://maps.google.com/?cid=13154065784535929558&g_mp=Cidnb29nbGUubWFwcy5wbGFjZXMudjEuUGxhY2VzLlNlYXJjaFRleHQQAhgEIAA,yes,yes,https://angelproclean.com/?utm_source=google&utm_medium=organic&utm_campaign=google_business_profile,yes,2026,201,846,,40
"Sweepy Maids House cleaning, Carpet Cleaning in Surrey Cleaning services, Pressure Cleaners",house cleaning service,Surrey BC,(888) 292-0911,"7664 126a St, Surrey, BC V3W 4A9, Canada",4.5,219,https://www.sweepymaids.com/,real,https://maps.google.com/?cid=650695835231536412&g_mp=Cidnb29nbGUubWFwcy5wbGFjZXMudjEuUGxhY2VzLlNlYXJjaFRleHQQAhgEIAA,yes,yes,https://www.sweepymaids.com/,yes,2025,330,1928,,40
AspenClean,house cleaning service,Richmond BC,(604) 281-4100,"422 Richards St, Vancouver, BC V6B 2Z4, Canada",4.7,516,https://aspenclean.com/en-ca/pages/vancouver-house-cleaning-maid-services,real,https://maps.google.com/?cid=10613333172074263450&g_mp=Cidnb29nbGUubWFwcy5wbGFjZXMudjEuUGxhY2VzLlNlYXJjaFRleHQQAhgEIAA,yes,yes,https://aspenclean.com/en-ca/pages/vancouver-house-cleaning-maid-services,yes,2026,284,353,,40
Premier Landscaping Inc,landscaping company,Surrey BC,(604) 576-5764,"18663 52 Ave Unit 103, Surrey, BC V3S 8E5, Canada",4.2,45,http://www.premierlandscapingbc.com/,real,https://maps.google.com/?cid=9772903411946400890&g_mp=Cidnb29nbGUubWFwcy5wbGFjZXMudjEuUGxhY2VzLlNlYXJjaFRleHQQAhgEIAA,yes,no,http://premierlandscapingbc.com/,yes,2026,126,2658,no_ssl,39
Good Earth Landscaping,landscaping company,Burnaby BC,(604) 729-4901,"95 W 20th Ave W, Vancouver, BC V5Y 3C2, Canada",4.9,46,http://www.good-earth.ca/,real,https://maps.google.com/?cid=13110193450329147244&g_mp=Cidnb29nbGUubWFwcy5wbGFjZXMudjEuUGxhY2VzLlNlYXJjaFRleHQQAhgEIAA,yes,yes,https://good-earth.ca/,yes,,245,8006,slow_load,39
Nicholson Landscaping,landscaping company,Coquitlam BC,(604) 690-6960,"1286 Oriole Pl, Port Coquitlam, BC V3B 5K5, Canada",4.7,42,http://www.nicholsonlandscaping.com/,real,https://maps.google.com/?cid=7759444018545157007&g_mp=Cidnb29nbGUubWFwcy5wbGFjZXMudjEuUGxhY2VzLlNlYXJjaFRleHQQAhgEIAA,yes,yes,https://www.nicholsonlandscaping.com/,yes,2026,208,6644,slow_load,39
Van De Poll Garden Design,landscaping company,Maple Ridge BC,(604) 518-2366,"22320 Lougheed Hwy #203, Maple Ridge, BC V2X 9E8, Canada",4.8,49,http://www.vandepollgardens.com/,real,https://maps.google.com/?cid=8140240667845555072&g_mp=Cidnb29nbGUubWFwcy5wbGFjZXMudjEuUGxhY2VzLlNlYXJjaFRleHQQAhgEIAA,yes,yes,https://vandepollgardens.com/,yes,2021,122,4033,stale_copyright_2021,39
Premium Grass Blades,landscaping company,Maple Ridge BC,(604) 757-2899,"20285 Stewart Crescent Unit 102, Maple Ridge, BC V2X 8G1, Canada",4.9,97,https://premiumgrassblades.com/,real,https://maps.google.com/?cid=10510483423870152012&g_mp=Cidnb29nbGUubWFwcy5wbGFjZXMudjEuUGxhY2VzLlNlYXJjaFRleHQQAhgEIAA,yes,yes,https://premiumgrassblades.com/,yes,,394,1248,,39
EDGE. Landscaping & Garden Maintenance,landscaping company,North Vancouver BC,(778) 788-3115,"4768 Ranger Ave, North Vancouver, BC V7R 1M3, Canada",4.9,49,http://www.edgemaintenance.ca/,real,https://maps.google.com/?cid=6281329245380738975&g_mp=Cidnb29nbGUubWFwcy5wbGFjZXMudjEuUGxhY2VzLlNlYXJjaFRleHQQAhgEIAA,yes,yes,https://www.edgemaintenance.ca/,yes,2026,232,7544,slow_load,39
Kane Custom Landscaping,landscaping company,North Vancouver BC,,"6665 Royal Ave, West Vancouver, BC V7W 2B8, Canada",4.7,42,http://kanecustomprojects.com/,real,https://maps.google.com/?cid=15772719143666804565&g_mp=Cidnb29nbGUubWFwcy5wbGFjZXMudjEuUGxhY2VzLlNlYXJjaFRleHQQAhgEIAA,yes,yes,https://kanecustomprojects.com/,yes,,218,587,builder_web,39
Solutions Pest Control Vancouver,pest control,Burnaby BC,(604) 986-8881,"2912 E 54th Ave, Vancouver, BC V5S 1Y5, Canada",5,93,https://pestsolutions.ca/pest-control-vancouver-bc/,real,https://maps.google.com/?cid=1684406097535301701&g_mp=Cidnb29nbGUubWFwcy5wbGFjZXMudjEuUGxhY2VzLlNlYXJjaFRleHQQAhgEIAA,yes,yes,https://pestsolutions.ca/pest-control-vancouver-bc/,yes,2026,317,2428,,39
Express Pest Canada - Pitt Meadows / Maple Ridge,pest control,Maple Ridge BC,(604) 499-6530,"19530 Old Dewdney Trunk Rd, Pitt Meadows, BC V3Y 1Z1, Canada",4.8,41,http://www.expresspestcontrol.ca/,real,https://maps.google.com/?cid=3545174727197108454&g_mp=Cidnb29nbGUubWFwcy5wbGFjZXMudjEuUGxhY2VzLlNlYXJjaFRleHQQAhgEIAA,dead,no,,no,,,,unreachable_TimeoutError,39
Alternative Auto Fleet Repairs,auto repair shop,Langley BC,(604) 371-1002,"19661 96 Ave #104, Langley Twp, BC V1M 3C9, Canada",4.9,99,https://www.altautorepair.com/?utm_source=G&utm_medium=local&utm_campaign=google-local,real,https://maps.google.com/?cid=13174938673236355074&g_mp=Cidnb29nbGUubWFwcy5wbGFjZXMudjEuUGxhY2VzLlNlYXJjaFRleHQQAhgEIAA,yes,yes,https://www.altautorepair.com/?utm_source=G&utm_medium=local&utm_campaign=google-local,yes,,59,558,,39
Formula Automotive,auto repair shop,Burnaby BC,(604) 520-6302,"5152 Still Creek Ave, Burnaby, BC V5C 4E4, Canada",4.8,98,https://formulaauto.ca/,real,https://maps.google.com/?cid=14095217595795644767&g_mp=Cidnb29nbGUubWFwcy5wbGFjZXMudjEuUGxhY2VzLlNlYXJjaFRleHQQAhgEIAA,http_403,yes,https://formulaauto.ca/,yes,,5,126,,39
Daniel's Auto Service,auto repair shop,Burnaby BC,(778) 798-3553,"7147 Russell Ave, Burnaby, BC V5J 4R8, Canada",4.9,94,https://danielsautoservice.ca/,real,https://maps.google.com/?cid=2817873504767979740&g_mp=Cidnb29nbGUubWFwcy5wbGFjZXMudjEuUGxhY2VzLlNlYXJjaFRleHQQAhgEIAA,yes,yes,https://www.danielsautoservice.ca/,yes,,255,668,,39
Badry Collision Repairs Inc,auto repair shop,Coquitlam BC,(604) 464-5225,"2794 Aberdeen Ave #8, Coquitlam, BC V3B 1A3, Canada",4.8,91,http://badrycollision.ca/,real,https://maps.google.com/?cid=9001781579939392127&g_mp=Cidnb29nbGUubWFwcy5wbGFjZXMudjEuUGxhY2VzLlNlYXJjaFRleHQQAhgEIAA,yes,yes,https://www.badrycollision.ca/,yes,,398,654,,39
Vantage Auto Service - European and Import,auto repair shop,Delta BC,(778) 872-4748,"7550 River Rd #9, Delta, BC V4G 1C8, Canada",5,47,http://vantageautoservice.ca/,real,https://maps.google.com/?cid=16158956883279587971&g_mp=Cidnb29nbGUubWFwcy5wbGFjZXMudjEuUGxhY2VzLlNlYXJjaFRleHQQAhgEIAA,yes,yes,https://vantageautoservice.ca/,yes,2019,120,227,stale_copyright_2019,39
C C Auto Repair,auto repair shop,Maple Ridge BC,(604) 460-6506,"20170 Stewart Crescent #170, Maple Ridge, BC V2X 0T4, Canada",4.8,90,http://ccautorepairs.ca/,real,https://maps.google.com/?cid=11998956467126499882&g_mp=Cidnb29nbGUubWFwcy5wbGFjZXMudjEuUGxhY2VzLlNlYXJjaFRleHQQAhgEIAA,yes,yes,https://ccautorepairs.ca/,yes,,144,144,,39
Save big on tires (Maple Ridge),auto repair shop,Maple Ridge BC,(604) 600-8165,"11474 240 St, Maple Ridge, BC V2W 1A4, Canada",4.5,95,https://savebigontires.com/,real,https://maps.google.com/?cid=8450274258816000741&g_mp=Cidnb29nbGUubWFwcy5wbGFjZXMudjEuUGxhY2VzLlNlYXJjaFRleHQQAhgEIAA,yes,yes,https://savebigontires.com/,yes,,714,484,,39
Chen Auto Clinic,auto repair shop,North Vancouver BC,(778) 706-2436,"1193 3rd St W, North Vancouver, BC V7P 2R5, Canada",4.6,42,http://chenautoclinic.ca/,real,https://maps.google.com/?cid=14037310841089024451&g_mp=Cidnb29nbGUubWFwcy5wbGFjZXMudjEuUGxhY2VzLlNlYXJjaFRleHQQAhgEIAA,yes,no,http://chenautoclinic.ca/,yes,2026,7,73,no_ssl,39
PERFECTION CLEANING,house cleaning service,Langley BC,(604) 625-0050,"2941 272 St #201, Aldergrove, BC V4W 3R3, Canada",4.8,142,http://www.perfectioncleaningbc.com/,real,https://maps.google.com/?cid=13378805724987728951&g_mp=Cidnb29nbGUubWFwcy5wbGFjZXMudjEuUGxhY2VzLlNlYXJjaFRleHQQAhgEIAA,yes,yes,https://www.perfectioncleaningbc.com/,yes,2008,23,519,stale_copyright_2008,39
Arta Cleaning Services,house cleaning service,Coquitlam BC,(604) 781-4404,"1155 The High St, Coquitlam, BC V3B 4W7, Canada",4.9,142,http://arta-cleaning.com/,real,https://maps.google.com/?cid=4057178955047961654&g_mp=Cidnb29nbGUubWFwcy5wbGFjZXMudjEuUGxhY2VzLlNlYXJjaFRleHQQAhgEIAA,yes,yes,https://www.arta-cleaning.com/,yes,,1373,733,builder_wix,39
EV LAB Langley,auto repair shop,Langley BC,(604) 279-6667,"26675 Fraser Hwy, Langley Twp, BC V4W 3L1, Canada",4.9,94,http://www.evlablangley.ca/,real,https://maps.google.com/?cid=385205259010229875&g_mp=Cidnb29nbGUubWFwcy5wbGFjZXMudjEuUGxhY2VzLlNlYXJjaFRleHQQAhgEIAA,yes,yes,https://www.evlablangley.ca/,yes,,523,551,,39
Superdeal Auto Repair,auto repair shop,Burnaby BC,(604) 430-4622,"6835 Merritt Ave, Burnaby, BC V5J 4R5, Canada",4.6,92,https://superdeal-repair.edan.io/,real,https://maps.google.com/?cid=15670152909025996626&g_mp=Cidnb29nbGUubWFwcy5wbGFjZXMudjEuUGxhY2VzLlNlYXJjaFRleHQQAhgEIAA,http_403,yes,https://superdeal-repair.edan.io/,yes,,5,72,,39
Jae's Auto Repair,auto repair shop,Burnaby BC,(604) 439-6733,"7120 Randolph Ave, Burnaby, BC V5J 4W5, Canada",4.1,44,http://www.jaesrepair.com/,real,https://maps.google.com/?cid=5010913960360647461&g_mp=Cidnb29nbGUubWFwcy5wbGFjZXMudjEuUGxhY2VzLlNlYXJjaFRleHQQAhgEIAA,yes,yes,https://jaesrepair.com/,yes,2018,137,2425,stale_copyright_2018,39
1010TIRES.COM - Tsawwassen / Delta,auto repair shop,Delta BC,(604) 943-4920,"1617 56 St, Delta, BC V4L 2B2, Canada",4.9,99,https://www.1010tires.com/About/Installers/BC/Delta/3726284,real,https://maps.google.com/?cid=9651190716092970174&g_mp=Cidnb29nbGUubWFwcy5wbGFjZXMudjEuUGxhY2VzLlNlYXJjaFRleHQQAhgEIAA,http_403,yes,https://www.1010tires.com/About/Installers/BC/Delta/3726284,yes,,5,83,,39
FIX AUTO PITT MEADOWS,auto repair shop,Maple Ridge BC,(604) 465-1098,"19080 Lougheed Hwy #105, Pitt Meadows, BC V3Y 2H6, Canada",4.7,98,https://www.fixauto.com/ca/en/shop/fix-auto-pitt-meadows/,real,https://maps.google.com/?cid=3172008021989613736&g_mp=Cidnb29nbGUubWFwcy5wbGFjZXMudjEuUGxhY2VzLlNlYXJjaFRleHQQAhgEIAA,yes,yes,https://fixauto.com/ca/en/shop/fix-auto-pitt-meadows/,yes,,920,2763,,39
Cobra Landscape & Snow Removal Ltd.,landscaping company,Surrey BC,(604) 632-4755,"176 St 88 Avenue, Surrey, BC V4N 2B9, Canada",5,80,http://www.cobralandscapes.com/,real,https://maps.google.com/?cid=12393149786790406772&g_mp=Cidnb29nbGUubWFwcy5wbGFjZXMudjEuUGxhY2VzLlNlYXJjaFRleHQQAhgEIAA,yes,yes,https://cobralandscapes.com/,yes,2025,191,455,,38
Basil Green Lawn Care,landscaping company,Surrey BC,(604) 362-0065,"7875 122 St, Surrey, BC V3W 3S5, Canada",4.9,83,https://basilgreenlawncare.com/,real,https://maps.google.com/?cid=10856140263266294835&g_mp=Cidnb29nbGUubWFwcy5wbGFjZXMudjEuUGxhY2VzLlNlYXJjaFRleHQQAhgEIAA,yes,yes,https://basilgreenlawncare.com/,yes,,131,193,,38
Blossom Landscaping,landscaping company,Surrey BC,(604) 339-9217,"3158 W 34th Ave, Vancouver, BC V6N 2S2, Canada",4.8,86,https://blossomvancouver.ca/,real,https://maps.google.com/?cid=1239330759319040709&g_mp=Cidnb29nbGUubWFwcy5wbGFjZXMudjEuUGxhY2VzLlNlYXJjaFRleHQQAhgEIAA,yes,yes,https://blossomvancouver.ca/,yes,2026,580,729,,38
Mr. Greens Sports & Landscapes,landscaping company,Surrey BC,(604) 616-8873,"14409 Ridge Crescent, Surrey, BC V3X 1B6, Canada",5,82,https://www.mrgreensturf.com/,real,https://maps.google.com/?cid=11116519652591255405&g_mp=Cidnb29nbGUubWFwcy5wbGFjZXMudjEuUGxhY2VzLlNlYXJjaFRleHQQAhgEIAA,yes,yes,https://mrgreenssportsandlandscapes.ca/,yes,,422,3022,,38
WestView Landscape,landscaping company,Langley BC,(604) 308-1803,"21490 84 Ave, Langley Twp, BC V1M 2M1, Canada",4.8,87,http://www.westviewlandscape.com/,real,https://maps.google.com/?cid=14540545130254447280&g_mp=Cidnb29nbGUubWFwcy5wbGFjZXMudjEuUGxhY2VzLlNlYXJjaFRleHQQAhgEIAA,yes,yes,https://www.westviewlandscape.com/,yes,,481,719,,38
Lawn Enforcement Landscaping,landscaping company,Burnaby BC,(778) 834-2913,"2323 Graveley St, Vancouver, BC V5L 3C3, Canada",4.7,38,https://lawnenforcementlandscaping.ca/,real,https://maps.google.com/?cid=17378352500959644312&g_mp=Cidnb29nbGUubWFwcy5wbGFjZXMudjEuUGxhY2VzLlNlYXJjaFRleHQQAhgEIAA,yes,yes,https://lawnenforcementlandscaping.ca/,yes,2010,214,263,stale_copyright_2010,38
Quant Landscaping Inc.,landscaping company,Richmond BC,(604) 214-1188,"4160 Louisburg Pl, Richmond, BC V7E 5K3, Canada",5,32,https://quantlandscaping.com/,real,https://maps.google.com/?cid=11332142349797061911&g_mp=Cidnb29nbGUubWFwcy5wbGFjZXMudjEuUGxhY2VzLlNlYXJjaFRleHQQAhgEIAA,yes,yes,https://www.quantlandscaping.com/,yes,,2077,537,builder_wix,38
Katsura Landscaping,landscaping company,Richmond BC,(604) 518-5661,"219 MacKay Rd Ste 999, North Vancouver, BC V7P 3N6, Canada",4.9,89,http://www.katsuralandscaping.ca/,real,https://maps.google.com/?cid=7967034690630078430&g_mp=Cidnb29nbGUubWFwcy5wbGFjZXMudjEuUGxhY2VzLlNlYXJjaFRleHQQAhgEIAA,yes,yes,https://katsuralandscaping.ca/,yes,2026,324,1864,,38
Dhillon Bros Paving & Landscaping Ltd,landscaping company,Richmond BC,(604) 839-5531,"10780 Blundell Rd, Richmond, BC V6Y 1L1, Canada",4.9,80,https://dhillonpaving.ca/,real,https://maps.google.com/?cid=2723162304212235169&g_mp=Cidnb29nbGUubWFwcy5wbGFjZXMudjEuUGxhY2VzLlNlYXJjaFRleHQQAhgEIAA,yes,yes,https://dhillonpaving.ca/,yes,,68,2026,,38
Jinnouchi Contracting Ltd.,landscaping company,Maple Ridge BC,(778) 302-7359,"23680 Kanaka Wy, Maple Ridge, BC V2W 2A1, Canada",5,36,https://www.jinnouchicontracting.com/?utm_source=google&utm_medium=wix_google_business_profile&utm_campaign=11980120024627714306,real,https://maps.google.com/?cid=308385369529844796&g_mp=Cidnb29nbGUubWFwcy5wbGFjZXMudjEuUGxhY2VzLlNlYXJjaFRleHQQAhgEIAA,yes,yes,https://www.jinnouchicontracting.com/?utm_source=google&utm_medium=wix_google_business_profile&utm_campaign=11980120024627714306,yes,,1207,333,builder_wix,38
TerraCrest Landscaping,landscaping company,North Vancouver BC,(778) 907-6716,"252 Esplanade W, North Vancouver, BC V7M 3M8, Canada",5,80,https://terracrestlandscaping.com/,real,https://maps.google.com/?cid=13807420644732090385&g_mp=Cidnb29nbGUubWFwcy5wbGFjZXMudjEuUGxhY2VzLlNlYXJjaFRleHQQAhgEIAA,yes,yes,https://terracrestlandscaping.com/,yes,2026,331,551,,38
TerraCrest Landscaping of West Vancouver,landscaping company,North Vancouver BC,(778) 651-2116,"2489 Bellevue Ave, West Vancouver, BC V7V 1E1, Canada",5,81,https://terracrestlandscaping.com/,real,https://maps.google.com/?cid=1963376433933891708&g_mp=Cidnb29nbGUubWFwcy5wbGFjZXMudjEuUGxhY2VzLlNlYXJjaFRleHQQAhgEIAA,yes,yes,https://terracrestlandscaping.com/,yes,2026,331,411,,38
North Shore Landscape Supply Centre,landscaping company,North Vancouver BC,(604) 986-5279,"561 Seymour Blvd, North Vancouver, BC V7J 2J5, Canada",5,35,https://www.landscapesupply.store/,real,https://maps.google.com/?cid=15161892787007545635&g_mp=Cidnb29nbGUubWFwcy5wbGFjZXMudjEuUGxhY2VzLlNlYXJjaFRleHQQAhgEIAA,yes,yes,https://www.landscapesupply.store/,yes,2026,592,425,builder_wix,38
Tactic Pest Control - Pest Exterminators Surrey,pest control,Surrey BC,(236) 412-3788,"10090 152 St #151, Surrey, BC V3R 8X8, Canada",4.8,36,http://www.tacticpestcontrol.ca/,real,https://maps.google.com/?cid=10790471484234254290&g_mp=Cidnb29nbGUubWFwcy5wbGFjZXMudjEuUGxhY2VzLlNlYXJjaFRleHQQAhgEIAA,yes,yes,https://www.tacticpestcontrol.ca/,yes,,723,886,builder_wix,38
Ironwood Pest Control Ltd.,pest control,Surrey BC,(778) 929-2775,"8351 Alexandra Rd Unit 213, Richmond, BC V6X 1C3, Canada",5,33,https://www.ironwoodpestcontrol.com/,real,https://maps.google.com/?cid=7329106032480828934&g_mp=Cidnb29nbGUubWFwcy5wbGFjZXMudjEuUGxhY2VzLlNlYXJjaFRleHQQAhgEIAA,yes,yes,https://www.ironwoodpestcontrol.com/,yes,,728,265,builder_wix,38
RainCity Pest Control,pest control,Surrey BC,(236) 521-8668,"2768 W Broadway #574, Vancouver, BC V6K 2G0, Canada",4.9,81,https://raincitypestcontrol.ca/?utm_source=google&utm_medium=organic&utm_campaign=gmb,real,https://maps.google.com/?cid=444593538120081199&g_mp=Cidnb29nbGUubWFwcy5wbGFjZXMudjEuUGxhY2VzLlNlYXJjaFRleHQQAhgEIAA,yes,yes,https://raincitypestcontrol.ca/?utm_source=google&utm_medium=organic&utm_campaign=gmb,yes,2026,398,3883,,38
ASM Pest Exterminator | Best Pest Control Company in Langley,pest control,Langley BC,(604) 351-3007,"19913 70 Ave #17, Langley Twp, BC V2Y 0S9, Canada",5,33,https://asmpestexterminator.ca/locations/pest-control-langley/,real,https://maps.google.com/?cid=2197449674296644866&g_mp=Cidnb29nbGUubWFwcy5wbGFjZXMudjEuUGxhY2VzLlNlYXJjaFRleHQQAhgEIAA,yes,yes,https://asmpestexterminator.ca/locations/pest-control-langley/,yes,2024,362,671,stale_copyright_2024,38
Greater Vancouver Pest Control,pest control,Burnaby BC,(604) 374-6525,"7760 Allman St, Burnaby, BC V5E 2B1, Canada",5,37,https://www.vancouverpestcontrol.com/,real,https://maps.google.com/?cid=1481715338974666353&g_mp=Cidnb29nbGUubWFwcy5wbGFjZXMudjEuUGxhY2VzLlNlYXJjaFRleHQQAhgEIAA,yes,yes,https://www.vancouverpestcontrol.com/,yes,,1141,277,builder_wix,38
Pestcheck Services Limited - Burnaby Pest Control,pest control,Burnaby BC,(778) 949-1099,"4720 Kingsway, Unit 2600, Metrotower 2, 26th Floor, Burnaby, BC V5H 4N2, Canada",5,89,https://pestcheck.ca/service-areas/burnaby-pest-control/?utm_source=google&utm_medium=organic&utm_campaign=gmb,real,https://maps.google.com/?cid=16292308678675491320&g_mp=Cidnb29nbGUubWFwcy5wbGFjZXMudjEuUGxhY2VzLlNlYXJjaFRleHQQAhgEIAA,yes,yes,https://pestcheck.ca/service-areas/burnaby-pest-control/?utm_source=google&utm_medium=organic&utm_campaign=gmb,yes,,259,4007,,38
Active Pest Control Richmond,pest control,Burnaby BC,(778) 695-7777,"12055 Greenland Dr Unit 24, Richmond, BC V6B 2E1, Canada",4.8,37,https://activebc.ca/,real,https://maps.google.com/?cid=5334944048550290882&g_mp=Cidnb29nbGUubWFwcy5wbGFjZXMudjEuUGxhY2VzLlNlYXJjaFRleHQQAhgEIAA,yes,yes,https://www.activebc.ca/,yes,2022,103,1738,stale_copyright_2022,38
Nikol Pest Control,pest control,North Vancouver BC,(604) 364-3201,"807 W 17th St, North Vancouver, BC V7P 3M3, Canada",4.8,31,https://www.nikol.ca/,real,https://maps.google.com/?cid=4381522037258457003&g_mp=Cidnb29nbGUubWFwcy5wbGFjZXMudjEuUGxhY2VzLlNlYXJjaFRleHQQAhgEIAA,yes,yes,https://www.nikol.ca/,yes,2011,323,1898,stale_copyright_2011,38
Precise Automotive Ltd,auto repair shop,Surrey BC,(604) 582-8600,"10585 King George Blvd, Surrey, BC V3T 2X5, Canada",4.1,86,https://preciseautoltd.com/,real,https://maps.google.com/?cid=3432274099830477186&g_mp=Cidnb29nbGUubWFwcy5wbGFjZXMudjEuUGxhY2VzLlNlYXJjaFRleHQQAhgEIAA,yes,yes,https://preciseautoltd.com/,yes,,68,313,,38
A&V Auto Repair,auto repair shop,Coquitlam BC,(778) 955-5142,"2425 Dawes Hill Rd, Coquitlam, BC V3K 6T2, Canada",5,80,https://avautorepairbc.com/,real,https://maps.google.com/?cid=7116369265240922229&g_mp=Cidnb29nbGUubWFwcy5wbGFjZXMudjEuUGxhY2VzLlNlYXJjaFRleHQQAhgEIAA,yes,yes,https://avautorepairbc.com/,yes,2026,145,3818,,38
Tung Fat Motors 同發汽車修理,auto repair shop,Coquitlam BC,(604) 552-2331,"2575 Runnel Dr, Coquitlam, BC V3E 1S3, Canada",4.1,81,https://tfautobody.com/,real,https://maps.google.com/?cid=5104251867904140875&g_mp=Cidnb29nbGUubWFwcy5wbGFjZXMudjEuUGxhY2VzLlNlYXJjaFRleHQQAhgEIAA,yes,yes,https://www.tfautobody.com/,yes,,19,583,,38
Main Business: U-Turn Auto Service,auto repair shop,Coquitlam BC,(604) 475-5766,"1138 Falcon Dr, Coquitlam, BC V3E 0N1, Canada",4.4,83,https://uturnauto.ca/,real,https://maps.google.com/?cid=2464897968059971621&g_mp=Cidnb29nbGUubWFwcy5wbGFjZXMudjEuUGxhY2VzLlNlYXJjaFRleHQQAhgEIAA,yes,yes,https://uturnauto.ca/,yes,,118,5161,,38
AVS Auto Repair,auto repair shop,Richmond BC,(604) 276-0223,"13931 Sparwood Pl #115, Richmond, BC V6V 1X2, Canada",4.9,83,http://avsautorepair.ca/,real,https://maps.google.com/?cid=12316126545600699542&g_mp=Cidnb29nbGUubWFwcy5wbGFjZXMudjEuUGxhY2VzLlNlYXJjaFRleHQQAhgEIAA,yes,yes,https://avsautorepair.ca/,yes,,255,424,,38
NAPA AUTOPRO - Holm's Mechanical Ltd,auto repair shop,Delta BC,(604) 946-0354,"7504 Vantage Pl, Delta, BC V4G 1A5, Canada",4.5,84,https://holmsmechanical.ca/?utm_source=google&utm_medium=organic&utm_campaign=google-maps,real,https://maps.google.com/?cid=11682710286146318970&g_mp=Cidnb29nbGUubWFwcy5wbGFjZXMudjEuUGxhY2VzLlNlYXJjaFRleHQQAhgEIAA,yes,yes,https://holmsmechanical.ca/?utm_source=google&utm_medium=organic&utm_campaign=google-maps,yes,2026,241,389,,38
Torks Auto & Diesel Repair,auto repair shop,Maple Ridge BC,(604) 457-0123,"20170 Stewart Crescent #512, Maple Ridge, BC V2X 0T4, Canada",4.7,88,https://www.napaautopro.com/en/auto-repair/british-columbia/maple-ridge-torks-auto-diesel-repair/,real,https://maps.google.com/?cid=430131242039003425&g_mp=Cidnb29nbGUubWFwcy5wbGFjZXMudjEuUGxhY2VzLlNlYXJjaFRleHQQAhgEIAA,yes,yes,https://www.napaautopro.com/en/auto-repair/british-columbia/maple-ridge-torks-auto-diesel-repair/,yes,,113,301,,38
1st Street Garage,auto repair shop,North Vancouver BC,(604) 984-0077,"834 W 1st St, North Vancouver, BC V7P 1A1, Canada",4.8,80,https://firststreetgarage.com/,real,https://maps.google.com/?cid=7679065426517480616&g_mp=Cidnb29nbGUubWFwcy5wbGFjZXMudjEuUGxhY2VzLlNlYXJjaFRleHQQAhgEIAA,yes,yes,https://www.firststreetgarage.com/,yes,,1,302,,38
Dino's Auto & Truck Repair,auto repair shop,North Vancouver BC,(604) 983-3466,"80 Orwell St #209, North Vancouver, BC V7J 3R5, Canada",4.4,36,https://www.dinosautotruckrepairs.com/about-us.html,real,https://maps.google.com/?cid=14707042576935276284&g_mp=Cidnb29nbGUubWFwcy5wbGFjZXMudjEuUGxhY2VzLlNlYXJjaFRleHQQAhgEIAA,yes,yes,https://www.dinosautotruckrepairs.com/about-us.html,no,,8,200,not_mobile_ready,38
Minit-Tune & Brake Auto Centres,auto repair shop,North Vancouver BC,(604) 985-6550,"1353 Main St, North Vancouver, BC V7J 1C4, Canada",4.6,88,http://www.minit-tune.com/locations/north-vancouver-main-street,real,https://maps.google.com/?cid=17378333401163243023&g_mp=Cidnb29nbGUubWFwcy5wbGFjZXMudjEuUGxhY2VzLlNlYXJjaFRleHQQAhgEIAA,yes,yes,https://minit-tune.com/location/north-vancouver-main-street/,yes,2026,129,519,,38
DC CLEANING TEAM,house cleaning service,North Vancouver BC,(604) 300-4796,"1334 Wellington Dr, North Vancouver, BC V7K 1L5, Canada",4.6,84,https://www.dccleaning.ca/,real,https://maps.google.com/?cid=3888545155333012816&g_mp=Cidnb29nbGUubWFwcy5wbGFjZXMudjEuUGxhY2VzLlNlYXJjaFRleHQQAhgEIAA,yes,yes,https://www.dccleaning.ca/,yes,2024,584,188,stale_copyright_2024;builder_wix,38
Mosaic Urban Design & Landscape,landscaping company,Langley BC,(604) 722-0392,"2865 273 St, Aldergrove, BC V4W 0A7, Canada",5,87,http://www.mosaiclandscape.ca/?utm_source=gbp&utm_medium=organic,real,https://maps.google.com/?cid=17381413833369134073&g_mp=Cidnb29nbGUubWFwcy5wbGFjZXMudjEuUGxhY2VzLlNlYXJjaFRleHQQAhgEIAA,yes,yes,https://mosaiclandscape.ca/?utm_source=gbp&utm_medium=organic,yes,2026,170,1649,,38
Minit-Tune & Brake Auto Centres,auto repair shop,Langley BC,(604) 513-9200,"19875 96 Ave, Langley Twp, BC V1M 3C7, Canada",4.1,81,http://www.minit-tune.com/locations/langley-walnut-grove,real,https://maps.google.com/?cid=12611143705967266033&g_mp=Cidnb29nbGUubWFwcy5wbGFjZXMudjEuUGxhY2VzLlNlYXJjaFRleHQQAhgEIAA,yes,yes,https://minit-tune.com/location/langley-walnut-grove/,yes,2026,129,840,,38
New View Landscaping Ltd,landscaping company,Surrey BC,(604) 690-6563,"3751 Bargen Dr, Richmond, BC V6X 2R7, Canada",5,76,http://www.newviewlandscaping.ca/,real,https://maps.google.com/?cid=15869832951851160792&g_mp=Cidnb29nbGUubWFwcy5wbGFjZXMudjEuUGxhY2VzLlNlYXJjaFRleHQQAhgEIAA,yes,yes,https://newviewlandscaping.ca/,yes,,245,2351,,37
Armaan's Lawn Care,landscaping company,Surrey BC,(778) 869-3163,"5470 124b St, Surrey, BC V3X 3T1, Canada",4.9,75,http://armaanslawncare.com/,real,https://maps.google.com/?cid=1522577885843590711&g_mp=Cidnb29nbGUubWFwcy5wbGFjZXMudjEuUGxhY2VzLlNlYXJjaFRleHQQAhgEIAA,yes,yes,https://armaanslawncare.com/,yes,2026,173,198,,37
Marble Valley Contracting,landscaping company,Surrey BC,(778) 241-5116,"16565 24A Ave, Surrey, BC V3Z 1H7, Canada",4.8,24,http://www.marblevalleycontracting.com/,real,https://maps.google.com/?cid=10999458267247249200&g_mp=Cidnb29nbGUubWFwcy5wbGFjZXMudjEuUGxhY2VzLlNlYXJjaFRleHQQAhgEIAA,yes,yes,https://www.marblevalleycontracting.com/,yes,,1498,544,builder_wix,37
Fraser Valley Landscaping,landscaping company,Langley BC,(604) 612-2119,"6747 203 St, Langley, BC V2Y 3B5, Canada",4.4,29,http://www.fraservalleylandscaping.com/,real,https://maps.google.com/?cid=17514114935187247106&g_mp=Cidnb29nbGUubWFwcy5wbGFjZXMudjEuUGxhY2VzLlNlYXJjaFRleHQQAhgEIAA,yes,yes,https://www.fraservalleylandscaping.com/,yes,2002,82,394,stale_copyright_2002,37
Creative Concepts Living - Landscaping • Artificial Turf • Concrete • Carpentry,landscaping company,Langley BC,(778) 228-1785,"4750 201 St, Langley, BC V3A 6B5, Canada",5,21,http://www.creativeconceptsliving.com/,real,https://maps.google.com/?cid=12040503370848721331&g_mp=Cidnb29nbGUubWFwcy5wbGFjZXMudjEuUGxhY2VzLlNlYXJjaFRleHQQAhgEIAA,yes,yes,https://www.creativeconceptsliving.com/,yes,,1057,529,builder_wix,37
Organic Matters Landscaping LTD,landscaping company,Burnaby BC,(604) 721-4258,"3095 Graveley St, Vancouver, BC V5K 3K5, Canada",5,21,http://www.organicmatterslandscaping.ca/,real,https://maps.google.com/?cid=6104209014850686501&g_mp=Cidnb29nbGUubWFwcy5wbGFjZXMudjEuUGxhY2VzLlNlYXJjaFRleHQQAhgEIAA,yes,yes,https://organicmatterslandscaping.ca/,yes,2024,113,2765,stale_copyright_2024,37
High River Landscaping,landscaping company,Coquitlam BC,(604) 440-9266,"2623 Burleigh Ave #219, Port Coquitlam, BC V3C 0C5, Canada",4.9,27,https://www.highriverinc.com/,real,https://maps.google.com/?cid=6646785082635852492&g_mp=Cidnb29nbGUubWFwcy5wbGFjZXMudjEuUGxhY2VzLlNlYXJjaFRleHQQAhgEIAA,yes,yes,https://www.highriverinc.com/,yes,,757,477,builder_wix,37
Beacon Landscaping,landscaping company,Coquitlam BC,(604) 366-1102,"3137 Beacon Dr, Coquitlam, BC V3C 3W7, Canada",5,29,http://www.beaconlandscaping.ca/,real,https://maps.google.com/?cid=1926423179076702210&g_mp=Cidnb29nbGUubWFwcy5wbGFjZXMudjEuUGxhY2VzLlNlYXJjaFRleHQQAhgEIAA,yes,no,http://beaconlandscaping.ca/,yes,,96,2669,no_ssl,37
Weatherhead Contractors ltd.,landscaping company,Coquitlam BC,(604) 761-9929,"3025 Lougheed Hwy Ste 140, Coquitlam, BC V3B 6S2, Canada",5,25,http://www.weatherheadcontractors.com/,real,https://maps.google.com/?cid=7376444753493375737&g_mp=Cidnb29nbGUubWFwcy5wbGFjZXMudjEuUGxhY2VzLlNlYXJjaFRleHQQAhgEIAA,yes,yes,https://www.weatherheadcontractors.com/,yes,,914,496,builder_wix,37
The Golden Shovel Landscape Ltd.,landscaping company,Maple Ridge BC,(778) 863-5258,"19538 Bishops Reach, Pitt Meadows, BC V3Y 0C2, Canada",5,25,http://thegoldenshovellandscape.net/,real,https://maps.google.com/?cid=3802572634224439664&g_mp=Cidnb29nbGUubWFwcy5wbGFjZXMudjEuUGxhY2VzLlNlYXJjaFRleHQQAhgEIAA,yes,yes,https://www.thegoldenshovellandscape.net/,yes,,1139,652,builder_wix,37
The Golden Shovel Landscape Ltd.,landscaping company,Maple Ridge BC,(778) 863-5258,"27464 110 Ave, Maple Ridge, BC V2W 1P5, Canada",5,20,https://www.thegoldenshovellandscape.net/,real,https://maps.google.com/?cid=7602241657001801312&g_mp=Cidnb29nbGUubWFwcy5wbGFjZXMudjEuUGxhY2VzLlNlYXJjaFRleHQQAhgEIAA,yes,yes,https://www.thegoldenshovellandscape.net/,yes,,1139,125,builder_wix,37
WestCoast Land and snow,landscaping company,Maple Ridge BC,(604) 512-5191,"27875 Lougheed Hwy, Maple Ridge, BC V2W 1L1, Canada",4.8,21,https://www.wclandscapesplowandsalt.com/,real,https://maps.google.com/?cid=12048266251048928154&g_mp=Cidnb29nbGUubWFwcy5wbGFjZXMudjEuUGxhY2VzLlNlYXJjaFRleHQQAhgEIAA,dead,no,,no,,,,unreachable_TimeoutError,37
Helpful Home Services,landscaping company,North Vancouver BC,(604) 980-6155,"1407 Marine Dr, North Vancouver, BC V7P 1T5, Canada",5,23,https://www.helpfulhomeservices.ca/,real,https://maps.google.com/?cid=15483087529514895202&g_mp=Cidnb29nbGUubWFwcy5wbGFjZXMudjEuUGxhY2VzLlNlYXJjaFRleHQQAhgEIAA,yes,yes,https://www.helpfulhomeservices.ca/,yes,,1015,219,builder_wix,37
VG Landscaping Ltd,landscaping company,North Vancouver BC,(778) 859-5797,"2133 St Georges Ave, North Vancouver, BC V7L 3K5, Canada",5,25,http://www.vg-landscaping.com/,real,https://maps.google.com/?cid=9593653862304209042&g_mp=Cidnb29nbGUubWFwcy5wbGFjZXMudjEuUGxhY2VzLlNlYXJjaFRleHQQAhgEIAA,yes,yes,https://www.vg-landscaping.com/,yes,,471,508,builder_wix,37
Tierra Designs Inc,landscaping company,North Vancouver BC,(604) 374-0027,"740 East 10th St E, North Vancouver, BC V7L 2G1, Canada",4.6,22,https://www.tierradesigns.ca/,real,https://maps.google.com/?cid=12425343982602985175&g_mp=Cidnb29nbGUubWFwcy5wbGFjZXMudjEuUGxhY2VzLlNlYXJjaFRleHQQAhgEIAA,yes,yes,https://tierradesigns.ca/,yes,2022,140,1214,stale_copyright_2022,37
"pest control surrey bc | pestzap ltd pest exterminators ants ,bed bugs,rat ,cockroach,mice,rodents etc",pest control,Surrey BC,(778) 990-4770,"8962 151 St., Surrey, BC V3R 8Y9, Canada",4.7,76,http://pestzap.ca/,real,https://maps.google.com/?cid=11866782178674845238&g_mp=Cidnb29nbGUubWFwcy5wbGFjZXMudjEuUGxhY2VzLlNlYXJjaFRleHQQAhgEIAA,yes,yes,https://pestzap.ca/,yes,,178,1092,,37
Elite Pest Control LTD.,pest control,Surrey BC,(778) 939-6064,"13628 81a Ave, Surrey, BC V3W 3E2, Canada",4.8,70,https://elitepestltd.ca/,real,https://maps.google.com/?cid=13352943647987928624&g_mp=Cidnb29nbGUubWFwcy5wbGFjZXMudjEuUGxhY2VzLlNlYXJjaFRleHQQAhgEIAA,yes,yes,https://elitepestltd.ca/,yes,,184,399,,37
Vancouver Pest Control Ltd,pest control,Burnaby BC,(778) 373-9755,"3820 Kaslo St, Vancouver, BC V5R 2B2, Canada",4.9,70,https://vancouverpestcontrolltd.ca/,real,https://maps.google.com/?cid=14412107245889580849&g_mp=Cidnb29nbGUubWFwcy5wbGFjZXMudjEuUGxhY2VzLlNlYXJjaFRleHQQAhgEIAA,yes,yes,https://vancouverpestcontrolltd.ca/,yes,,546,473,,37
FOWLER AUTO REPAIRS LTD.,auto repair shop,Surrey BC,(604) 593-5206,"7823 132 St #12, Surrey, BC V3W 4M8, Canada",4.7,70,http://www.fowlerauto.ca/,real,https://maps.google.com/?cid=18177464215615112775&g_mp=Cidnb29nbGUubWFwcy5wbGFjZXMudjEuUGxhY2VzLlNlYXJjaFRleHQQAhgEIAA,yes,yes,https://www.fowlerauto.ca/,yes,,51,1096,,37
One Stop Automotive,auto repair shop,Langley BC,(604) 533-5389,"5734 Production Way Unit 1, Langley, BC V3A 4N4, Canada",4.7,27,https://1stopautomotive.ca/,real,https://maps.google.com/?cid=4154971267302308403&g_mp=Cidnb29nbGUubWFwcy5wbGFjZXMudjEuUGxhY2VzLlNlYXJjaFRleHQQAhgEIAA,dead,no,,no,,,,unreachable_ENOTFOUND,37
Coquitlam Performance & Auto Repair Service Center,auto repair shop,Coquitlam BC,(647) 674-9412,"Gatensbury St, Coquitlam, BC V3J 5H3, Canada",4.9,77,https://smperformanceautomotive.my.canva.site/,real,https://maps.google.com/?cid=5568628325533807544&g_mp=Cidnb29nbGUubWFwcy5wbGFjZXMudjEuUGxhY2VzLlNlYXJjaFRleHQQAhgEIAA,yes,yes,https://smperformanceautomotive.my.canva.site/,yes,,83,35,,37
Formula Auto Works,auto repair shop,Coquitlam BC,(604) 346-8145,"685 Lougheed Hwy, Coquitlam, BC V3K 1T5, Canada",4.9,71,https://www.formulaautoworks.ca/,real,https://maps.google.com/?cid=13582524563557905896&g_mp=Cidnb29nbGUubWFwcy5wbGFjZXMudjEuUGxhY2VzLlNlYXJjaFRleHQQAhgEIAA,yes,yes,https://www.formulaautoworks.ca/,yes,2026,7,147,,37
Mobile Mechanic Coquitlam,auto repair shop,Coquitlam BC,(778) 807-9925,"1046e Austin Ave, Coquitlam, BC V3K 3P3, Canada",4,26,https://mobilemechanicvancouver.net/coquitlam-mobile-mechanic-services/,real,https://maps.google.com/?cid=18216141357774220535&g_mp=Cidnb29nbGUubWFwcy5wbGFjZXMudjEuUGxhY2VzLlNlYXJjaFRleHQQAhgEIAA,http_404,yes,https://mobilemechanicvancouver.net/coquitlam-mobile-mechanic-services/,no,,0,424,not_mobile_ready,37
Smart-Save Auto Pro,auto repair shop,Richmond BC,(604) 370-2162,"2560 Shell Rd #2038, Richmond, BC V6X 0B8, Canada",4.8,71,http://www.smartsaveautopro.com/,real,https://maps.google.com/?cid=16750984021004540240&g_mp=Cidnb29nbGUubWFwcy5wbGFjZXMudjEuUGxhY2VzLlNlYXJjaFRleHQQAhgEIAA,yes,yes,https://www.smartsaveautopro.com/,yes,,7,452,,37
Ladner Motors Ltd,auto repair shop,Delta BC,(604) 946-2617,"4900 Delta St, Delta, BC V4K 2V2, Canada",4.7,74,http://www.ladnermotors.com/,real,https://maps.google.com/?cid=16537037610464251890&g_mp=Cidnb29nbGUubWFwcy5wbGFjZXMudjEuUGxhY2VzLlNlYXJjaFRleHQQAhgEIAA,yes,yes,https://www.ladnermotors.com/,yes,2026,35,665,,37
IC Auto Tek,auto repair shop,North Vancouver BC,(604) 960-0389,"1631 Columbia St, North Vancouver, BC V7J 1A5, Canada",4.7,72,http://icautotek.com/,real,https://maps.google.com/?cid=17275953109835753214&g_mp=Cidnb29nbGUubWFwcy5wbGFjZXMudjEuUGxhY2VzLlNlYXJjaFRleHQQAhgEIAA,yes,yes,https://icautotek.com/,yes,,46,208,,37
OnePro Cleaning Ltd.,house cleaning service,Coquitlam BC,(604) 506-2333,"615 Cottonwood Ave, Coquitlam, BC V3J 7K6, Canada",5,125,https://www.oneprocleaning.ca/,real,https://maps.google.com/?cid=15406703973949513047&g_mp=Cidnb29nbGUubWFwcy5wbGFjZXMudjEuUGxhY2VzLlNlYXJjaFRleHQQAhgEIAA,yes,yes,https://www.oneprocleaning.ca/,yes,,1165,319,builder_wix,37
Carfix Collision Centre - ICBC Repair Network,auto repair shop,Langley BC,(604) 510-0218,"20679 Langley Bypass #110, Langley, BC V3A 5E8, Canada",4.8,72,http://www.carfixcollision.com/,real,https://maps.google.com/?cid=6959064663534520334&g_mp=Cidnb29nbGUubWFwcy5wbGFjZXMudjEuUGxhY2VzLlNlYXJjaFRleHQQAhgEIAA,yes,yes,https://carfixcollision.com/,yes,2026,231,5191,,37
Lynx Contracting LTD.,landscaping company,Langley BC,(604) 818-4736,"8258 207A St., Langley Twp, BC V2Y 0N4, Canada",4.9,67,http://www.lynxlandscaping.ca/,real,https://maps.google.com/?cid=14171622220396295462&g_mp=Cidnb29nbGUubWFwcy5wbGFjZXMudjEuUGxhY2VzLlNlYXJjaFRleHQQAhgEIAA,yes,yes,https://lynxcontracting.ca/,yes,2026,177,2230,,36
Green First! Landscaping,landscaping company,Burnaby BC,(236) 986-3627,"552A Clarke Rd Ste 115, Coquitlam, BC V3J 3X5, Canada",4.8,18,https://www.greenfirstlandscaping.com/,real,https://maps.google.com/?cid=16179442267866255070&g_mp=Cidnb29nbGUubWFwcy5wbGFjZXMudjEuUGxhY2VzLlNlYXJjaFRleHQQAhgEIAA,yes,yes,https://www.greenfirstlandscaping.com/,yes,,708,353,builder_wix,36
landviewBC landscaping ltd.,landscaping company,Coquitlam BC,(604) 369-9770,"528 Rochester Ave #223, Coquitlam, BC V3K 7A5, Canada",5,16,https://landviewbclandscaping.ca/,real,https://maps.google.com/?cid=7385335687160463014&g_mp=Cidnb29nbGUubWFwcy5wbGFjZXMudjEuUGxhY2VzLlNlYXJjaFRleHQQAhgEIAA,yes,yes,https://www.landviewbclandscaping.ca/,yes,,807,522,builder_wix,36
Lasting Lawns,landscaping company,Coquitlam BC,(778) 319-1038,"1185 The High St, Coquitlam, BC V3B 0A9, Canada",5,15,http://lastinglawns.ca/,real,https://maps.google.com/?cid=4960768615372672206&g_mp=Cidnb29nbGUubWFwcy5wbGFjZXMudjEuUGxhY2VzLlNlYXJjaFRleHQQAhgEIAA,dead,no,,no,,,,unreachable_ENOTFOUND,36
Kinsley Landscape Ltd.,landscaping company,Maple Ridge BC,(604) 465-9780,"248 Street Dewdney Trunk Rd, Maple Ridge, BC V4R 1J1, Canada",5,67,https://www.kinsleylandscape.ca/,real,https://maps.google.com/?cid=6084895824775568998&g_mp=Cidnb29nbGUubWFwcy5wbGFjZXMudjEuUGxhY2VzLlNlYXJjaFRleHQQAhgEIAA,yes,yes,https://kinsleylandscape.ca/,yes,2026,284,3140,,36
Calumma Creative Landscapes,landscaping company,North Vancouver BC,(604) 834-3272,"2455 Dollarton Hwy #204, North Vancouver, BC V7H 0A1, Canada",5,15,http://www.calumma.ca/,real,https://maps.google.com/?cid=7875894933345984310&g_mp=Cidnb29nbGUubWFwcy5wbGFjZXMudjEuUGxhY2VzLlNlYXJjaFRleHQQAhgEIAA,yes,yes,https://calumma.ca/,yes,2016,195,399,stale_copyright_2016,36
Total Pest Control Ltd Surrey BC - Pest Exterminators,pest control,Surrey BC,(604) 349-6402,"7475 135 St #129, Surrey, BC V3W 0M8, Canada",4.9,61,https://tpcs.ca/?utm_source=google&utm_medium=gmb,real,https://maps.google.com/?cid=9620809694739583833&g_mp=Cidnb29nbGUubWFwcy5wbGFjZXMudjEuUGxhY2VzLlNlYXJjaFRleHQQAhgEIAA,yes,yes,https://tpcs.ca/?utm_source=google&utm_medium=gmb,yes,2026,187,95,,36
Pest Boss,pest control,Burnaby BC,(778) 953-2677,"4353 Halifax St #507, Burnaby, BC V5C 5Z4, Canada",4.7,19,http://www.pestboss.ca/,real,https://maps.google.com/?cid=9462890521666602987&g_mp=Cidnb29nbGUubWFwcy5wbGFjZXMudjEuUGxhY2VzLlNlYXJjaFRleHQQAhgEIAA,yes,yes,https://pestboss.ca/,yes,2016,103,2280,stale_copyright_2016,36
Express Pest Canada - Vancouver / North Vancouver,pest control,Burnaby BC,(604) 499-6530,"1534 E 4th Ave, Vancouver, BC V5N 1J8, Canada",4.9,17,http://www.expresspestcontrol.ca/,real,https://maps.google.com/?cid=7954190727807460394&g_mp=Cidnb29nbGUubWFwcy5wbGFjZXMudjEuUGxhY2VzLlNlYXJjaFRleHQQAhgEIAA,dead,no,,no,,,,unreachable_TimeoutError,36
CANADIAN PEST CONTROL,pest control,Maple Ridge BC,(778) 598-7378,"13175 Shoesmith Crescent, Maple Ridge, BC V4R 0A9, Canada",4.8,68,http://cpestcontrol.ca/,real,https://maps.google.com/?cid=9945922012554596734&g_mp=Cidnb29nbGUubWFwcy5wbGFjZXMudjEuUGxhY2VzLlNlYXJjaFRleHQQAhgEIAA,yes,yes,https://cpestcontrol.ca/,yes,,134,143,,36
Silver Creek Wildlife Inc,pest control,Maple Ridge BC,(236) 885-8689,"13313 235A St, Maple Ridge, BC V4R 2V9, Canada",5,65,https://silvercreekwildlife.com/,real,https://maps.google.com/?cid=8998876511860084966&g_mp=Cidnb29nbGUubWFwcy5wbGFjZXMudjEuUGxhY2VzLlNlYXJjaFRleHQQAhgEIAA,yes,yes,https://silvercreekwildlife.com/,yes,,50,2857,,36
Holey Moley Pest Control,pest control,Maple Ridge BC,(604) 839-4074,"11076 Hynes St, Maple Ridge, BC V2W 1P5, Canada",4.7,61,http://www.holeymoley.ca/,real,https://maps.google.com/?cid=9886377171935900277&g_mp=Cidnb29nbGUubWFwcy5wbGFjZXMudjEuUGxhY2VzLlNlYXJjaFRleHQQAhgEIAA,yes,yes,https://www.holeymoley.ca/,yes,,466,581,,36
Benny Car Care,auto repair shop,Burnaby BC,(604) 728-9758,"5508 Imperial St, Burnaby, BC V5J 1E7, Canada",5,60,https://bennycarcare.com/,real,https://maps.google.com/?cid=17068290660617471429&g_mp=Cidnb29nbGUubWFwcy5wbGFjZXMudjEuUGxhY2VzLlNlYXJjaFRleHQQAhgEIAA,yes,yes,https://bennycarcare.com/,yes,,100,1905,,36
Ace Automotive,auto repair shop,Delta BC,(236) 858-2197,"8207 Swenson Wy Ste 13, Delta, BC V4G 1J5, Canada",5,63,https://aceautomotive.ca/,real,https://maps.google.com/?cid=15133767167273662975&g_mp=Cidnb29nbGUubWFwcy5wbGFjZXMudjEuUGxhY2VzLlNlYXJjaFRleHQQAhgEIAA,yes,yes,https://aceautomotive.ca/,yes,,364,144,,36
Fountain Tire,auto repair shop,Delta BC,(604) 952-1162,"4826 Elliott St, Delta, BC V4K 2X8, Canada",4.6,66,http://www.fountaintire.com/stores/delta-bc,real,https://maps.google.com/?cid=3242976022798599901&g_mp=Cidnb29nbGUubWFwcy5wbGFjZXMudjEuUGxhY2VzLlNlYXJjaFRleHQQAhgEIAA,yes,yes,https://www.fountaintire.com/stores/delta-bc,yes,,15,114,,36
Dewdney Automotive Repairs,auto repair shop,Maple Ridge BC,(604) 460-1066,"11517 Kingston St #102, Maple Ridge, BC V2X 0Y2, Canada",4.7,64,https://dewdneyauto.com/,real,https://maps.google.com/?cid=1138509900811817318&g_mp=Cidnb29nbGUubWFwcy5wbGFjZXMudjEuUGxhY2VzLlNlYXJjaFRleHQQAhgEIAA,yes,yes,https://dewdneyauto.com/,yes,,426,909,,36
OK Tire,auto repair shop,Maple Ridge BC,(604) 380-2049,"22856 Lougheed Hwy, Maple Ridge, BC V2X 2V6, Canada",4.7,63,https://www.oktire.com/stores/ok-tire-maple-ridge-town-centre/,real,https://maps.google.com/?cid=6717527072795897236&g_mp=Cidnb29nbGUubWFwcy5wbGFjZXMudjEuUGxhY2VzLlNlYXJjaFRleHQQAhgEIAA,http_403,yes,https://www.oktire.com/stores/ok-tire-maple-ridge-town-centre/,yes,,5,99,,36
Classic Image Auto Body,auto repair shop,Maple Ridge BC,(604) 467-8988,"23302 River Rd, Maple Ridge, BC V2W 1B6, Canada",4.7,62,https://www.classicimageautobody.ca/,real,https://maps.google.com/?cid=13987841437221466827&g_mp=Cidnb29nbGUubWFwcy5wbGFjZXMudjEuUGxhY2VzLlNlYXJjaFRleHQQAhgEIAA,yes,yes,https://www.classicimageautobody.ca/,yes,2025,126,313,,36
Third Gear Mobile Auto Repair,auto repair shop,North Vancouver BC,(604) 256-8148,"375 W 4th St, North Vancouver, BC V7M 1J2, Canada",5,61,http://thirdgear.ca/,real,https://maps.google.com/?cid=5280045124168162689&g_mp=Cidnb29nbGUubWFwcy5wbGFjZXMudjEuUGxhY2VzLlNlYXJjaFRleHQQAhgEIAA,yes,yes,https://www.thirdgear.ca/,yes,2026,61,815,,36
Cap-Tex Automotive,auto repair shop,North Vancouver BC,(604) 988-0622,"1170 W 14th St, North Vancouver, BC V7P 1J8, Canada",4.9,65,http://captexauto.ca/,real,https://maps.google.com/?cid=10209070256692826694&g_mp=Cidnb29nbGUubWFwcy5wbGFjZXMudjEuUGxhY2VzLlNlYXJjaFRleHQQAhgEIAA,yes,yes,https://captexauto.ca/,yes,2026,323,324,,36
Siri auto glass- North Vancouver,auto repair shop,North Vancouver BC,(778) 874-6798,"1132 15th St W, North Vancouver, BC V7P 1M9, Canada",5,18,https://www.siriautoglass.ca/contact-us,real,https://maps.google.com/?cid=10627537380000844546&g_mp=Cidnb29nbGUubWFwcy5wbGFjZXMudjEuUGxhY2VzLlNlYXJjaFRleHQQAhgEIAA,yes,yes,https://www.siriautoglass.ca/contact-us,yes,,876,248,builder_wix,36
"Forever Post Construction, Pressure Wash & Gutter Cleaning Services",house cleaning service,Surrey BC,(778) 865-9995,"10912 152 St, Surrey, BC V3R 6S6, Canada",4.8,114,https://fbmcleaningservices.com/,real,https://maps.google.com/?cid=2239423954993498285&g_mp=Cidnb29nbGUubWFwcy5wbGFjZXMudjEuUGxhY2VzLlNlYXJjaFRleHQQAhgEIAA,yes,yes,https://fbmcleaningservices.com/,yes,2021,397,197,stale_copyright_2021,36
Zenith Zone Cleaning Team,house cleaning service,Langley BC,(604) 767-7996,"10292 McEachern St, Maple Ridge, BC V2W 0B2, Canada",4.6,162,https://zenithzonecleaning.com/,real,https://maps.google.com/?cid=7774879856763046342&g_mp=Cidnb29nbGUubWFwcy5wbGFjZXMudjEuUGxhY2VzLlNlYXJjaFRleHQQAhgEIAA,yes,yes,https://www.zenithzonecleaning.com/,yes,,149,1043,,36
"Merry Maids of Burnaby, New Westminster & Tri-Cities",house cleaning service,Burnaby BC,(604) 239-1462,"604 Columbia St Unit 426, New Westminster, BC V3M 1A5, Canada",4.8,160,https://merrymaids.ca/home-cleaners-new-westminster-bc?utm_source=google&utm_medium=organic&utm_campaign=gmb,real,https://maps.google.com/?cid=1646184718818528148&g_mp=Cidnb29nbGUubWFwcy5wbGFjZXMudjEuUGxhY2VzLlNlYXJjaFRleHQQAhgEIAA,yes,yes,https://merrymaids.ca/home-cleaners-new-westminster-bc?utm_source=google&utm_medium=organic&utm_campaign=gmb,yes,2026,54,382,,36
Samantha’s Cleaning Services,house cleaning service,Coquitlam BC,(778) 223-3087,"3749 Hamilton St, Port Coquitlam, BC V3B 3A2, Canada",4.8,113,https://www.samanthascleaning.com/,real,https://maps.google.com/?cid=16077710037080268528&g_mp=Cidnb29nbGUubWFwcy5wbGFjZXMudjEuUGxhY2VzLlNlYXJjaFRleHQQAhgEIAA,yes,yes,https://www.samanthascleaning.com/,yes,,763,182,builder_wix,36
DR HUA AUTO,auto repair shop,Richmond BC,(778) 995-9888,"12851 No 5 Rd #140, Richmond, BC V7A 4E9, Canada",4.7,67,https://www.drhuaautoclub.com/,real,https://maps.google.com/?cid=3826409791744916242&g_mp=Cidnb29nbGUubWFwcy5wbGFjZXMudjEuUGxhY2VzLlNlYXJjaFRleHQQAhgEIAA,yes,yes,https://drhuaautoclub.com/,yes,2026,85,1158,,36
Lordco Auto Parts,auto repair shop,Delta BC,(604) 946-4679,"4857 Elliott St, Delta, BC V4K 2X7, Canada",4,67,https://www.lordco.com/,real,https://maps.google.com/?cid=12966613807808043852&g_mp=Cidnb29nbGUubWFwcy5wbGFjZXMudjEuUGxhY2VzLlNlYXJjaFRleHQQAhgEIAA,yes,yes,https://lordco.com/,yes,,663,408,,36
Only Way Cleaning Services,house cleaning service,Maple Ridge BC,(778) 829-4557,"19651 Wildwood Crescent S, Pitt Meadows, BC V3Y 1N6, Canada",5,164,http://www.onlywaycleaningservices.com/,real,https://maps.google.com/?cid=8263365474100525369&g_mp=Cidnb29nbGUubWFwcy5wbGFjZXMudjEuUGxhY2VzLlNlYXJjaFRleHQQAhgEIAA,yes,yes,https://www.onlywaycleaningservices.com/,yes,2025,71,226,,36
Okada Earthscape,landscaping company,Surrey BC,(236) 826-4555,"10747 156 St, Surrey, BC V3R 9X4, Canada",5,50,https://okadaearthscape.ca/,real,https://maps.google.com/?cid=18361614522234072658&g_mp=Cidnb29nbGUubWFwcy5wbGFjZXMudjEuUGxhY2VzLlNlYXJjaFRleHQQAhgEIAA,yes,yes,https://www.okadaearthscape.ca/,yes,,555,936,,35
Hughes Landscaping,landscaping company,Langley BC,(604) 807-4951,"23277 Mary Ave, Langley Twp, BC V1M 1A0, Canada",4,55,https://hugheslandscaping.ca/,real,https://maps.google.com/?cid=11130747686519488476&g_mp=Cidnb29nbGUubWFwcy5wbGFjZXMudjEuUGxhY2VzLlNlYXJjaFRleHQQAhgEIAA,yes,yes,https://hugheslandscaping.ca/,yes,2026,401,1864,,35
The Great Canadian Landscaping Company Ltd.,landscaping company,Burnaby BC,(888) 451-2309,"118 Garden Ave, North Vancouver, BC V7P 3H2, Canada",4.5,54,https://gclc.ca/?utm_source=googlemybusiness&utm_medium=Organic&utm_campaign=Google%20My%20Business,real,https://maps.google.com/?cid=17403589560599697169&g_mp=Cidnb29nbGUubWFwcy5wbGFjZXMudjEuUGxhY2VzLlNlYXJjaFRleHQQAhgEIAA,yes,yes,https://gclc.ca/?utm_source=googlemybusiness&utm_medium=Organic&utm_campaign=Google%20My%20Business,yes,,563,418,,35
Houston Landscapes Ltd,landscaping company,Burnaby BC,(604) 734-0907,"260 Riverside Dr, North Vancouver, BC V7H 1V1, Canada",4.6,54,http://www.houstonlandscapes.ca/,real,https://maps.google.com/?cid=15128567011676202715&g_mp=Cidnb29nbGUubWFwcy5wbGFjZXMudjEuUGxhY2VzLlNlYXJjaFRleHQQAhgEIAA,yes,yes,https://www.houstonlandscapes.ca/,yes,2026,42,381,,35
Absolute Landscaping Ltd.,landscaping company,Burnaby BC,(604) 684-9901,"1111 Croft Rd, North Vancouver, BC V7K 1K2, Canada",4.9,53,http://absolutelandscaping.com/,real,https://maps.google.com/?cid=2964853767924453201&g_mp=Cidnb29nbGUubWFwcy5wbGFjZXMudjEuUGxhY2VzLlNlYXJjaFRleHQQAhgEIAA,yes,yes,https://absolutelandscaping.com/,yes,2026,239,619,,35
Bucks with Trucks Landscaping,landscaping company,Coquitlam BC,(604) 907-1455,"1195 Shelter Crescent, Coquitlam, BC V3B 5Y4, Canada",5,50,http://www.buckswithtrucks.ca/,real,https://maps.google.com/?cid=9239919117583958875&g_mp=Cidnb29nbGUubWFwcy5wbGFjZXMudjEuUGxhY2VzLlNlYXJjaFRleHQQAhgEIAA,yes,yes,https://buckswithtrucks.ca/,yes,,60,3132,,35
TopStone Landscaping,landscaping company,Richmond BC,(778) 404-0073,"1285 W Broadway #581, Vancouver, BC V6H 3X8, Canada",5,57,http://topstonelandscaping.ca/,real,https://maps.google.com/?cid=15048177201538873415&g_mp=Cidnb29nbGUubWFwcy5wbGFjZXMudjEuUGxhY2VzLlNlYXJjaFRleHQQAhgEIAA,yes,yes,https://topstonelandscaping.ca/,yes,2026,115,714,,35
One Stop Landscape Supplies & Hardware,landscaping company,Maple Ridge BC,(604) 836-9274,"23549 Lougheed Hwy, Maple Ridge, BC V2W 1B8, Canada",4.3,54,https://onestoplandscapesupplies.com/,real,https://maps.google.com/?cid=16485891533268062088&g_mp=Cidnb29nbGUubWFwcy5wbGFjZXMudjEuUGxhY2VzLlNlYXJjaFRleHQQAhgEIAA,yes,yes,https://onestoplandscapesupplies.com/,yes,2025,114,160,,35
Pestcheck Services Limited - North Vancouver Pest Control,pest control,North Vancouver BC,(778) 949-1099,"145 Chadwick Ct #220, North Vancouver, BC V7M 3K2, Canada",5,56,https://pestcheck.ca/service-areas/north-vancouver-pest-control/?utm_source=google&utm_medium=organic&utm_campaign=gmb,real,https://maps.google.com/?cid=8557079808040477341&g_mp=Cidnb29nbGUubWFwcy5wbGFjZXMudjEuUGxhY2VzLlNlYXJjaFRleHQQAhgEIAA,yes,yes,https://pestcheck.ca/service-areas/north-vancouver-pest-control/?utm_source=google&utm_medium=organic&utm_campaign=gmb,yes,,241,1224,,35
Perfection Auto Services,auto repair shop,Langley BC,(604) 882-9956,"19862 96 Ave, Langley Twp, BC V1M 0B8, Canada",4.8,56,https://www.perfectionauto.mechanicnet.com/,real,https://maps.google.com/?cid=16321868069833310334&g_mp=Cidnb29nbGUubWFwcy5wbGFjZXMudjEuUGxhY2VzLlNlYXJjaFRleHQQAhgEIAA,yes,yes,https://www.perfectionauto.mechanicnet.com/,yes,,20,778,,35
Fixpoint,auto repair shop,Coquitlam BC,(604) 837-8881,"819 Brunette Ave, Coquitlam, BC V3K 1C5, Canada",4.3,58,http://fixpoint.ca/,real,https://maps.google.com/?cid=13961323883980337029&g_mp=Cidnb29nbGUubWFwcy5wbGFjZXMudjEuUGxhY2VzLlNlYXJjaFRleHQQAhgEIAA,yes,yes,https://fixpoint.ca/,yes,,114,3846,,35
Ironwood Auto Service,auto repair shop,Richmond BC,(604) 278-2895,"11711 No 5 Rd, Richmond, BC V7A 4E8, Canada",4.6,55,http://www.ironwoodautoservice.ca/,real,https://maps.google.com/?cid=12319903659153909695&g_mp=Cidnb29nbGUubWFwcy5wbGFjZXMudjEuUGxhY2VzLlNlYXJjaFRleHQQAhgEIAA,yes,yes,https://ironwoodautoservice.ca/,yes,,75,2570,,35
Xpress Auto Service,auto repair shop,Richmond BC,(604) 244-9354,"8077 Alexandra Rd #104, Richmond, BC V6X 3A6, Canada",4.6,58,https://xpressautoservice.ca/,real,https://maps.google.com/?cid=16219255015715158259&g_mp=Cidnb29nbGUubWFwcy5wbGFjZXMudjEuUGxhY2VzLlNlYXJjaFRleHQQAhgEIAA,yes,yes,https://xpressautoservice.ca/,yes,,166,4978,,35
Perkin's Automotive,auto repair shop,Maple Ridge BC,(604) 463-8626,"23408 Dewdney Trunk Rd, Maple Ridge, BC V2X 3L7, Canada",4.1,55,http://www.perkinsauto.com/,real,https://maps.google.com/?cid=5284978591997999773&g_mp=Cidnb29nbGUubWFwcy5wbGFjZXMudjEuUGxhY2VzLlNlYXJjaFRleHQQAhgEIAA,yes,yes,https://www.perkinsauto.com/index.cfm?,yes,,22,628,,35
AutoKraft,auto repair shop,North Vancouver BC,(604) 837-3476,"1485 Rupert St #103, North Vancouver, BC V7J 1G1, Canada",4.7,58,https://krafty.ca/,real,https://maps.google.com/?cid=14421296413208970569&g_mp=Cidnb29nbGUubWFwcy5wbGFjZXMudjEuUGxhY2VzLlNlYXJjaFRleHQQAhgEIAA,yes,yes,https://krafty.ca/,yes,,49,2269,,35
ecoF cleaners,house cleaning service,Surrey BC,(778) 708-3636,"8140 128 St #343, Surrey, BC V3W 1R1, Canada",4.3,108,https://www.ecofcleaners.com/,real,https://maps.google.com/?cid=6780071525457140089&g_mp=Cidnb29nbGUubWFwcy5wbGFjZXMudjEuUGxhY2VzLlNlYXJjaFRleHQQAhgEIAA,yes,yes,https://ecofcleaners.com/,yes,2022,160,299,stale_copyright_2022,35
Tidy Fox Cleaning Services,house cleaning service,Langley BC,(778) 345-4369,"35409 Calgary Ave, Abbotsford, BC V3G 1J5, Canada",5,108,http://www.tidyfox.ca/,real,https://maps.google.com/?cid=14091059871525352217&g_mp=Cidnb29nbGUubWFwcy5wbGFjZXMudjEuUGxhY2VzLlNlYXJjaFRleHQQAhgEIAA,yes,yes,https://www.tidyfox.ca/,yes,2022,21,429,stale_copyright_2022,35
Green Broom Cleaning Services,house cleaning service,Burnaby BC,(778) 708-4884,"5980 Kathleen Ave, Burnaby, BC V5H 2S6, Canada",4.9,53,https://greenbroom.ca/,real,https://maps.google.com/?cid=5548493696978835099&g_mp=Cidnb29nbGUubWFwcy5wbGFjZXMudjEuUGxhY2VzLlNlYXJjaFRleHQQAhgEIAA,yes,yes,https://greenbroom.ca/,yes,2026,244,14616,slow_load;builder_web,35
Dinah cleaning services,house cleaning service,Burnaby BC,(778) 653-6482,"7675 Edmonds St, Burnaby, BC V5E 3R7, Canada",4.6,109,http://dinahcleaners.com/,real,https://maps.google.com/?cid=9752756796814621938&g_mp=Cidnb29nbGUubWFwcy5wbGFjZXMudjEuUGxhY2VzLlNlYXJjaFRleHQQAhgEIAA,yes,yes,https://www.dinahcleaners.com/,yes,,948,696,builder_wix,35
Trust Clean,house cleaning service,Richmond BC,(778) 907-9333,"33 W Pender St, Vancouver, BC V6B 0E5, Canada",4.9,155,http://www.trustclean.ca/,real,https://maps.google.com/?cid=14438135106134367526&g_mp=Cidnb29nbGUubWFwcy5wbGFjZXMudjEuUGxhY2VzLlNlYXJjaFRleHQQAhgEIAA,yes,yes,https://trustclean.ca/,yes,2026,201,410,,35
Life Maid Easy,house cleaning service,North Vancouver BC,(833) 247-6243,"1420 Chesterfield Ave #6, North Vancouver, BC V7M 2N4, Canada",4.9,101,https://www.lifemaideasy.com/west-vancouver-house-cleaning-and-maid-service/,real,https://maps.google.com/?cid=9796849902110982304&g_mp=Cidnb29nbGUubWFwcy5wbGFjZXMudjEuUGxhY2VzLlNlYXJjaFRleHQQAhgEIAA,yes,yes,https://www.lifemaideasy.com/about/west-vancouver,yes,2024,68,1229,stale_copyright_2024,35
ProPestClean Pest Control Vancouver,pest control,Burnaby BC,(778) 819-3221,"25 E Hastings St, Vancouver, BC V6A 1M9, Canada",5,54,https://www.propestclean.ca/locations/vancouver,real,https://maps.google.com/?cid=1249583122949644177&g_mp=Cidnb29nbGUubWFwcy5wbGFjZXMudjEuUGxhY2VzLlNlYXJjaFRleHQQAhgEIAA,yes,yes,https://www.propestclean.ca/locations/vancouver,yes,,325,455,,35
XTREME AUTO REPAIR & MECHANIC,auto repair shop,Surrey BC,(888) 397-0207,"12745 78 Ave Unit 210, Surrey, BC V3W 1M4, Canada",5,51,http://www.xtremeautorepair.ca/,real,https://maps.google.com/?cid=10595421652137175378&g_mp=Cidnb29nbGUubWFwcy5wbGFjZXMudjEuUGxhY2VzLlNlYXJjaFRleHQQAhgEIAA,yes,yes,https://xtremeautorepair.ca/,yes,,100,654,,35
Dirt Empire Excavation & Landscape,landscaping company,Langley BC,(778) 837-0429,"19940 46 Ave, Langley, BC V3A 3H5, Canada",5,42,https://dirtempireexcavation.ca/,real,https://maps.google.com/?cid=14718691214187709890&g_mp=Cidnb29nbGUubWFwcy5wbGFjZXMudjEuUGxhY2VzLlNlYXJjaFRleHQQAhgEIAA,yes,yes,https://dirtempireexcavation.ca/,yes,,64,363,,34
Hyland Landscapes,landscaping company,Burnaby BC,(778) 957-7222,"618 E Kent Avenue S #112, Vancouver, BC V5X 0B1, Canada",4.8,45,http://www.hylandlandscapes.com/?utm_campaign=gmb&utm_medium=organic&utm_source=googlebusinessprofile,real,https://maps.google.com/?cid=7265086660117806232&g_mp=Cidnb29nbGUubWFwcy5wbGFjZXMudjEuUGxhY2VzLlNlYXJjaFRleHQQAhgEIAA,yes,yes,https://hylandlandscapes.com/?utm_campaign=gmb&utm_medium=organic&utm_source=googlebusinessprofile,yes,,330,1622,,34
Basil Green Landscaping,landscaping company,Burnaby BC,(604) 362-0065,"5555 Dunbar St, Vancouver, BC V6N 1W5, Canada",4.8,46,https://basilgreenlandscaping.com/vancouverlawncare/,real,https://maps.google.com/?cid=9245044468765880739&g_mp=Cidnb29nbGUubWFwcy5wbGFjZXMudjEuUGxhY2VzLlNlYXJjaFRleHQQAhgEIAA,yes,yes,https://basilgreenlandscaping.com/vancouverlawncare/,yes,,122,34,,34
Premier Grounds Contracting Ltd. (Landscaping & Construction),landscaping company,Coquitlam BC,(778) 235-0996,"1260 Lansdowne Dr, Coquitlam, BC V3E 1K6, Canada",4.9,40,https://premiergroundscontracting.ca/,real,https://maps.google.com/?cid=17561567344785510937&g_mp=Cidnb29nbGUubWFwcy5wbGFjZXMudjEuUGxhY2VzLlNlYXJjaFRleHQQAhgEIAA,yes,yes,https://premiergroundscontracting.ca/,yes,,237,635,,34
Craine Projects Ltd,landscaping company,Richmond BC,(604) 218-7408,"3044 Glen Dr, Vancouver, BC V5T 4C1, Canada",4.6,48,https://craineprojects.ca/,real,https://maps.google.com/?cid=17328632843688028497&g_mp=Cidnb29nbGUubWFwcy5wbGFjZXMudjEuUGxhY2VzLlNlYXJjaFRleHQQAhgEIAA,yes,yes,https://craineprojects.ca/,yes,2026,69,451,,34
Coastal Shores Landscape Construction,landscaping company,Delta BC,(604) 218-4795,"731 Underhill Dr, Delta, BC V4M 2T9, Canada",5,41,https://coastalshoreslandscape.ca/,real,https://maps.google.com/?cid=7657339291553266982&g_mp=Cidnb29nbGUubWFwcy5wbGFjZXMudjEuUGxhY2VzLlNlYXJjaFRleHQQAhgEIAA,yes,yes,https://coastalshoreslandscape.ca/,yes,,426,784,,34
Coastal Pacific Landscaping,landscaping company,Maple Ridge BC,(604) 376-9612,"11720 Stewart Crescent #17, Maple Ridge, BC V2X 9E7, Canada",4.2,42,http://coastalpacificlandscaping.ca/,real,https://maps.google.com/?cid=7927421371856659864&g_mp=Cidnb29nbGUubWFwcy5wbGFjZXMudjEuUGxhY2VzLlNlYXJjaFRleHQQAhgEIAA,yes,yes,https://coastalpacificlandscaping.ca/,yes,,140,2457,,34
OG Gardens Inc.,landscaping company,North Vancouver BC,(778) 990-3420,"801 W 1st St, North Vancouver, BC V7N 1T3, Canada",4.8,46,https://www.oggardens.ca/,real,https://maps.google.com/?cid=17228476376917786077&g_mp=Cidnb29nbGUubWFwcy5wbGFjZXMudjEuUGxhY2VzLlNlYXJjaFRleHQQAhgEIAA,yes,yes,https://www.oggardens.ca/,yes,2026,111,286,,34
Apex Pest Canada,pest control,Surrey BC,(604) 808-5666,"12847 66b Ave, Surrey, BC V3W 4C7, Canada",4.9,48,http://www.apexpestcanada.ca/,real,https://maps.google.com/?cid=10154855574081776693&g_mp=Cidnb29nbGUubWFwcy5wbGFjZXMudjEuUGxhY2VzLlNlYXJjaFRleHQQAhgEIAA,yes,yes,https://apexpestcanada.ca/,yes,,448,1664,,34
Total Pest Control Ltd,pest control,Langley BC,(604) 349-6402,"20200 Fraser Hwy, Langley, BC V3A 4E6, Canada",5,46,https://tpcs.ca/pest-control-langley-bc/,real,https://maps.google.com/?cid=16754737477212152762&g_mp=Cidnb29nbGUubWFwcy5wbGFjZXMudjEuUGxhY2VzLlNlYXJjaFRleHQQAhgEIAA,yes,yes,https://tpcs.ca/pest-control-langley-bc/,yes,2026,178,35,,34
Phantom - Burnaby Pest Control,pest control,Burnaby BC,(604) 771-0404,"2025 Willingdon Ave, Burnaby, BC V5C 0J3, Canada",5,46,https://phantompestcontrol.com/burnaby-pest-control/?UTM_source=GMB_listing&UTM_medium=organic,real,https://maps.google.com/?cid=13216159255663251382&g_mp=Cidnb29nbGUubWFwcy5wbGFjZXMudjEuUGxhY2VzLlNlYXJjaFRleHQQAhgEIAA,yes,yes,https://phantompestcontrol.com/locations/burnaby-pest-control/?UTM_source=GMB_listing&UTM_medium=organic,yes,2026,347,3052,,34
The X-Terminators,pest control,Burnaby BC,(604) 259-6544,"7675 Edmonds St, Burnaby, BC V5E 3R7, Canada",5,40,http://www.xterminators.ca/,real,https://maps.google.com/?cid=8514283353035693068&g_mp=Cidnb29nbGUubWFwcy5wbGFjZXMudjEuUGxhY2VzLlNlYXJjaFRleHQQAhgEIAA,yes,yes,https://www.xterminators.ca/,yes,2026,91,680,,34
The X-Terminators - Pest Control Vancouver,pest control,Burnaby BC,(604) 639-5268,"999 W Broadway #720, Vancouver, BC V5Z 1K5, Canada",4.9,45,http://www.xterminators.ca/,real,https://maps.google.com/?cid=14332838646153230414&g_mp=Cidnb29nbGUubWFwcy5wbGFjZXMudjEuUGxhY2VzLlNlYXJjaFRleHQQAhgEIAA,yes,yes,https://www.xterminators.ca/,yes,2026,91,565,,34
Advance Pest Control,pest control,Delta BC,(604) 786-4161,"11795 90 Ave, Delta, BC V4C 7L5, Canada",4.6,46,http://www.advancepest.ca/,real,https://maps.google.com/?cid=5228477986652302342&g_mp=Cidnb29nbGUubWFwcy5wbGFjZXMudjEuUGxhY2VzLlNlYXJjaFRleHQQAhgEIAA,yes,yes,https://advancepest.ca/,yes,,253,199,,34
Green Valley Pest Control,pest control,Maple Ridge BC,(604) 861-9530,"24402 112 Ave, Maple Ridge, BC V2W 1H5, Canada",4.6,40,https://greenvalleypestcontrolltd.ca/,real,https://maps.google.com/?cid=15354756494909400798&g_mp=Cidnb29nbGUubWFwcy5wbGFjZXMudjEuUGxhY2VzLlNlYXJjaFRleHQQAhgEIAA,yes,yes,https://greenvalleypestcontrolltd.ca/,yes,,562,462,,34
Swift Auto Repair,auto repair shop,Surrey BC,(604) 507-0004,"12745 78 Ave, Surrey, BC V3W 1M4, Canada",4.8,47,https://swiftautorepair.ca/,real,https://maps.google.com/?cid=3841564874134200221&g_mp=Cidnb29nbGUubWFwcy5wbGFjZXMudjEuUGxhY2VzLlNlYXJjaFRleHQQAhgEIAA,yes,yes,https://swiftautorepair.ca/,yes,2026,97,1037,,34
C.C. Auto Repair Services LTD.,auto repair shop,Coquitlam BC,(604) 475-2525,"1952 Kingsway Ave #501, Port Coquitlam, BC V3C 6C2, Canada",5,40,https://ccarsltd.com/,real,https://maps.google.com/?cid=5136600619462409867&g_mp=Cidnb29nbGUubWFwcy5wbGFjZXMudjEuUGxhY2VzLlNlYXJjaFRleHQQAhgEIAA,yes,yes,https://ccarsltd.com/,yes,,198,141,,34
Apex auto parts & repair,auto repair shop,Delta BC,(236) 883-5725,"7198 Vantage Wy Unit 128, Delta, BC V4G 1K7, Canada",4.7,47,http://apexautoparts.net/,real,https://maps.google.com/?cid=3408318788451529156&g_mp=Cidnb29nbGUubWFwcy5wbGFjZXMudjEuUGxhY2VzLlNlYXJjaFRleHQQAhgEIAA,yes,yes,https://apexautoparts.net/,yes,2026,121,491,,34
Freeway Truck Repair & Tire Shop,auto repair shop,Delta BC,(778) 701-8185,"7544 Vantage Pl, Delta, BC V4G 1A5, Canada",4.9,44,https://www.freewaytr.com/,real,https://maps.google.com/?cid=17081460177904506118&g_mp=Cidnb29nbGUubWFwcy5wbGFjZXMudjEuUGxhY2VzLlNlYXJjaFRleHQQAhgEIAA,yes,yes,https://www.freewaytr.com/,yes,,72,179,,34
Marv Jones Honda Service Centre,auto repair shop,Maple Ridge BC,(604) 465-7622,"20611 Lougheed Hwy, Maple Ridge, BC V2X 2P9, Canada",4.6,49,https://www.marvjoneshonda.com/,real,https://maps.google.com/?cid=11690849004745689790&g_mp=Cidnb29nbGUubWFwcy5wbGFjZXMudjEuUGxhY2VzLlNlYXJjaFRleHQQAhgEIAA,yes,yes,https://www.marvjoneshonda.com/,yes,,263,665,,34
ZOOM Home Cleaning Experts,house cleaning service,Langley BC,(604) 343-4848,"6350 204 St, Langley, BC V2Y 2V1, Canada",4.9,97,http://www.zoomclean.ca/,real,https://maps.google.com/?cid=16922075744733363121&g_mp=Cidnb29nbGUubWFwcy5wbGFjZXMudjEuUGxhY2VzLlNlYXJjaFRleHQQAhgEIAA,yes,yes,https://zoomclean.ca/,yes,2016,437,3148,stale_copyright_2016,34
"Sweepy Maids House cleaning, Carpet Cleaning in Vancouver Cleaning services, Pressure Cleaners",house cleaning service,Langley BC,(888) 292-0911,"585 E 60th Ave, Vancouver, BC V5X 2A2, Canada",4.8,147,https://www.sweepymaids.com/,real,https://maps.google.com/?cid=7199685214317271368&g_mp=Cidnb29nbGUubWFwcy5wbGFjZXMudjEuUGxhY2VzLlNlYXJjaFRleHQQAhgEIAA,yes,yes,https://www.sweepymaids.com/,yes,2025,330,2161,,34
The Maids in Vancouver,house cleaning service,Burnaby BC,(604) 987-8181,"3993 Henning Dr #106, Burnaby, BC V5C 6P7, Canada",4.8,144,https://www.maids.com/117/?utm_source=GMB_listing&utm_medium=organic,real,https://maps.google.com/?cid=15389016801986167104&g_mp=Cidnb29nbGUubWFwcy5wbGFjZXMudjEuUGxhY2VzLlNlYXJjaFRleHQQAhgEIAA,yes,yes,https://www.maids.com/117/?utm_source=GMB_listing&utm_medium=organic,yes,,601,517,,34
Top Hat Cleaning,house cleaning service,Burnaby BC,(604) 710-4488,"2032 E 28th Ave, Vancouver, BC V5N 2X8, Canada",4.9,142,https://tophatcleaningservices.ca/,real,https://maps.google.com/?cid=11188870345893238998&g_mp=Cidnb29nbGUubWFwcy5wbGFjZXMudjEuUGxhY2VzLlNlYXJjaFRleHQQAhgEIAA,yes,yes,https://tophatcleaningservices.ca/,yes,2026,178,527,,34
Botanical Cleaning Services,house cleaning service,Maple Ridge BC,(236) 881-1940,"11327 Burnett St., Maple Ridge, BC V2X 6P1, Canada",4.8,96,http://botanicalcleaningservices.ca/,real,https://maps.google.com/?cid=1324156587538755498&g_mp=Cidnb29nbGUubWFwcy5wbGFjZXMudjEuUGxhY2VzLlNlYXJjaFRleHQQAhgEIAA,yes,yes,https://botanicalcleaningservices.ca/,yes,2024,185,403,stale_copyright_2024,34
LT Fastworks LTD,auto repair shop,Delta BC,(604) 753-7681,"7551 Vantage Wy #8, Delta, BC V4G 1C9, Canada",4.8,41,http://www.ltfastworks.com/,real,https://maps.google.com/?cid=16926427465520674359&g_mp=Cidnb29nbGUubWFwcy5wbGFjZXMudjEuUGxhY2VzLlNlYXJjaFRleHQQAhgEIAA,yes,yes,https://www.ltfastworks.com/,yes,,318,749,,34
Supreme Gardening & Landscaping Ltd.,landscaping company,Surrey BC,(778) 241-3350,"8563 148 St, Surrey, BC V3S 3G5, Canada",4,36,http://www.supreme-landscaping.com/,real,https://maps.google.com/?cid=17706259217650495691&g_mp=Cidnb29nbGUubWFwcy5wbGFjZXMudjEuUGxhY2VzLlNlYXJjaFRleHQQAhgEIAA,yes,yes,https://www.supreme-landscaping.com/,yes,,152,549,,33
Wisam Landscaping & Services Ltd,landscaping company,Surrey BC,(778) 678-4420,"14967 Kew Dr, Surrey, BC V3R 4Y1, Canada",4.9,38,https://wisamlandscaping.com/,real,https://maps.google.com/?cid=16809964548515182353&g_mp=Cidnb29nbGUubWFwcy5wbGFjZXMudjEuUGxhY2VzLlNlYXJjaFRleHQQAhgEIAA,http_500,yes,https://wisamlandscaping.com/,yes,,2,1309,,33
Landscaping Squad Experts Surrey,landscaping company,Surrey BC,(604) 210-4457,"10111 131 St AA, Surrey, BC V3T 1M5, Canada",4.7,36,https://www.landscapingsurreybc.com/,real,https://maps.google.com/?cid=7429969381966369819&g_mp=Cidnb29nbGUubWFwcy5wbGFjZXMudjEuUGxhY2VzLlNlYXJjaFRleHQQAhgEIAA,yes,yes,https://www.landscapingsurreybc.com/,yes,2026,170,322,,33
SKS Landscaping & Excavating Ltd,landscaping company,Surrey BC,(604) 771-2303,"159st, 84 Ave, Surrey, BC V3S 3M9, Canada",5,31,https://skslandscapingandexcavating.jobbersites.com/,real,https://maps.google.com/?cid=3215897944617804935&g_mp=Cidnb29nbGUubWFwcy5wbGFjZXMudjEuUGxhY2VzLlNlYXJjaFRleHQQAhgEIAA,yes,yes,https://skslandscapingandexcavating.jobbersites.com/,yes,,92,2228,,33
Retrofit Landscape Services Inc.,landscaping company,Surrey BC,(604) 779-8486,"Bridgeport Rd, Richmond, BC V6X 1T3, Canada",5,36,https://retrofitlandscape.ca/,real,https://maps.google.com/?cid=1374523621596965116&g_mp=Cidnb29nbGUubWFwcy5wbGFjZXMudjEuUGxhY2VzLlNlYXJjaFRleHQQAhgEIAA,yes,yes,https://retrofitlandscape.ca/,yes,,211,507,,33
Splendid Landscaping Services,landscaping company,Langley BC,(604) 706-1375,"4665 221 St, Langley, BC V2Z 1A9, Canada",4.8,36,https://www.splendidlandscape.ca/langley-landscaping-service/,real,https://maps.google.com/?cid=16434427501702559537&g_mp=Cidnb29nbGUubWFwcy5wbGFjZXMudjEuUGxhY2VzLlNlYXJjaFRleHQQAhgEIAA,yes,yes,https://www.splendidlandscape.ca/langley-landscaping-service/,yes,2026,186,492,,33
Blue Bear Landscape Construction,landscaping company,Langley BC,(778) 238-3436,"711 E Braemar Rd, North Vancouver, BC V7N 4G1, Canada",5,30,http://www.bluebearlandscape.ca/,real,https://maps.google.com/?cid=11160202576678087210&g_mp=Cidnb29nbGUubWFwcy5wbGFjZXMudjEuUGxhY2VzLlNlYXJjaFRleHQQAhgEIAA,yes,yes,https://bluebearlandscape.ca/,yes,2026,193,325,,33
ASTER LANDSCAPING LTD,landscaping company,Burnaby BC,(778) 903-4634,"5740 Halifax St, Burnaby, BC V5B 2P3, Canada",5,38,https://asterlandscaping.ca/,real,https://maps.google.com/?cid=788269689603247941&g_mp=Cidnb29nbGUubWFwcy5wbGFjZXMudjEuUGxhY2VzLlNlYXJjaFRleHQQAhgEIAA,yes,yes,https://asterlandscaping.ca/,yes,2026,52,899,,33
Basil Green Landscaping,landscaping company,Burnaby BC,(604) 362-0065,"5050 Kingsway, Burnaby, BC V5H 4C2, Canada",5,32,https://basilgreenlandscaping.com/burnabylawncare/,real,https://maps.google.com/?cid=336364917630904672&g_mp=Cidnb29nbGUubWFwcy5wbGFjZXMudjEuUGxhY2VzLlNlYXJjaFRleHQQAhgEIAA,yes,yes,https://basilgreenlandscaping.com/burnabylawncare/,yes,,109,35,,33
Symbiotic Landscapes Ltd.,landscaping company,Burnaby BC,(604) 700-1319,"4663 Byrne Rd #109, Burnaby, BC V5J 3H6, Canada",4.2,39,https://symbioticlandscapes.ca/,real,https://maps.google.com/?cid=5151528175011687493&g_mp=Cidnb29nbGUubWFwcy5wbGFjZXMudjEuUGxhY2VzLlNlYXJjaFRleHQQAhgEIAA,yes,yes,https://symbioticlandscapes.ca/,yes,,117,267,,33
Artisan Garden Group,landscaping company,Burnaby BC,(778) 867-7645,"7509 Meadow Ave, Burnaby, BC V5J 4Z2, Canada",5,30,http://www.artisangardengroup.com/,real,https://maps.google.com/?cid=1367561874207283057&g_mp=Cidnb29nbGUubWFwcy5wbGFjZXMudjEuUGxhY2VzLlNlYXJjaFRleHQQAhgEIAA,yes,yes,https://artisangardengroup.com/,yes,2026,136,1481,,33
Golden Rake Landscaping Projects Inc.,landscaping company,Burnaby BC,(604) 404-7337,"735 E 39th Ave, Vancouver, BC V5W 1K5, Canada",5,30,https://www.goldenrake.ca/,real,https://maps.google.com/?cid=18012927235840244946&g_mp=Cidnb29nbGUubWFwcy5wbGFjZXMudjEuUGxhY2VzLlNlYXJjaFRleHQQAhgEIAA,yes,yes,https://www.goldenrake.ca/,yes,,511,526,,33
Benjamin Landscaping and Projects,landscaping company,Coquitlam BC,(604) 727-3362,"295 Guildford Wy, Port Moody, BC V3H 5N3, Canada",4.8,32,https://benjaminlandscaping.ca/,real,https://maps.google.com/?cid=12528183008093758149&g_mp=Cidnb29nbGUubWFwcy5wbGFjZXMudjEuUGxhY2VzLlNlYXJjaFRleHQQAhgEIAA,yes,yes,https://benjaminlandscaping.ca/,yes,,235,1224,,33
2Elements Landscaping Ltd.,landscaping company,Coquitlam BC,(778) 846-5080,"2468 Atkins Ave, Port Coquitlam, BC V3C 1Y9, Canada",4.9,32,http://www.2elementslandscaping.com/,real,https://maps.google.com/?cid=9411966388306552080&g_mp=Cidnb29nbGUubWFwcy5wbGFjZXMudjEuUGxhY2VzLlNlYXJjaFRleHQQAhgEIAA,yes,yes,https://2elementslandscaping.com/,yes,,135,838,,33
Crocus Landscaping,landscaping company,Richmond BC,(604) 447-4440,"4340 Hermitage Dr, Richmond, BC V7E 4N4, Canada",4.1,30,http://www.crocuslandscaping.com/,real,https://maps.google.com/?cid=17926207337432462580&g_mp=Cidnb29nbGUubWFwcy5wbGFjZXMudjEuUGxhY2VzLlNlYXJjaFRleHQQAhgEIAA,yes,yes,https://crocuslandscaping.com/,yes,,193,3500,,33
Fuller Landscaping and Pools Inc,landscaping company,Maple Ridge BC,(604) 671-6524,"21799 Donovan Ave, Maple Ridge, BC V2X 3A6, Canada",4.7,33,http://www.fullerlandscaping.ca/?utm_source=google&utm_medium=local&utm_campaign=google_business_profile,real,https://maps.google.com/?cid=15867663348237957374&g_mp=Cidnb29nbGUubWFwcy5wbGFjZXMudjEuUGxhY2VzLlNlYXJjaFRleHQQAhgEIAA,yes,yes,https://www.fullerlandscaping.ca/?utm_source=google&utm_medium=local&utm_campaign=google_business_profile,yes,,165,2599,,33
Flower Stream Landscape Ltd.,landscaping company,Maple Ridge BC,(604) 250-8191,"23780 119B Ave, Maple Ridge, BC V4R 1V9, Canada",4.9,34,http://www.flowerstreamlandscape.com/,real,https://maps.google.com/?cid=6272399175328809089&g_mp=Cidnb29nbGUubWFwcy5wbGFjZXMudjEuUGxhY2VzLlNlYXJjaFRleHQQAhgEIAA,yes,yes,https://www.flowerstreamlandscape.com/,yes,,557,835,,33
Top Line Pest Control,pest control,Surrey BC,(604) 551-6504,"15677 98 Ave, Surrey, BC V4N 2W9, Canada",4.8,38,https://toplinepestcontrol.ca/surrey-pest-control/,real,https://maps.google.com/?cid=10191341706517032484&g_mp=Cidnb29nbGUubWFwcy5wbGFjZXMudjEuUGxhY2VzLlNlYXJjaFRleHQQAhgEIAA,yes,yes,https://toplinepestcontrol.ca/surrey-pest-control/,yes,2026,132,143,,33
Seaside Pest Control Vancouver,pest control,Burnaby BC,(604) 529-7700,"22 E Cordova St #311, Vancouver, BC V6A 1K2, Canada",4.9,39,https://seasidepest.ca/pest-control-vancouver-bc/,real,https://maps.google.com/?cid=8138120243209506553&g_mp=Cidnb29nbGUubWFwcy5wbGFjZXMudjEuUGxhY2VzLlNlYXJjaFRleHQQAhgEIAA,yes,yes,https://seasidepest.ca/pest-control-vancouver-bc/,yes,,1216,198,,33
Coquitlam Pest Control,pest control,Coquitlam BC,(604) 330-2235,"2988 Silver Springs Blvd #213, Coquitlam, BC V3E 3R6, Canada",4.9,35,https://coquitlampestcontrol.com/?utm_source=GBP&utm_medium=organic&utm_campaign=office,real,https://maps.google.com/?cid=6913652434252013826&g_mp=Cidnb29nbGUubWFwcy5wbGFjZXMudjEuUGxhY2VzLlNlYXJjaFRleHQQAhgEIAA,yes,yes,https://coquitlampestcontrol.com/?utm_source=GBP&utm_medium=organic&utm_campaign=office,yes,,554,472,,33
Pestcheck Services Limited - Coquitlam Pest Control,pest control,Coquitlam BC,(778) 949-1099,"3030 Lincoln Ave Unit 211, Coquitlam, BC V3B 6B4, Canada",5,32,https://pestcheck.ca/service-areas/coquitlam-pest-control/?utm_source=google&utm_medium=organic&utm_campaign=gmb,real,https://maps.google.com/?cid=15911198681871517276&g_mp=Cidnb29nbGUubWFwcy5wbGFjZXMudjEuUGxhY2VzLlNlYXJjaFRleHQQAhgEIAA,yes,yes,https://pestcheck.ca/service-areas/coquitlam-pest-control/?utm_source=google&utm_medium=organic&utm_campaign=gmb,yes,,272,1185,,33
Richmond Advance Pest Control,pest control,Richmond BC,(604) 786-4161,"10540 Finlayson Dr, Richmond, BC V6X 1W6, Canada",4.5,30,http://www.advancepest.ca/,real,https://maps.google.com/?cid=15089151181521262750&g_mp=Cidnb29nbGUubWFwcy5wbGFjZXMudjEuUGxhY2VzLlNlYXJjaFRleHQQAhgEIAA,yes,yes,https://advancepest.ca/,yes,,253,208,,33
Hoplon Pest Control,pest control,North Vancouver BC,(604) 440-8246,"780 King Georges Way, West Vancouver, BC V7S 1S3, Canada",5,30,https://hoplonpest.com/,real,https://maps.google.com/?cid=18212881966866219052&g_mp=Cidnb29nbGUubWFwcy5wbGFjZXMudjEuUGxhY2VzLlNlYXJjaFRleHQQAhgEIAA,http_406,yes,https://hoplonpest.com/,yes,,6,132,,33
Langley Automotive Repair,auto repair shop,Langley BC,(604) 530-0003,"20058 Industrial Ave #104, Langley, BC V3A 4K7, Canada",4.5,32,http://langleysautorepair.ca/,real,https://maps.google.com/?cid=17075751713037958009&g_mp=Cidnb29nbGUubWFwcy5wbGFjZXMudjEuUGxhY2VzLlNlYXJjaFRleHQQAhgEIAA,yes,yes,https://langleysautorepair.ca/,yes,2025,144,1121,,33
EVVG Auto,auto repair shop,Langley BC,(604) 514-0152,"5658 Production Way, Langley, BC V3A 4N4, Canada",4.6,36,https://evvgauto.ca/,real,https://maps.google.com/?cid=16686282985436863374&g_mp=Cidnb29nbGUubWFwcy5wbGFjZXMudjEuUGxhY2VzLlNlYXJjaFRleHQQAhgEIAA,yes,yes,https://www.evvgauto.ca/,yes,,1,865,,33
Autostar Mechanics,auto repair shop,Burnaby BC,(604) 256-4403,"5566 Mavis St, Burnaby, BC V5J 1K5, Canada",4.7,31,https://autostarmechanics.ca/,real,https://maps.google.com/?cid=18281927349905076342&g_mp=Cidnb29nbGUubWFwcy5wbGFjZXMudjEuUGxhY2VzLlNlYXJjaFRleHQQAhgEIAA,yes,yes,https://autostarmechanics.ca/,yes,2025,369,577,,33
Mr. Lube + Tires,auto repair shop,Maple Ridge BC,(778) 670-0724,"22587 Dewdney Trunk Rd, Maple Ridge, BC V2X 3K1, Canada",4.9,33,https://www.mrlube.com/en/locations/343?utm_source=G&utm_medium=lpm&utm_campaign=MrLube,real,https://maps.google.com/?cid=1918143181083026784&g_mp=Cidnb29nbGUubWFwcy5wbGFjZXMudjEuUGxhY2VzLlNlYXJjaFRleHQQAhgEIAA,yes,yes,https://www.mrlube.com/en/locations/343?utm_source=G&utm_medium=lpm&utm_campaign=MrLube,yes,,124,3315,,33
Power Tune & Brakes Shop : Car Repair Shop Auto Repair Auto Mechanic Oil Change shop in North Vancouver,auto repair shop,North Vancouver BC,(604) 986-6777,"236 MacKay Rd, North Vancouver, BC V7P 3H4, Canada",4.2,39,https://powertune.ca/,real,https://maps.google.com/?cid=12165528491526987087&g_mp=Cidnb29nbGUubWFwcy5wbGFjZXMudjEuUGxhY2VzLlNlYXJjaFRleHQQAhgEIAA,yes,yes,https://powertune.ca/,yes,2026,93,3589,,33
I Maid It! Cleaning Services Surrey,house cleaning service,Surrey BC,(778) 723-6243,"7505 138 St, Surrey, BC V3W 0W6, Canada",4.9,133,https://imaidit.ca/,real,https://maps.google.com/?cid=16173102927802022927&g_mp=Cidnb29nbGUubWFwcy5wbGFjZXMudjEuUGxhY2VzLlNlYXJjaFRleHQQAhgEIAA,yes,yes,https://imaidit.ca/,yes,2026,146,341,,33
"Merry Maids of Surrey, Langley, Delta & White Rock",house cleaning service,Surrey BC,(604) 227-4675,"17720 57 Ave Unit #201, Surrey, BC V3S 1H2, Canada",4.8,135,https://merrymaids.ca/home-cleaners-surrey-bc?utm_source=google&utm_medium=organic&utm_campaign=gmb,real,https://maps.google.com/?cid=9378347915028182462&g_mp=Cidnb29nbGUubWFwcy5wbGFjZXMudjEuUGxhY2VzLlNlYXJjaFRleHQQAhgEIAA,yes,yes,https://merrymaids.ca/home-cleaners-surrey-bc?utm_source=google&utm_medium=organic&utm_campaign=gmb,yes,2026,54,542,,33
Hygiene Sewa Cleaning Services,house cleaning service,Surrey BC,(236) 865-6865,"14455 78 Ave, Surrey, BC V3S 9C5, Canada",5,80,https://hygienesewa.com/,real,https://maps.google.com/?cid=18352628232635773624&g_mp=Cidnb29nbGUubWFwcy5wbGFjZXMudjEuUGxhY2VzLlNlYXJjaFRleHQQAhgEIAA,yes,yes,https://hygienesewa.com/,yes,2015,289,653,stale_copyright_2015,33
Molly Maid,house cleaning service,Burnaby BC,(604) 343-9503,"4425 Gatenby Ave, Burnaby, BC V5G 3M8, Canada",4.6,131,http://www.mollymaid.ca/locations/bc/burnaby/burnaby/,real,https://maps.google.com/?cid=12325029989875232777&g_mp=Cidnb29nbGUubWFwcy5wbGFjZXMudjEuUGxhY2VzLlNlYXJjaFRleHQQAhgEIAA,yes,yes,https://mollymaid.ca/locations/bc/burnaby/,yes,2026,199,633,,33
LS Cleaning Corp.,house cleaning service,Coquitlam BC,(778) 877-7982,"609 Sydney Ave. #117, Coquitlam, BC V3K 0H5, Canada",5,88,https://www.lscleaning.ca/home,real,https://maps.google.com/?cid=5247688695337537633&g_mp=Cidnb29nbGUubWFwcy5wbGFjZXMudjEuUGxhY2VzLlNlYXJjaFRleHQQAhgEIAA,yes,yes,https://www.lscleaning.ca/home,yes,,764,395,builder_wix,33
Modern Valley Landscaping supplies and services ltd,landscaping company,Langley BC,(778) 237-4366,"23853 Fraser Hwy, Langley Twp, BC V2Z 2K5, Canada",4.7,35,http://modernvalley.ca/,real,https://maps.google.com/?cid=10098996866114845600&g_mp=Cidnb29nbGUubWFwcy5wbGFjZXMudjEuUGxhY2VzLlNlYXJjaFRleHQQAhgEIAA,yes,yes,https://modernvalley.ca/,yes,2025,211,3501,,33
Dunbar Landscape Services,landscaping company,Richmond BC,(604) 812-1116,"8700 Barnard St, Vancouver, BC V6P 0A5, Canada",4.5,32,http://www.dunbarlandscapes.com/,real,https://maps.google.com/?cid=17492953417188086573&g_mp=Cidnb29nbGUubWFwcy5wbGFjZXMudjEuUGxhY2VzLlNlYXJjaFRleHQQAhgEIAA,yes,yes,https://dunbarlandscapes.com/,yes,,237,272,,33
Specialist A & A Japanese Engine,auto repair shop,Richmond BC,(604) 278-4289,"8931 Beckwith Rd, Richmond, BC V6X 1V4, Canada",4.4,35,http://specialist-engine.jany.io/,real,https://maps.google.com/?cid=9937941581056392208&g_mp=Cidnb29nbGUubWFwcy5wbGFjZXMudjEuUGxhY2VzLlNlYXJjaFRleHQQAhgEIAA,http_403,yes,https://specialist-engine.edan.io/,yes,,5,213,,33
Central Motor Service,auto repair shop,North Vancouver BC,(604) 984-9548,"1355 Crown St, North Vancouver, BC V7J 1G4, Canada",4.2,39,https://www.centralmotorservice.ca/,real,https://maps.google.com/?cid=3364375086734117586&g_mp=Cidnb29nbGUubWFwcy5wbGFjZXMudjEuUGxhY2VzLlNlYXJjaFRleHQQAhgEIAA,yes,yes,https://centralmotorservice.ca/,yes,2026,329,4479,,33
Tophouse Cleaners LTD.,house cleaning service,Coquitlam BC,(236) 514-3605,"25 Bedard Crescent, Port Moody, BC V3H 1P4, Canada",5,35,https://www.tophousecleaners.ca/,real,https://maps.google.com/?cid=3355469761682831598&g_mp=Cidnb29nbGUubWFwcy5wbGFjZXMudjEuUGxhY2VzLlNlYXJjaFRleHQQAhgEIAA,yes,yes,https://www.tophousecleaners.ca/,yes,2023,700,279,stale_copyright_2023;builder_wix,33
Pacific Paradise Landscaping,landscaping company,Surrey BC,(778) 887-8707,"19358 68 Ave, Surrey, BC V4N 0B8, Canada",5,22,https://www.pacificparadiselandscaping.ca/,real,https://maps.google.com/?cid=11262642361925713335&g_mp=Cidnb29nbGUubWFwcy5wbGFjZXMudjEuUGxhY2VzLlNlYXJjaFRleHQQAhgEIAA,yes,yes,https://pacificparadiselandscaping.ca/,yes,2026,480,610,,32
Fahed Landscaping Services Ltd,landscaping company,Surrey BC,(604) 764-7687,"8989 144 St, Surrey, BC V3V 5Z9, Canada",4.8,20,https://fahedlandscaipingservicesltd.com/,real,https://maps.google.com/?cid=5341506068126122269&g_mp=Cidnb29nbGUubWFwcy5wbGFjZXMudjEuUGxhY2VzLlNlYXJjaFRleHQQAhgEIAA,yes,yes,https://fahedlandscaipingservicesltd.com/,yes,2026,220,967,,32
Pacifica Landscape Works Inc.,landscaping company,Surrey BC,(604) 538-5577,"15765 Croydon Dr, Surrey, BC V3Z 2X5, Canada",4.8,23,https://pacificalandscapes.com/,real,https://maps.google.com/?cid=7999662030225878281&g_mp=Cidnb29nbGUubWFwcy5wbGFjZXMudjEuUGxhY2VzLlNlYXJjaFRleHQQAhgEIAA,yes,yes,https://pacificalandscapes.com/,yes,,30,1218,,32
Basil Green Landscaping,landscaping company,Surrey BC,(604) 362-0065,"9399 Alexandra Rd, Richmond, BC V6X 0L7, Canada",4.8,26,https://basilgreenlandscaping.com/richmondlawncare/,real,https://maps.google.com/?cid=5257068584824049617&g_mp=Cidnb29nbGUubWFwcy5wbGFjZXMudjEuUGxhY2VzLlNlYXJjaFRleHQQAhgEIAA,yes,yes,https://basilgreenlandscaping.com/richmondlawncare/,yes,,110,96,,32
Vandyk Lawn & Landscape Ltd,landscaping company,Langley BC,(604) 729-4216,"23148 48 Ave, Langley Twp, BC V2Z 2R9, Canada",5,21,http://vandyklawnlandscape.com/,real,https://maps.google.com/?cid=4930181472670691841&g_mp=Cidnb29nbGUubWFwcy5wbGFjZXMudjEuUGxhY2VzLlNlYXJjaFRleHQQAhgEIAA,yes,yes,https://vandyklawnlandscape.com/,yes,2026,143,385,,32
Langley Landscape Centre,landscaping company,Langley BC,(604) 735-5333,"24460 Fraser Hwy, Langley Twp, BC V2Z 2L1, Canada",4.6,22,http://langleylandscapecentre.ca/,real,https://maps.google.com/?cid=11169219201840804199&g_mp=Cidnb29nbGUubWFwcy5wbGFjZXMudjEuUGxhY2VzLlNlYXJjaFRleHQQAhgEIAA,yes,yes,https://langleylandscapecentre.ca/,yes,2026,249,904,,32
Maplezorean Landscaping Ltd.,landscaping company,Burnaby BC,(778) 697-6284,"7862 Royal Oak Ave, Burnaby, BC V5J 4K5, Canada",5,26,http://www.maplezorean.com/,real,https://maps.google.com/?cid=9942832163289014510&g_mp=Cidnb29nbGUubWFwcy5wbGFjZXMudjEuUGxhY2VzLlNlYXJjaFRleHQQAhgEIAA,yes,yes,https://maplezorean.com/,yes,,878,524,,32
Swick's Landscaping Ltd.,landscaping company,Burnaby BC,(604) 315-8592,"11800 River Rd, Richmond, BC V6X 1Z7, Canada",4.1,24,http://www.swicks.net/,real,https://maps.google.com/?cid=2718784715097205693&g_mp=Cidnb29nbGUubWFwcy5wbGFjZXMudjEuUGxhY2VzLlNlYXJjaFRleHQQAhgEIAA,yes,yes,https://swicks.net/,yes,2026,105,525,,32
Alp Landscaping Services,landscaping company,Coquitlam BC,(778) 688-7722,"1135 Pipeline Rd, Coquitlam, BC V3B 0E1, Canada",5,23,https://alplandscapeservices.ca/,real,https://maps.google.com/?cid=7991801589423504177&g_mp=Cidnb29nbGUubWFwcy5wbGFjZXMudjEuUGxhY2VzLlNlYXJjaFRleHQQAhgEIAA,yes,yes,https://alplandscapingservices.ca/,yes,2026,232,1989,,32
Green Zone Landscaping,landscaping company,Coquitlam BC,(778) 222-2105,"Ioco Rd, Port Moody, BC V3H 4H2, Canada",5,27,http://www.gzlandscaping.com/,real,https://maps.google.com/?cid=9433956779499458047&g_mp=Cidnb29nbGUubWFwcy5wbGFjZXMudjEuUGxhY2VzLlNlYXJjaFRleHQQAhgEIAA,yes,yes,https://www.gzlandscaping.com/,yes,,458,575,,32
New Wave Earthworks and Landscaping LTD,landscaping company,Coquitlam BC,(236) 979-6425,"1300 Ketch Ct, Coquitlam, BC V3K 6W1, Canada",4.6,22,https://newwaveearthworks.com/?utm_campaign=gmb,real,https://maps.google.com/?cid=1046385042262746557&g_mp=Cidnb29nbGUubWFwcy5wbGFjZXMudjEuUGxhY2VzLlNlYXJjaFRleHQQAhgEIAA,yes,yes,https://newwaveearthworks.com/?utm_campaign=gmb,yes,2026,129,1679,,32
SHP Landscaping & Excavation,landscaping company,Coquitlam BC,(604) 355-9951,"295 Guildford Wy, Port Moody, BC V3H 5N3, Canada",5,22,http://www.shplandscaping.ca/,real,https://maps.google.com/?cid=13116390559328654606&g_mp=Cidnb29nbGUubWFwcy5wbGFjZXMudjEuUGxhY2VzLlNlYXJjaFRleHQQAhgEIAA,yes,yes,https://www.shplandscaping.ca/,yes,,262,672,,32
Hero First Landscaping,landscaping company,Coquitlam BC,(778) 318-3548,"822 Gatensbury St, Coquitlam, BC V3J 5H5, Canada",4.9,27,https://www.herofirstlandscape.com/,real,https://maps.google.com/?cid=13260854592139706913&g_mp=Cidnb29nbGUubWFwcy5wbGFjZXMudjEuUGxhY2VzLlNlYXJjaFRleHQQAhgEIAA,yes,yes,https://www.herofirstlandscape.com/,yes,,350,875,,32
Vancouver Landscaping Co.,landscaping company,North Vancouver BC,(604) 239-2995,"1041 Groveland Rd, West Vancouver, Vancouver, BC V7S 1Y9, Canada",4.9,29,https://landscapingvancouver.it.com/,real,https://maps.google.com/?cid=16921652678870343611&g_mp=Cidnb29nbGUubWFwcy5wbGFjZXMudjEuUGxhY2VzLlNlYXJjaFRleHQQAhgEIAA,yes,yes,https://landscapingvancouver.it.com/,yes,,2934,427,,32
Belleview Landscaping,landscaping company,North Vancouver BC,(604) 802-4694,"2253 Bellevue Ave, West Vancouver, BC V7V 4X1, Canada",5,25,https://www.belleviewlandscaping.ca/,real,https://maps.google.com/?cid=4638681301732770881&g_mp=Cidnb29nbGUubWFwcy5wbGFjZXMudjEuUGxhY2VzLlNlYXJjaFRleHQQAhgEIAA,yes,yes,https://www.belleviewlandscaping.ca/,yes,,113,494,,32
Backyard Solutions LTD,landscaping company,North Vancouver BC,(778) 488-0449,"4393 Quinton Pl, North Vancouver, BC V7R 4A8, Canada",5,22,http://yardsolutions.ca/,real,https://maps.google.com/?cid=13979815544935893669&g_mp=Cidnb29nbGUubWFwcy5wbGFjZXMudjEuUGxhY2VzLlNlYXJjaFRleHQQAhgEIAA,yes,yes,https://yardsolutions.ca/,yes,2026,128,2449,,32
Total Pest Control Ltd,pest control,Surrey BC,(604) 349-6402,"6191 Westminster Hwy #140, Richmond, BC V7C 4V4, Canada",4.9,25,https://tpcs.ca/pest-control-richmond-bc/,real,https://maps.google.com/?cid=10554530674876576157&g_mp=Cidnb29nbGUubWFwcy5wbGFjZXMudjEuUGxhY2VzLlNlYXJjaFRleHQQAhgEIAA,yes,yes,https://tpcs.ca/pest-control-richmond-bc/,yes,2026,181,46,,32
Pest Control Vancouver BC - Essen Pest Control,pest control,Surrey BC,(778) 300-3675,"13888 70 Ave #246, Surrey, BC V3W 0R8, Canada",5,22,https://www.essenpestcontrol.com/services-in-vancouver.php,real,https://maps.google.com/?cid=13069646798345737360&g_mp=Cidnb29nbGUubWFwcy5wbGFjZXMudjEuUGxhY2VzLlNlYXJjaFRleHQQAhgEIAA,yes,yes,https://www.essenpestcontrol.com/services-in-vancouver.php,yes,,35,331,,32
Pest Control Langley - Advance Pest,pest control,Langley BC,(604) 786-4161,"19946 Brydon Crescent, Langley, BC V3A 4A5, Canada",4.7,24,http://www.advancepest.ca/,real,https://maps.google.com/?cid=4215730411634181388&g_mp=Cidnb29nbGUubWFwcy5wbGFjZXMudjEuUGxhY2VzLlNlYXJjaFRleHQQAhgEIAA,yes,yes,https://advancepest.ca/,yes,,253,1080,,32
Advance Pest Control Burnaby,pest control,Burnaby BC,(604) 786-4161,"5288 Grimmer St, Burnaby, BC V5H 2H2, Canada",5,27,http://www.advancepest.ca/,real,https://maps.google.com/?cid=15832109552344908248&g_mp=Cidnb29nbGUubWFwcy5wbGFjZXMudjEuUGxhY2VzLlNlYXJjaFRleHQQAhgEIAA,yes,yes,https://advancepest.ca/,yes,,253,214,,32
Premiere Pest Control,pest control,Burnaby BC,(604) 727-7378,"3345 Kingsway, Vancouver, BC V5R 5K6, Canada",5,28,http://premierepestcontrol.com/,real,https://maps.google.com/?cid=7889644943104995398&g_mp=Cidnb29nbGUubWFwcy5wbGFjZXMudjEuUGxhY2VzLlNlYXJjaFRleHQQAhgEIAA,yes,yes,https://premierepestcontrol.com/,yes,2025,218,193,,32
Envirogreen Pest Solutions,pest control,Burnaby BC,(604) 355-8550,"7549 Humphries Ct #12, Burnaby, BC V3N 4K9, Canada",4.8,28,https://www.envirogreenpest.com/,real,https://maps.google.com/?cid=664890065731054616&g_mp=Cidnb29nbGUubWFwcy5wbGFjZXMudjEuUGxhY2VzLlNlYXJjaFRleHQQAhgEIAA,yes,yes,https://www.envirogreenpest.com/,yes,,55,461,,32
All City Pest Control,pest control,Burnaby BC,(604) 688-6864,"3130 E 16th Ave, Vancouver, BC V6M 2M6, Canada",5,28,https://www.allcitypestcontrol.com/,real,https://maps.google.com/?cid=792961418860074286&g_mp=Cidnb29nbGUubWFwcy5wbGFjZXMudjEuUGxhY2VzLlNlYXJjaFRleHQQAhgEIAA,yes,yes,https://allcitypestcontrol.com/,yes,,191,1170,,32
Dale's Auto Service Langley,auto repair shop,Langley BC,(604) 530-9160,"19415 56 Ave, Surrey, BC V3S 6K2, Canada",4.3,23,https://langleyautoservice.ca/,real,https://maps.google.com/?cid=11620495660197982204&g_mp=Cidnb29nbGUubWFwcy5wbGFjZXMudjEuUGxhY2VzLlNlYXJjaFRleHQQAhgEIAA,yes,yes,https://langleyautoservice.ca/,yes,,370,560,,32
SM Performance & Automotive Service Center,auto repair shop,Burnaby BC,(647) 674-9412,"Fell Ave, Burnaby, BC V5B 3Y1, Canada",4.8,26,https://smperformanceautomotive.my.canva.site/sm-performance,real,https://maps.google.com/?cid=2311051899280286498&g_mp=Cidnb29nbGUubWFwcy5wbGFjZXMudjEuUGxhY2VzLlNlYXJjaFRleHQQAhgEIAA,yes,yes,https://smperformanceautomotive.my.canva.site/sm-performance,yes,,83,92,,32
CNRAUTO SERVICE,auto repair shop,Richmond BC,(778) 866-3666,"8889 Laurel St #105, Vancouver, BC V6P 3V9, Canada",5,26,https://www.cnrauto.ca/,real,https://maps.google.com/?cid=12262533560284740362&g_mp=Cidnb29nbGUubWFwcy5wbGFjZXMudjEuUGxhY2VzLlNlYXJjaFRleHQQAhgEIAA,yes,yes,https://www.cnrauto.ca/,yes,2026,90,177,,32
Muse Auto Garage,auto repair shop,Richmond BC,(604) 273-0337,"2643 No 5 Rd, Richmond, BC V6X 2S8, Canada",4.8,25,https://museautogarage.com/,real,https://maps.google.com/?cid=16360887039984161749&g_mp=Cidnb29nbGUubWFwcy5wbGFjZXMudjEuUGxhY2VzLlNlYXJjaFRleHQQAhgEIAA,yes,yes,https://museautogarage.com/,yes,,255,4917,,32
Z&S Auto Repair and Service,auto repair shop,Delta BC,(604) 498-6042,"11927 95a Ave, Delta, BC V4C 3W1, Canada",4.8,26,https://zsautorepair.ca/,real,https://maps.google.com/?cid=106159565694597955&g_mp=Cidnb29nbGUubWFwcy5wbGFjZXMudjEuUGxhY2VzLlNlYXJjaFRleHQQAhgEIAA,yes,yes,https://zsautorepair.ca/,yes,,60,227,,32
Classic & Performance Cars Ltd,auto repair shop,Delta BC,(604) 940-9633,"7198 Vantage Wy #129, Delta, BC V4G 1K7, Canada",4.5,23,http://www.classicandperformancecars.ca/,real,https://maps.google.com/?cid=2052738979228644905&g_mp=Cidnb29nbGUubWFwcy5wbGFjZXMudjEuUGxhY2VzLlNlYXJjaFRleHQQAhgEIAA,yes,yes,https://www.classicandperformancecars.ca/,yes,,120,2448,,32
Empire Auto Centre,auto repair shop,Maple Ridge BC,(604) 459-0900,"11430 201a St Unit 3, Maple Ridge, BC V2X 0Y4, Canada",4.6,20,https://empireproauto.com/,real,https://maps.google.com/?cid=9293580503197721137&g_mp=Cidnb29nbGUubWFwcy5wbGFjZXMudjEuUGxhY2VzLlNlYXJjaFRleHQQAhgEIAA,yes,yes,https://empireproauto.com/,yes,,69,1895,,32
West Coast Ford Service,auto repair shop,Maple Ridge BC,(604) 465-5434,"20370 Lougheed Hwy, Maple Ridge, BC V2X 2P8, Canada",4.3,21,https://www.westcoastford.com/service/,real,https://maps.google.com/?cid=13605017332644289747&g_mp=Cidnb29nbGUubWFwcy5wbGFjZXMudjEuUGxhY2VzLlNlYXJjaFRleHQQAhgEIAA,http_403,yes,https://www.westcoastford.com/service/,yes,,5,98,,32
Eco-V Cleaning,house cleaning service,Langley BC,(604) 782-0740,"19664 64 Ave, Langley, BC V2Y 2K3, Canada",4.7,78,http://www.eco-vcleaning.com/,real,https://maps.google.com/?cid=10504455020990918617&g_mp=Cidnb29nbGUubWFwcy5wbGFjZXMudjEuUGxhY2VzLlNlYXJjaFRleHQQAhgEIAA,yes,yes,https://www.eco-vcleaning.com/,yes,,1199,480,builder_wix,32
BC Elite Services Ltd.,house cleaning service,Burnaby BC,(778) 837-9726,"3832 Hertford St, Burnaby, BC V5G 2W8, Canada",5,123,https://bceliteservices.ca/,real,https://maps.google.com/?cid=1778383269305490764&g_mp=Cidnb29nbGUubWFwcy5wbGFjZXMudjEuUGxhY2VzLlNlYXJjaFRleHQQAhgEIAA,yes,yes,https://bceliteservices.ca/,yes,,121,1289,,32
Happy Pro Clean,house cleaning service,Burnaby BC,(672) 513-9341,"1440 W 71st Ave, Vancouver, BC V6P 3B7, Canada",5,26,http://www.happyproclean.ca/,real,https://maps.google.com/?cid=9703671380793481105&g_mp=Cidnb29nbGUubWFwcy5wbGFjZXMudjEuUGxhY2VzLlNlYXJjaFRleHQQAhgEIAA,yes,yes,https://www.happyproclean.ca/,yes,2024,599,512,stale_copyright_2024;builder_wix,32
Time To Clean,house cleaning service,Burnaby BC,(778) 867-8851,"7162 Paulus Ct, Burnaby, BC V5A 1N2, Canada",5,75,https://www.itstimetoclean.com/,real,https://maps.google.com/?cid=6174117554801190819&g_mp=Cidnb29nbGUubWFwcy5wbGFjZXMudjEuUGxhY2VzLlNlYXJjaFRleHQQAhgEIAA,yes,yes,https://www.itstimetoclean.com/,yes,,973,357,builder_wix,32
Yara Cleaning,house cleaning service,North Vancouver BC,(604) 442-1230,"140 20th St E #1, North Vancouver, BC V7L 3A4, Canada",4.9,122,http://yaracleaning.com/,real,https://maps.google.com/?cid=5245177633857337746&g_mp=Cidnb29nbGUubWFwcy5wbGFjZXMudjEuUGxhY2VzLlNlYXJjaFRleHQQAhgEIAA,yes,yes,https://yaracleaning.com/,yes,,327,1097,,32
Cleanfully,house cleaning service,North Vancouver BC,(604) 968-6835,"251 14th St W Unit 19, North Vancouver, BC V7M 1P4, Canada",4.9,76,https://www.cleanfully.ca/,real,https://maps.google.com/?cid=1788404420983119874&g_mp=Cidnb29nbGUubWFwcy5wbGFjZXMudjEuUGxhY2VzLlNlYXJjaFRleHQQAhgEIAA,yes,yes,https://cleanfully.ca/,yes,,233,7225,slow_load,32
Vista Landscape Services Ltd.,landscaping company,Langley BC,(604) 857-3377,"23293 34a Ave, Langley Twp, BC V2Z 2H6, Canada",4.1,28,http://www.vistaltd.com/,real,https://maps.google.com/?cid=12165517375391168713&g_mp=Cidnb29nbGUubWFwcy5wbGFjZXMudjEuUGxhY2VzLlNlYXJjaFRleHQQAhgEIAA,yes,yes,https://vistaltd.com/,yes,2025,407,1971,,32
Northern Touch Landscapes,landscaping company,North Vancouver BC,(604) 313-7869,"1111 W 14th St, North Vancouver, BC V7P 1J9, Canada",4.5,23,https://www.northern-touch.com/,real,https://maps.google.com/?cid=18409806725487258309&g_mp=Cidnb29nbGUubWFwcy5wbGFjZXMudjEuUGxhY2VzLlNlYXJjaFRleHQQAhgEIAA,yes,yes,https://northern-touch.com/,yes,,329,1333,,32
MGP Land Services,landscaping company,North Vancouver BC,(604) 722-0844,"828 Harbourside Dr, North Vancouver, BC V7P 0A3, Canada",5,20,https://www.mgplandservices.ca/,real,https://maps.google.com/?cid=3126227595801141778&g_mp=Cidnb29nbGUubWFwcy5wbGFjZXMudjEuUGxhY2VzLlNlYXJjaFRleHQQAhgEIAA,yes,yes,https://mgplandservices.ca/,yes,2026,309,3957,,32
BrakeXpress Automotive Service,auto repair shop,Burnaby BC,(778) 223-1597,"5540 Lane St, Burnaby, BC V5H 2H5, Canada",5,21,https://brakexpress.com/,real,https://maps.google.com/?cid=481837788524540313&g_mp=Cidnb29nbGUubWFwcy5wbGFjZXMudjEuUGxhY2VzLlNlYXJjaFRleHQQAhgEIAA,yes,yes,https://brakexpress.com/,yes,2026,32,439,,32
Auto Haus Ltd,auto repair shop,North Vancouver BC,(604) 987-3133,"1590 Pemberton Ave, North Vancouver, BC V7P 2S2, Canada",4,21,http://salishautohaus.com/,real,https://maps.google.com/?cid=15410855445223000412&g_mp=Cidnb29nbGUubWFwcy5wbGFjZXMudjEuUGxhY2VzLlNlYXJjaFRleHQQAhgEIAA,yes,yes,https://salishautohaus.com/,yes,,13,199,,32
Super Gold Gardening & Landscaping Ltd.,landscaping company,Surrey BC,(604) 404-2546,"148 St, Surrey, BC V3S 7R3, Canada",5,17,http://supergoldgardening.com/,real,https://maps.google.com/?cid=9581796218582735335&g_mp=Cidnb29nbGUubWFwcy5wbGFjZXMudjEuUGxhY2VzLlNlYXJjaFRleHQQAhgEIAA,yes,yes,https://supergoldgardening.com/,yes,,63,1153,,31
Square Yards Landscaping,landscaping company,Coquitlam BC,(604) 314-2350,"282 Mundy St, Coquitlam, BC V3K 5M4, Canada",4.8,18,https://squareyardslandscaping.ca/,real,https://maps.google.com/?cid=5388318797368539477&g_mp=Cidnb29nbGUubWFwcy5wbGFjZXMudjEuUGxhY2VzLlNlYXJjaFRleHQQAhgEIAA,yes,yes,https://squareyardslandscaping.ca/,yes,,521,1044,,31
Terra Firma Lawn and Garden Services,landscaping company,Coquitlam BC,(604) 761-5296,"2755 Lougheed Hwy Suite #523, Port Coquitlam, BC V3B 5Y9, Canada",4.9,16,https://www.terrafirmalawnandgarden.ca/,real,https://maps.google.com/?cid=1712064130446652401&g_mp=Cidnb29nbGUubWFwcy5wbGFjZXMudjEuUGxhY2VzLlNlYXJjaFRleHQQAhgEIAA,yes,yes,https://terrafirmalawnandgarden.ca/,yes,2026,173,2402,,31
Urbanscapes Construction Group Ltd.,landscaping company,Richmond BC,(778) 999-2368,"6071 No 6 Rd, Richmond, BC V6W 1C7, Canada",4.9,17,https://urbanscapes.ca/,real,https://maps.google.com/?cid=17499177386302488250&g_mp=Cidnb29nbGUubWFwcy5wbGFjZXMudjEuUGxhY2VzLlNlYXJjaFRleHQQAhgEIAA,yes,yes,https://urbanscapes.ca/,yes,,155,495,,31
ProWorks Home and Garden Ltd.,landscaping company,Maple Ridge BC,,"20120 Stewart Crescent, Maple Ridge, BC V2X 0T4, Canada",4.5,15,https://www.proworkshg.com/index.cfm/page/ptype=page/page_cd=contact/contact.htm,real,https://maps.google.com/?cid=5551355689717986025&g_mp=Cidnb29nbGUubWFwcy5wbGFjZXMudjEuUGxhY2VzLlNlYXJjaFRleHQQAhgEIAA,http_404,yes,https://proworkshg.com/index.cfm/page/ptype=page/page_cd=contact/contact.htm,yes,,44,1851,,31
English Lawns,landscaping company,North Vancouver BC,(604) 220-5296,"277 Mountain Hwy #102, North Vancouver, BC V7J 3T6, Canada",4.7,16,https://www.englishlawns.com/?utm_source=googlebusinessprofile&utm_medium=Organic&utm_campaign=GoogleBusinessProfile,real,https://maps.google.com/?cid=9190535378175101260&g_mp=Cidnb29nbGUubWFwcy5wbGFjZXMudjEuUGxhY2VzLlNlYXJjaFRleHQQAhgEIAA,yes,yes,https://englishlawns.com/?utm_source=googlebusinessprofile&utm_medium=Organic&utm_campaign=GoogleBusinessProfile,yes,2026,88,2051,,31
Surrey Pest Control,pest control,Surrey BC,(778) 929-9215,"12083 92a Ave, Surrey, BC V3V 8C8, Canada",4.6,18,https://pestcontrolinsurrey.ca/,real,https://maps.google.com/?cid=7370400152394840148&g_mp=Cidnb29nbGUubWFwcy5wbGFjZXMudjEuUGxhY2VzLlNlYXJjaFRleHQQAhgEIAA,http_403,yes,https://pestcontrolinsurrey.ca/,yes,,5,168,,31
Apna Pest Control Langley,pest control,Langley BC,(604) 229-5204,"20530 24 Ave, Langley Twp, BC V2Z 2B5, Canada",4.5,15,https://apnapestcontrol.ca/langley-pest-control-services-provider/,real,https://maps.google.com/?cid=6280108394028224027&g_mp=Cidnb29nbGUubWFwcy5wbGFjZXMudjEuUGxhY2VzLlNlYXJjaFRleHQQAhgEIAA,yes,yes,https://apnapestcontrol.ca/langley-pest-control-services-provider/,yes,2026,287,684,,31
Apex Pest Canada,pest control,Coquitlam BC,(604) 808-5666,"1266 Johnson St, Coquitlam, BC V3B 4T4, Canada",5,17,https://www.apexpestcanada.ca/,real,https://maps.google.com/?cid=5226731309138957266&g_mp=Cidnb29nbGUubWFwcy5wbGFjZXMudjEuUGxhY2VzLlNlYXJjaFRleHQQAhgEIAA,yes,yes,https://apexpestcanada.ca/,yes,,448,786,,31
Apna Pest Control Richmond,pest control,Richmond BC,(778) 735-0123,"9631 Aquila Rd, Richmond, BC V7A 3R1, Canada",5,17,https://apnapestcontrol.ca/richmond-pest-control-services-provider/,real,https://maps.google.com/?cid=14452630045721199842&g_mp=Cidnb29nbGUubWFwcy5wbGFjZXMudjEuUGxhY2VzLlNlYXJjaFRleHQQAhgEIAA,yes,yes,https://apnapestcontrol.ca/richmond-pest-control-services-provider/,yes,2026,287,681,,31
PestZap Pest Control Richmond BC,pest control,Richmond BC,(778) 875-4770,"10720 Shell Rd, Richmond, BC V7A 3X4, Canada",4.9,19,https://www.pestzap.ca/,real,https://maps.google.com/?cid=12612232371412693229&g_mp=Cidnb29nbGUubWFwcy5wbGFjZXMudjEuUGxhY2VzLlNlYXJjaFRleHQQAhgEIAA,yes,yes,https://pestzap.ca/,yes,,178,4550,,31
Avon Pest Control,pest control,Delta BC,,"5652 Abbey Dr, Delta, BC V4E 1B8, Canada",5,19,https://www.avonpestcontrol.ca/,real,https://maps.google.com/?cid=33344048471080910&g_mp=Cidnb29nbGUubWFwcy5wbGFjZXMudjEuUGxhY2VzLlNlYXJjaFRleHQQAhgEIAA,yes,yes,https://www.avonpestcontrol.ca/,yes,,113,1296,,31
House Of Cars Auto Repair,auto repair shop,Langley BC,(778) 723-2274,"20109 Fraser Hwy, Langley, BC V3A 4E4, Canada",4.8,16,http://www.houseofcarsautorepair.ca/,real,https://maps.google.com/?cid=15985408574235220252&g_mp=Cidnb29nbGUubWFwcy5wbGFjZXMudjEuUGxhY2VzLlNlYXJjaFRleHQQAhgEIAA,yes,yes,https://www.houseofcarsautorepair.ca/,yes,2026,150,2501,,31
Coquitlam Auto Sales and Service,auto repair shop,Coquitlam BC,(236) 515-7700,"2684 Bedford St. Unit A, Port Coquitlam, BC V3C 3K6, Canada",4.5,15,https://www.coquitlamauto.ca/,real,https://maps.google.com/?cid=2645577195192700370&g_mp=Cidnb29nbGUubWFwcy5wbGFjZXMudjEuUGxhY2VzLlNlYXJjaFRleHQQAhgEIAA,yes,yes,https://www.coquitlamauto.ca/,yes,2026,142,610,,31
TK Cleaning Services,house cleaning service,Langley BC,(778) 551-0604,"20374 44 Ave., Langley, BC V3A 3E4, Canada",4.8,113,https://tkcleaningservices.com/,real,https://maps.google.com/?cid=12258886586486107476&g_mp=Cidnb29nbGUubWFwcy5wbGFjZXMudjEuUGxhY2VzLlNlYXJjaFRleHQQAhgEIAA,yes,yes,https://www.tkcleaningservices.com/,yes,,611,359,,31
Bright Nest Cleaning,house cleaning service,Coquitlam BC,(778) 745-2663,"700 Clarke Rd, Coquitlam, BC V3J 0K5, Canada",4.9,112,https://brightnestcleaning.ca/,real,https://maps.google.com/?cid=18375427331734404519&g_mp=Cidnb29nbGUubWFwcy5wbGFjZXMudjEuUGxhY2VzLlNlYXJjaFRleHQQAhgEIAA,yes,yes,https://brightnestcleaning.ca/,yes,,215,726,,31
Merry Maids of Vancouver,house cleaning service,Richmond BC,(604) 800-7485,"525 West 8th Avenue #800, Vancouver, BC V5Z 1C6, Canada",4.8,112,https://merrymaids.ca/home-cleaners-vancouver-bc?utm_source=google&utm_medium=organic&utm_campaign=gmb,real,https://maps.google.com/?cid=2269626345769354622&g_mp=Cidnb29nbGUubWFwcy5wbGFjZXMudjEuUGxhY2VzLlNlYXJjaFRleHQQAhgEIAA,yes,yes,https://merrymaids.ca/home-cleaners-vancouver-bc?utm_source=google&utm_medium=organic&utm_campaign=gmb,yes,2026,54,267,,31
Luxe Bros Cleaning,house cleaning service,Delta BC,(778) 652-5906,"4907 57a St, Delta, BC V4K 3G6, Canada",4.9,113,http://www.luxebroscleaning.com/,real,https://maps.google.com/?cid=8757004137168111598&g_mp=Cidnb29nbGUubWFwcy5wbGFjZXMudjEuUGxhY2VzLlNlYXJjaFRleHQQAhgEIAA,yes,yes,https://www.luxebroscleaning.com/,yes,,8,323,,31
Image Landscaping Inc,landscaping company,Langley BC,(604) 427-1747,"20283 56 Ave, Langley, BC V3A 3Y6, Canada",4.8,17,https://www.imageturf.ca/?utm_source=GMB&utm_medium=organic&utm_campaign=profile,real,https://maps.google.com/?cid=15346059068546298018&g_mp=Cidnb29nbGUubWFwcy5wbGFjZXMudjEuUGxhY2VzLlNlYXJjaFRleHQQAhgEIAA,yes,yes,https://www.imageturf.ca/?utm_source=GMB&utm_medium=organic&utm_campaign=profile,yes,,51,147,,31
Terraform Construction Ltd.,landscaping company,Richmond BC,(604) 279-6080,"12815 Clarke Pl Unit 150, Richmond, BC V6V 2H9, Canada",4.5,19,https://www.landscapingvancouverbc.com/,real,https://maps.google.com/?cid=8342180727920931283&g_mp=Cidnb29nbGUubWFwcy5wbGFjZXMudjEuUGxhY2VzLlNlYXJjaFRleHQQAhgEIAA,yes,yes,https://landscapingvancouverbc.com/,yes,2026,395,242,,31
Fast Wheels Auto Repair,auto repair shop,Burnaby BC,(236) 521-0730,"5544 Lane St, Burnaby, BC V5J 1E8, Canada",4.8,18,https://fastwheelsautorepair.ca/,real,https://maps.google.com/?cid=4995691069342126905&g_mp=Cidnb29nbGUubWFwcy5wbGFjZXMudjEuUGxhY2VzLlNlYXJjaFRleHQQAhgEIAA,yes,yes,https://fastwheelsautorepair.ca/,yes,2026,263,1898,,31
Big Time Motors,auto repair shop,Maple Ridge BC,(604) 710-5192,"20172 113b Ave #12, Maple Ridge, BC V2X 0Y9, Canada",4.7,15,http://www.bigtimemotors.ca/,real,https://maps.google.com/?cid=12355157848916517364&g_mp=Cidnb29nbGUubWFwcy5wbGFjZXMudjEuUGxhY2VzLlNlYXJjaFRleHQQAhgEIAA,yes,yes,https://bigtimemotors.ca/,yes,2026,134,287,,31
Life Maid Easy - North Surrey,house cleaning service,Surrey BC,(833) 247-6243,"14296 Gladstone Dr, Surrey, BC V3R 5R7, Canada",4.8,50,https://www.lifemaideasy.com/surrey-house-cleaning-and-maid-service/,real,https://maps.google.com/?cid=2471659610905695500&g_mp=Cidnb29nbGUubWFwcy5wbGFjZXMudjEuUGxhY2VzLlNlYXJjaFRleHQQAhgEIAA,yes,yes,https://www.lifemaideasy.com/about/surrey,yes,2024,75,516,stale_copyright_2024,30
Pacific Breeze Cleaning Ltd,house cleaning service,Surrey BC,(778) 891-1344,"17957 22 Ave, Surrey, BC V3Z 9V6, Canada",5,109,https://pacificbreezecleaning.com/,real,https://maps.google.com/?cid=2413814670858402355&g_mp=Cidnb29nbGUubWFwcy5wbGFjZXMudjEuUGxhY2VzLlNlYXJjaFRleHQQAhgEIAA,yes,yes,https://pacificbreezecleaning.com/,yes,,193,899,,30
Maid Fantastic,house cleaning service,Langley BC,(778) 769-4350,"3063 275a St Unit 5, Aldergrove, BC V4W 3L4, Canada",4.9,104,http://www.maidfantasticcleaning.ca/,real,https://maps.google.com/?cid=10951076701367071798&g_mp=Cidnb29nbGUubWFwcy5wbGFjZXMudjEuUGxhY2VzLlNlYXJjaFRleHQQAhgEIAA,yes,yes,https://maidfantasticcleaning.ca/,yes,2026,305,346,,30
Basil Green Clean Richmond,house cleaning service,Langley BC,(604) 907-1252,"9366 Tomicki Ave #217, Richmond, BC V6X 0N9, Canada",4.9,106,https://basilgreenclean.com/richmond-cleaning/,real,https://maps.google.com/?cid=13862784162262722237&g_mp=Cidnb29nbGUubWFwcy5wbGFjZXMudjEuUGxhY2VzLlNlYXJjaFRleHQQAhgEIAA,yes,yes,https://basilgreenclean.com/richmond-cleaning/,yes,,221,1669,,30
BalcoScrub,house cleaning service,Richmond BC,(604) 537-2017,"5766 Gilbert Rd., Richmond, BC V7C 0G2, Canada",5,101,https://www.balcoscrub.ca/,real,https://maps.google.com/?cid=9750203990591377844&g_mp=Cidnb29nbGUubWFwcy5wbGFjZXMudjEuUGxhY2VzLlNlYXJjaFRleHQQAhgEIAA,yes,yes,https://www.balcoscrub.ca/,yes,,581,621,,30
Hellamaid Cleaning Services Vancouver,house cleaning service,Richmond BC,(778) 657-6243,"1028 Barclay St Unit 1608, Vancouver, BC V6Z 1Y2, Canada",4.9,100,https://hellamaid.ca/vancouver-house-cleaning-maid-services/?utm_source=gmb,real,https://maps.google.com/?cid=9417160239693574709&g_mp=Cidnb29nbGUubWFwcy5wbGFjZXMudjEuUGxhY2VzLlNlYXJjaFRleHQQAhgEIAA,yes,yes,https://hellamaid.ca/vancouver-house-cleaning-maid-services/?utm_source=gmb,yes,,538,87,,30
Repeat Clean,house cleaning service,North Vancouver BC,(778) 652-6294,"925 Glenora Ave, North Vancouver, BC V7R 1M4, Canada",4.8,101,https://www.repeatcleaning.com/,real,https://maps.google.com/?cid=9161265868782513459&g_mp=Cidnb29nbGUubWFwcy5wbGFjZXMudjEuUGxhY2VzLlNlYXJjaFRleHQQAhgEIAA,yes,yes,https://repeatcleaning.com/,yes,,494,1459,,30
Bella Vita Cleaning Services,house cleaning service,Surrey BC,(778) 237-7082,"17440 64a Ave, Surrey, BC V3S 3K9, Canada",5,99,https://www.bellavitacleaningservices.com/,real,https://maps.google.com/?cid=16772653467557301900&g_mp=Cidnb29nbGUubWFwcy5wbGFjZXMudjEuUGxhY2VzLlNlYXJjaFRleHQQAhgEIAA,yes,yes,https://www.bellavitacleaningservices.com/,yes,,569,196,,29
Life Maid Easy - Burnaby and New Westminster,house cleaning service,Burnaby BC,(833) 247-6243,"4214 Maywood St #102, Burnaby, BC V5H 2J3, Canada",4.5,46,https://www.lifemaideasy.com/about/burnaby,real,https://maps.google.com/?cid=7399087922176153041&g_mp=Cidnb29nbGUubWFwcy5wbGFjZXMudjEuUGxhY2VzLlNlYXJjaFRleHQQAhgEIAA,yes,yes,https://www.lifemaideasy.com/about/burnaby,yes,2024,78,166,stale_copyright_2024,29
Amazing Maids,house cleaning service,Burnaby BC,(778) 737-0600,"5375 Victory St #108, Burnaby, BC V5J 1T2, Canada",5,40,https://www.amazingmaids.ca/,real,https://maps.google.com/?cid=17695684415566345936&g_mp=Cidnb29nbGUubWFwcy5wbGFjZXMudjEuUGxhY2VzLlNlYXJjaFRleHQQAhgEIAA,yes,yes,https://www.amazingmaids.ca/,yes,2024,30,442,stale_copyright_2024,29
Prestige Cleaning Services,house cleaning service,Coquitlam BC,(604) 670-4294,"2099 Lougheed Hwy, Port Coquitlam, BC V3B 1A8, Canada",4.6,94,https://cleaningwithprestige.ca/,real,https://maps.google.com/?cid=7038470609791428819&g_mp=Cidnb29nbGUubWFwcy5wbGFjZXMudjEuUGxhY2VzLlNlYXJjaFRleHQQAhgEIAA,yes,yes,https://cleaningwithprestige.ca/,yes,,186,2168,,29
Lower Maidland Cleaning Inc.,house cleaning service,Coquitlam BC,(604) 318-0059,"121 Shoreline Cir, Port Moody, BC V3H 5G2, Canada",4.9,40,http://www.lowermaidlandcleaning.com/,real,https://maps.google.com/?cid=627118202547294442&g_mp=Cidnb29nbGUubWFwcy5wbGFjZXMudjEuUGxhY2VzLlNlYXJjaFRleHQQAhgEIAA,yes,yes,https://www.lowermaidlandcleaning.com/,yes,,796,530,builder_wix,29
Molly Maid Richmond,house cleaning service,Richmond BC,(604) 330-3246,"11180 Coppersmith Pl #218, Richmond, BC V7A 5G8, Canada",4.6,91,http://www.mollymaid.ca/locations/bc/richmond/richmond/,real,https://maps.google.com/?cid=14805090325384020814&g_mp=Cidnb29nbGUubWFwcy5wbGFjZXMudjEuUGxhY2VzLlNlYXJjaFRleHQQAhgEIAA,yes,yes,https://mollymaid.ca/locations/bc/richmond/,yes,2026,196,854,,29
Bamoo Cleaning Service,house cleaning service,North Vancouver BC,(604) 259-2790,"351 Lynn Ave, North Vancouver, BC V7J 2C4, Canada",4.8,98,https://bamoocleaning.com/,real,https://maps.google.com/?cid=5776417518918315531&g_mp=Cidnb29nbGUubWFwcy5wbGFjZXMudjEuUGxhY2VzLlNlYXJjaFRleHQQAhgEIAA,yes,yes,https://bamoocleaning.com/,yes,,74,1938,,29
360 Cleaning Services ltd. - Surrey,house cleaning service,Surrey BC,(778) 230-1144,"8490 155a St, Surrey, BC V3S 6W3, Canada",4.9,34,https://www.360cleaningservices.ca/,real,https://maps.google.com/?cid=2816373410587963385&g_mp=Cidnb29nbGUubWFwcy5wbGFjZXMudjEuUGxhY2VzLlNlYXJjaFRleHQQAhgEIAA,yes,yes,https://www.360cleaningservices.ca/,yes,2023,183,2241,stale_copyright_2023,28
Life Maid Easy - Langley,house cleaning service,Langley BC,(833) 247-6243,"6959 192 St, Surrey, BC V4N 5W6, Canada",4.6,35,https://www.lifemaideasy.com/langley-house-cleaning-and-maid-service/,real,https://maps.google.com/?cid=14402016451011325262&g_mp=Cidnb29nbGUubWFwcy5wbGFjZXMudjEuUGxhY2VzLlNlYXJjaFRleHQQAhgEIAA,yes,yes,https://www.lifemaideasy.com/about/langley,yes,2024,68,490,stale_copyright_2024,28
Maidless Cleaning,house cleaning service,Langley BC,(604) 330-0311,"1520 Taylor Wy, West Vancouver, BC V7S 1N4, Canada",4.6,86,https://maidless.ca/,real,https://maps.google.com/?cid=4104835548824152179&g_mp=Cidnb29nbGUubWFwcy5wbGFjZXMudjEuUGxhY2VzLlNlYXJjaFRleHQQAhgEIAA,yes,yes,https://maidless.ca/,yes,,620,227,,28
Sweep Home Cleaning Services,house cleaning service,Burnaby BC,(778) 300-3299,"3665 Kingsway, Vancouver, BC V5R 5W2, Canada",4.9,83,https://sweepcleaners.ca/,real,https://maps.google.com/?cid=16167178314919712613&g_mp=Cidnb29nbGUubWFwcy5wbGFjZXMudjEuUGxhY2VzLlNlYXJjaFRleHQQAhgEIAA,yes,yes,https://www.sweepcleaners.ca/,yes,,805,919,,28
Basil Green Clean Surrey,house cleaning service,Surrey BC,(604) 907-1252,"6688 120 St #102, Surrey, BC V3W 1P5, Canada",4.9,74,https://basilgreenclean.com/surrey-cleaning/,real,https://maps.google.com/?cid=14442485029345376975&g_mp=Cidnb29nbGUubWFwcy5wbGFjZXMudjEuUGxhY2VzLlNlYXJjaFRleHQQAhgEIAA,yes,yes,https://basilgreenclean.com/surrey-cleaning/,yes,,235,2204,,27
6 Star Cleaning - Move in Move out Commercial & Residential Deep Cleaning Services Langley,house cleaning service,Langley BC,(778) 885-3583,"20586 51a Ave, Langley, BC V3A 7A5, Canada",4.9,77,http://www.6starcleaning.ca/,real,https://maps.google.com/?cid=8113365329617882411&g_mp=Cidnb29nbGUubWFwcy5wbGFjZXMudjEuUGxhY2VzLlNlYXJjaFRleHQQAhgEIAA,yes,yes,https://6starcleaning.ca/,yes,2026,162,1614,,27
Perfection Cleaning,house cleaning service,Coquitlam BC,(778) 945-8600,"1120 Austin Ave #205, Coquitlam, BC V3K 3P5, Canada",4.8,20,http://www.perfectioncleaningbc.com/,real,https://maps.google.com/?cid=705106710449055732&g_mp=Cidnb29nbGUubWFwcy5wbGFjZXMudjEuUGxhY2VzLlNlYXJjaFRleHQQAhgEIAA,yes,yes,https://www.perfectioncleaningbc.com/,yes,2008,23,442,stale_copyright_2008,27
Maid In The Shade,house cleaning service,Coquitlam BC,(778) 227-7212,"21868 Lougheed Hwy Unit 106, Maple Ridge, BC V2X 2S4, Canada",4.9,72,http://maidintheshade.ca/,real,https://maps.google.com/?cid=10984372210177159681&g_mp=Cidnb29nbGUubWFwcy5wbGFjZXMudjEuUGxhY2VzLlNlYXJjaFRleHQQAhgEIAA,yes,yes,https://maidintheshadecleaning.ca/,yes,2025,303,5470,,27
Easy Stay Cleaning Ltd.,house cleaning service,North Vancouver BC,(604) 338-2750,"328 18th St E, North Vancouver, BC V7L 2X9, Canada",4.8,25,https://easystaycleaning.ca/,real,https://maps.google.com/?cid=4004022495328520204&g_mp=Cidnb29nbGUubWFwcy5wbGFjZXMudjEuUGxhY2VzLlNlYXJjaFRleHQQAhgEIAA,dead,no,,no,,,,unreachable_ENOTFOUND,27
SteamiClean-Balcony cleaning experts,house cleaning service,North Vancouver BC,(604) 354-7894,"100 Esplanade Ave #511, North Vancouver, BC V7L 4V1, Canada",5,72,https://www.steamiclean.com/,real,https://maps.google.com/?cid=4579217269972987883&g_mp=Cidnb29nbGUubWFwcy5wbGFjZXMudjEuUGxhY2VzLlNlYXJjaFRleHQQAhgEIAA,yes,yes,https://www.steamiclean.com/,yes,2026,227,1556,,27
Metro Vancouver Cleaning,house cleaning service,North Vancouver BC,(236) 889-3046,"22 E Cordova St, Vancouver, BC V6A 1K2, Canada",5,75,https://mvancouvercleaning.com/,real,https://maps.google.com/?cid=5878903006781139423&g_mp=Cidnb29nbGUubWFwcy5wbGFjZXMudjEuUGxhY2VzLlNlYXJjaFRleHQQAhgEIAA,yes,yes,https://mvancouvercleaning.com/,yes,2025,374,705,,27
Cleaning Cops,house cleaning service,Langley BC,(672) 833-4567,"20506 48b Ave, Langley, BC V3A 5P2, Canada",5,62,http://cleaningcops.com/,real,https://maps.google.com/?cid=16553832754374780307&g_mp=Cidnb29nbGUubWFwcy5wbGFjZXMudjEuUGxhY2VzLlNlYXJjaFRleHQQAhgEIAA,yes,yes,https://cleaningcops.com/,yes,2025,199,274,,26
Hafash cleaning services,house cleaning service,Burnaby BC,(604) 318-0477,"8357 10th Ave, Burnaby, BC V3N 2S7, Canada",5,19,https://hafashcleaning.com/,real,https://maps.google.com/?cid=13207560337464533466&g_mp=Cidnb29nbGUubWFwcy5wbGFjZXMudjEuUGxhY2VzLlNlYXJjaFRleHQQAhgEIAA,dead,no,,no,,,,unreachable_ENOTFOUND,26
Castle Clean Home Services,house cleaning service,Delta BC,(604) 849-8849,"11899 74 Ave, Delta, BC V4C 1E9, Canada",4.6,63,http://www.castleclean.ca/,real,https://maps.google.com/?cid=11975645137019258317&g_mp=Cidnb29nbGUubWFwcy5wbGFjZXMudjEuUGxhY2VzLlNlYXJjaFRleHQQAhgEIAA,yes,yes,https://castleclean.ca/,yes,2026,140,376,,26
Greenline Cleaning,house cleaning service,North Vancouver BC,(236) 591-3051,"110 E Keith Rd #108, North Vancouver, BC V7L 4M9, Canada",5,19,https://www.greenlinecleaning.ca/,real,https://maps.google.com/?cid=15502122683947480210&g_mp=Cidnb29nbGUubWFwcy5wbGFjZXMudjEuUGxhY2VzLlNlYXJjaFRleHQQAhgEIAA,yes,yes,https://www.greenlinecleaning.ca/,yes,,908,1786,builder_wix,26
BritClean Vancouver,house cleaning service,North Vancouver BC,(604) 842-4554,"1591 Bowser Ave, North Vancouver, BC V7P 2Y4, Canada",4.6,60,https://www.britclean.ca/,real,https://maps.google.com/?cid=3234630373447522143&g_mp=Cidnb29nbGUubWFwcy5wbGFjZXMudjEuUGxhY2VzLlNlYXJjaFRleHQQAhgEIAA,yes,yes,https://www.britclean.ca/,yes,,990,525,,26
CleanCa cleaning services - Book your consultation call https://calendar.app.google/hMGiYvdL1h7qkjJH7,house cleaning service,North Vancouver BC,(778) 987-9201,"288 E Hastings St, Vancouver, BC V6A 0H7, Canada",4.9,64,http://www.cleancaservices.com/,real,https://maps.google.com/?cid=101774092217782343&g_mp=Cidnb29nbGUubWFwcy5wbGFjZXMudjEuUGxhY2VzLlNlYXJjaFRleHQQAhgEIAA,yes,yes,https://cleancaservices.com/,yes,,181,998,,26
Aspenclean,house cleaning service,North Vancouver BC,(855) 925-9900,"2455 Dollarton Hwy #103, North Vancouver, BC V7H 0A2, Canada",4.9,65,https://aspenclean.com/en-ca/pages/north-vancouver-house-cleaning-maid-services,real,https://maps.google.com/?cid=10194374675223338395&g_mp=Cidnb29nbGUubWFwcy5wbGFjZXMudjEuUGxhY2VzLlNlYXJjaFRleHQQAhgEIAA,yes,yes,https://aspenclean.com/en-ca/pages/north-vancouver-house-cleaning-maid-services,yes,2026,267,446,,26
Crystal Clean Dream Team,house cleaning service,Surrey BC,(604) 771-4739,"18818 71 Ave, Surrey, BC V3B 0S3, Canada",5,53,http://www.crystalcleandreamteam.com/,real,https://maps.google.com/?cid=3683353682316418811&g_mp=Cidnb29nbGUubWFwcy5wbGFjZXMudjEuUGxhY2VzLlNlYXJjaFRleHQQAhgEIAA,yes,yes,https://crystalcleandreamteam.com/,yes,2026,334,4509,,25
Urban Maids ️,house cleaning service,Surrey BC,(604) 795-0899,"14083 110 Ave, Surrey, BC V3R 1Z3, Canada",4.2,56,https://urbanmaidscleaning.ca/,real,https://maps.google.com/?cid=4549313208884506934&g_mp=Cidnb29nbGUubWFwcy5wbGFjZXMudjEuUGxhY2VzLlNlYXJjaFRleHQQAhgEIAA,yes,yes,https://casaterracleaning.ca/,yes,,129,742,,25
Pixel Cleaners,house cleaning service,Coquitlam BC,(778) 655-4360,"2979 Wickham Dr, Coquitlam, BC V3C 4N5, Canada",4.8,58,https://pixelcleaners.com/,real,https://maps.google.com/?cid=9207131582662467434&g_mp=Cidnb29nbGUubWFwcy5wbGFjZXMudjEuUGxhY2VzLlNlYXJjaFRleHQQAhgEIAA,yes,yes,https://pixelcleaners.com/new-booking/,yes,2026,210,929,,25
Maid Brigade of Metro Vancouver,house cleaning service,Delta BC,(604) 596-3936,"6345 120 St #115b, Delta, BC V4E 2A6, Canada",4.8,51,http://metro-vancouver.maidbrigade.com/,real,https://maps.google.com/?cid=7730222774025087035&g_mp=Cidnb29nbGUubWFwcy5wbGFjZXMudjEuUGxhY2VzLlNlYXJjaFRleHQQAhgEIAA,yes,yes,https://metro-vancouver.maidbrigade.com/,yes,,424,796,,25
Eco Wave Cleaning & Maintenance,house cleaning service,North Vancouver BC,(604) 618-4776,"308 Forbes Ave, North Vancouver, BC V7M 3E6, Canada",5,54,https://ecowavecleaning.ca/,real,https://maps.google.com/?cid=5772265225138498687&g_mp=Cidnb29nbGUubWFwcy5wbGFjZXMudjEuUGxhY2VzLlNlYXJjaFRleHQQAhgEIAA,yes,yes,https://ecowavecleaning.ca/,yes,2026,188,623,,25
Fabulous Maid Cleaning Services,house cleaning service,North Vancouver BC,(778) 636-4427,"3901 Braemar Pl, North Vancouver, BC V7N 4M8, Canada",4.8,50,https://fabulousmaidcleaning.ca/,real,https://maps.google.com/?cid=8954320077160129054&g_mp=Cidnb29nbGUubWFwcy5wbGFjZXMudjEuUGxhY2VzLlNlYXJjaFRleHQQAhgEIAA,yes,yes,https://fabulousmaidcleaning.ca/,yes,,1,329,,25
Thunder Clean Ltd.,house cleaning service,North Vancouver BC,(236) 880-3417,"328 Seymour River Pl, North Vancouver, BC V7H 1S7, Canada",4.9,50,http://www.thunderclean.ca/,real,https://maps.google.com/?cid=10194674440421821389&g_mp=Cidnb29nbGUubWFwcy5wbGFjZXMudjEuUGxhY2VzLlNlYXJjaFRleHQQAhgEIAA,yes,yes,https://thunderclean.ca/,yes,,53,976,,25
Mint Sanitary,house cleaning service,North Vancouver BC,(236) 688-3248,"1106 E 3rd St, North Vancouver, BC V7H1B8, Canada",5,50,https://mintsanitary.com/,real,https://maps.google.com/?cid=2686093402119202920&g_mp=Cidnb29nbGUubWFwcy5wbGFjZXMudjEuUGxhY2VzLlNlYXJjaFRleHQQAhgEIAA,yes,yes,https://www.mintsanitary.com/,yes,,81,661,,25
Dazzlepros,house cleaning service,North Vancouver BC,(604) 339-4950,"2008 Fullerton Ave, North Vancouver, BC V7P 3G7, Canada",4.9,50,https://dazzlepros.ca/,real,https://maps.google.com/?cid=9530432157549518976&g_mp=Cidnb29nbGUubWFwcy5wbGFjZXMudjEuUGxhY2VzLlNlYXJjaFRleHQQAhgEIAA,yes,yes,https://dazzlepros.ca/,yes,,588,252,,25
Bubbles Cleaning Vancouver Inc,house cleaning service,North Vancouver BC,(604) 757-4786,"2040 York Ave, Vancouver, BC V6J 1E7, Canada",5,51,http://www.bubblescleaningvancouver.com/,real,https://maps.google.com/?cid=604258335314260993&g_mp=Cidnb29nbGUubWFwcy5wbGFjZXMudjEuUGxhY2VzLlNlYXJjaFRleHQQAhgEIAA,yes,yes,https://www.bubblescleaningvancouver.com/,yes,,448,723,,25
Jamie's Profile Cleaning Inc.,house cleaning service,Maple Ridge BC,(778) 320-3751,"12251 272 St, Maple Ridge, BC V2W 1C2, Canada",4.9,58,http://profileclean.com/,real,https://maps.google.com/?cid=13739677748377991672&g_mp=Cidnb29nbGUubWFwcy5wbGFjZXMudjEuUGxhY2VzLlNlYXJjaFRleHQQAhgEIAA,yes,yes,https://profileclean.com/,yes,,22,477,,25
Crystal Clear Home Services LTD,house cleaning service,Surrey BC,(604) 375-8637,"86 120 St #11787, Delta, BC V4C 2X5, Canada",4.9,44,https://www.crystalclearservice.ca/,real,https://maps.google.com/?cid=10773972243803881362&g_mp=Cidnb29nbGUubWFwcy5wbGFjZXMudjEuUGxhY2VzLlNlYXJjaFRleHQQAhgEIAA,yes,yes,https://crystalclearservice.ca/,yes,,4,1037,,24
Crystal Clear Cleans,house cleaning service,Burnaby BC,(778) 838-1246,"6888 Station Hill Dr, Burnaby, BC V3N 4X5, Canada",4.6,43,https://crystalclearcleans.ca/,real,https://maps.google.com/?cid=1650669255307428425&g_mp=Cidnb29nbGUubWFwcy5wbGFjZXMudjEuUGxhY2VzLlNlYXJjaFRleHQQAhgEIAA,yes,yes,https://crystalclearcleans.ca/,yes,,325,691,,24
iCleana Cleaning,house cleaning service,Richmond BC,(778) 652-8610,"8080 Cambie Rd., Richmond, BC V6X 0C1, Canada",4.9,43,http://icleana.com/,real,https://maps.google.com/?cid=12010455690979226175&g_mp=Cidnb29nbGUubWFwcy5wbGFjZXMudjEuUGxhY2VzLlNlYXJjaFRleHQQAhgEIAA,yes,yes,https://www.icleana.com/,yes,,25,703,,24
Malinix Cleaning Services Group Corporation,house cleaning service,Richmond BC,(778) 320-1636,"13888 Wireless Way #305, Richmond, BC V6V 0A3, Canada",4.9,45,https://malinix.ca/,real,https://maps.google.com/?cid=9868531211754132353&g_mp=Cidnb29nbGUubWFwcy5wbGFjZXMudjEuUGxhY2VzLlNlYXJjaFRleHQQAhgEIAA,yes,yes,https://malinix.ca/,yes,,7,385,,24
A Woman's Touch Housecleaning,house cleaning service,North Vancouver BC,(604) 980-2310,"1130 W 14th St, North Vancouver, BC V7P 1J8, Canada",4.4,44,https://www.womanstouchcleaning.com/,real,https://maps.google.com/?cid=15194272548318746107&g_mp=Cidnb29nbGUubWFwcy5wbGFjZXMudjEuUGxhY2VzLlNlYXJjaFRleHQQAhgEIAA,yes,yes,https://womanstouchcleaning.com/,yes,2026,86,2067,,24
Double Clean Inc.,house cleaning service,North Vancouver BC,(778) 868-9144,"997 Seymour St #250, Vancouver, BC V6B 3M1, Canada",4.9,48,https://www.doubleclean.ca/commercial-cleaning-and-janitorial-services-vancouver/,real,https://maps.google.com/?cid=7885350246594745413&g_mp=Cidnb29nbGUubWFwcy5wbGFjZXMudjEuUGxhY2VzLlNlYXJjaFRleHQQAhgEIAA,http_404,yes,https://www.doubleclean.ca/commercial-cleaning-and-janitorial-services-vancouver/,yes,2025,57,847,,24
Finesse Cleaning Services Surrey,house cleaning service,Surrey BC,(604) 337-1272,"13387 103A Ave, Surrey, BC V3T 1S6, Canada",4.9,36,https://www.surreycleaningservices.ca/,real,https://maps.google.com/?cid=17560146857708334393&g_mp=Cidnb29nbGUubWFwcy5wbGFjZXMudjEuUGxhY2VzLlNlYXJjaFRleHQQAhgEIAA,yes,yes,https://www.surreycleaningservices.ca/,yes,,165,268,,23
"Sparkling Clean House Cleaning of Surrey, Cloverdale, Langley, White Rock, South Surrey, & Aldergrove",house cleaning service,Langley BC,(604) 574-0038,"17918 55 Ave Ste 2, Surrey, BC V3S 6C8, Canada",4.6,35,https://www.sparklingcleanbc.ca/,real,https://maps.google.com/?cid=11314596534982933620&g_mp=Cidnb29nbGUubWFwcy5wbGFjZXMudjEuUGxhY2VzLlNlYXJjaFRleHQQAhgEIAA,yes,yes,https://sparklingcleanbc.ca/,yes,2026,154,3788,,23
House Clean CA,house cleaning service,Richmond BC,(672) 338-1579,"7878 Westminster Hwy, Richmond, BC V6X 4A2, Canada",5,31,https://house-clean.ca/,real,https://maps.google.com/?cid=8857157636297458304&g_mp=Cidnb29nbGUubWFwcy5wbGFjZXMudjEuUGxhY2VzLlNlYXJjaFRleHQQAhgEIAA,yes,yes,https://house-clean.ca/,yes,2025,89,182,,23
13SB Cleaning Services Delta/Surrey/Vancouver,house cleaning service,Delta BC,(604) 377-8714,"7659 115 St, Delta, BC V4C 5N1, Canada",4.9,31,https://www.13sbcleaning.ca/,real,https://maps.google.com/?cid=16982362154534995206&g_mp=Cidnb29nbGUubWFwcy5wbGFjZXMudjEuUGxhY2VzLlNlYXJjaFRleHQQAhgEIAA,yes,yes,https://www.13sbcleaning.ca/,yes,2025,309,3042,,23
Sal's Exterior & Interior Cleaning,house cleaning service,Maple Ridge BC,(604) 780-9099,"12310 222 St, Maple Ridge, BC V2X 5W7, Canada",5,32,https://www.salexteriors.ca/,real,https://maps.google.com/?cid=16335720831135968812&g_mp=Cidnb29nbGUubWFwcy5wbGFjZXMudjEuUGxhY2VzLlNlYXJjaFRleHQQAhgEIAA,yes,yes,https://salexteriors.ca/,yes,2026,225,1662,,23
hubcleaning,house cleaning service,North Vancouver BC,(236) 866-1071,"2590 Lonsdale Ave, North Vancouver, BC V7N 3G8, Canada",5,37,https://hubcleaning.ca/,real,https://maps.google.com/?cid=8564262875742249822&g_mp=Cidnb29nbGUubWFwcy5wbGFjZXMudjEuUGxhY2VzLlNlYXJjaFRleHQQAhgEIAA,yes,yes,https://hubcleaning.ca/,yes,2026,212,117,,23
MELISSA O.J CLEANING SERVICE LTD.,house cleaning service,North Vancouver BC,(778) 682-7396,"882 E 14th St, North Vancouver, BC V7L 2S6, Canada",4.6,30,https://melissaojcleaningservice.com/,real,https://maps.google.com/?cid=15579100238802687388&g_mp=Cidnb29nbGUubWFwcy5wbGFjZXMudjEuUGxhY2VzLlNlYXJjaFRleHQQAhgEIAA,yes,yes,https://melissaojcleaningservice.com/,yes,2025,145,155,,23
Hellamaid Cleaning Services Surrey,house cleaning service,Surrey BC,(778) 657-6243,"8927 152 St, Surrey, BC V3R 4E5, Canada",5,20,https://hellamaid.ca/cleaning-services-surrey/?utm_source=gmb,real,https://maps.google.com/?cid=6310554248175257898&g_mp=Cidnb29nbGUubWFwcy5wbGFjZXMudjEuUGxhY2VzLlNlYXJjaFRleHQQAhgEIAA,yes,yes,https://hellamaid.ca/cleaning-services-surrey/?utm_source=gmb,yes,,492,279,,22
WellCleaned Cleaning Services,house cleaning service,Langley BC,,"20461 Douglas Cres #2W, Langley, BC V3A 4B6, Canada",4.8,23,https://wellcleaned.ca/,real,https://maps.google.com/?cid=11336107318149305811&g_mp=Cidnb29nbGUubWFwcy5wbGFjZXMudjEuUGxhY2VzLlNlYXJjaFRleHQQAhgEIAA,yes,yes,https://wellcleaned.ca/,yes,,1372,792,,22
Cleanly Ever After,house cleaning service,Coquitlam BC,(778) 320-1530,"1150 Johnson St, Coquitlam, BC V3B 7G1, Canada",5,23,http://www.cleanlyeverafter.ca/,real,https://maps.google.com/?cid=17640409892218345102&g_mp=Cidnb29nbGUubWFwcy5wbGFjZXMudjEuUGxhY2VzLlNlYXJjaFRleHQQAhgEIAA,yes,yes,https://cleanlyeverafter.ca/,yes,,147,320,,22
Ultra Magic Cleaning Services,house cleaning service,Coquitlam BC,(604) 618-4113,"2980 Blackbear Ct, Coquitlam, BC V3E 3A2, Canada",5,23,https://www.ultramagic.ca/,real,https://maps.google.com/?cid=8150963807909419594&g_mp=Cidnb29nbGUubWFwcy5wbGFjZXMudjEuUGxhY2VzLlNlYXJjaFRleHQQAhgEIAA,yes,yes,https://ultramagic.ca/,yes,2026,229,1259,,22
Thunder Clean Ltd,house cleaning service,Coquitlam BC,(236) 880-3417,"250 Schoolhouse St #107, Coquitlam, BC V3K 4Y1, Canada",5,26,https://www.thunderclean.ca/,real,https://maps.google.com/?cid=13253724284852633286&g_mp=Cidnb29nbGUubWFwcy5wbGFjZXMudjEuUGxhY2VzLlNlYXJjaFRleHQQAhgEIAA,yes,yes,https://thunderclean.ca/,yes,,53,979,,22
Man Up Services Inc.,house cleaning service,Maple Ridge BC,(877) 936-2687,"20170 Stewart Crescent, Maple Ridge, BC V2X 0T4, Canada",5,23,http://manupservices.ca/,real,https://maps.google.com/?cid=11962467014724628548&g_mp=Cidnb29nbGUubWFwcy5wbGFjZXMudjEuUGxhY2VzLlNlYXJjaFRleHQQAhgEIAA,yes,yes,https://manupservices.ca/,yes,2026,18,1759,,22
Sparkle Team Home Cleaning Services,house cleaning service,Maple Ridge BC,(604) 786-3466,"20288 113b Ave #6059, Maple Ridge, BC V2X 0Y9, Canada",4.4,21,http://www.sparkleteam.ca/,real,https://maps.google.com/?cid=7630699784895463832&g_mp=Cidnb29nbGUubWFwcy5wbGFjZXMudjEuUGxhY2VzLlNlYXJjaFRleHQQAhgEIAA,yes,yes,https://sparkleteam.ca/,yes,,423,4681,,22
Ars Pro Clean,house cleaning service,North Vancouver BC,(778) 710-0040,"1632 Lions Gate Ln, North Vancouver, BC V6G 3H7, Canada",5,27,http://arsproclean.com/,real,https://maps.google.com/?cid=8108669617681937140&g_mp=Cidnb29nbGUubWFwcy5wbGFjZXMudjEuUGxhY2VzLlNlYXJjaFRleHQQAhgEIAA,yes,yes,https://arsproclean.com/,yes,,124,1618,,22
"Aurea Cleaners - Local, Reliable Home Cleaning in Vancouver and Burnaby",house cleaning service,North Vancouver BC,,"1036 E 14th Ave, Vancouver, BC V5T 2N9, Canada",4.9,21,https://aureacleaners.ca/,real,https://maps.google.com/?cid=17382580447816189665&g_mp=Cidnb29nbGUubWFwcy5wbGFjZXMudjEuUGxhY2VzLlNlYXJjaFRleHQQAhgEIAA,yes,yes,https://aureacleaners.ca/,yes,,5,293,,22
Eminent Facility Services,house cleaning service,Surrey BC,(778) 952-1469,"13618 100 Ave, Surrey, BC V3T 0A8, Canada",5,25,https://www.eminentfacilityservices.com/,real,https://maps.google.com/?cid=5747611872953011408&g_mp=Cidnb29nbGUubWFwcy5wbGFjZXMudjEuUGxhY2VzLlNlYXJjaFRleHQQAhgEIAA,yes,yes,https://www.eminentfacilityservices.com/,yes,2026,38,391,,22
Maple North Building Care,house cleaning service,Burnaby BC,(236) 985-8777,"5415 Forest St, Burnaby, BC V5G 1X3, Canada",5,16,https://maplenorthbuildingcare.com/,real,https://maps.google.com/?cid=12188801243244445193&g_mp=Cidnb29nbGUubWFwcy5wbGFjZXMudjEuUGxhY2VzLlNlYXJjaFRleHQQAhgEIAA,yes,yes,https://maplenorthbuildingcare.com/,yes,2026,35,1600,,21
Nice Cleaning,house cleaning service,Burnaby BC,(778) 488-8711,"6060 Silver Dr Unit 300, Burnaby, BC V5H 2Y3, Canada",5,16,https://getnice.ca/,real,https://maps.google.com/?cid=867340628134458009&g_mp=Cidnb29nbGUubWFwcy5wbGFjZXMudjEuUGxhY2VzLlNlYXJjaFRleHQQAhgEIAA,yes,yes,https://www.getnice.ca/,yes,,29,851,,21
Save On Clean,house cleaning service,Coquitlam BC,(672) 894-2091,"18975 Ford Rd, Pitt Meadows, BC V3Y 1X1, Canada",4.5,18,https://www.saveonclean.com/,real,https://maps.google.com/?cid=5193409709347146165&g_mp=Cidnb29nbGUubWFwcy5wbGFjZXMudjEuUGxhY2VzLlNlYXJjaFRleHQQAhgEIAA,yes,yes,https://www.saveonclean.com/,yes,,27,490,,21
Sunshine Valley Cleaning Ltd.,house cleaning service,Maple Ridge BC,(604) 518-5409,"10279 243a St, Maple Ridge, BC V2W 1Y3, Canada",5,18,https://www.svcleaning.ca/,real,https://maps.google.com/?cid=9710865200183303791&g_mp=Cidnb29nbGUubWFwcy5wbGFjZXMudjEuUGxhY2VzLlNlYXJjaFRleHQQAhgEIAA,yes,yes,https://svcleaning.ca/,yes,,9,4237,,21
Loonie Cleaning Services,house cleaning service,Surrey BC,(437) 983-5842,"13883 Laurel Dr, Surrey, BC V3T 1A8, Canada",5,18,https://looniecleaning.ca/,real,https://maps.google.com/?cid=13367633357032368293&g_mp=Cidnb29nbGUubWFwcy5wbGFjZXMudjEuUGxhY2VzLlNlYXJjaFRleHQQAhgEIAA,yes,yes,https://looniecleaning.ca/,yes,2026,57,103,,21
Reclaim Home Services INC,house cleaning service,Burnaby BC,(236) 200-0793,"4730 Lougheed Hwy, Burnaby, BC V5C 0M9, Canada",5,18,https://getreclaim.ca/,real,https://maps.google.com/?cid=10180273536469477779&g_mp=Cidnb29nbGUubWFwcy5wbGFjZXMudjEuUGxhY2VzLlNlYXJjaFRleHQQAhgEIAA,yes,yes,https://www.getreclaim.ca/,yes,,102,555,,21
